ID,ak,mode,hour,budget
10_2984,275,car,17,60
10_2993,435,car,17,60
10_2998,3792,car,17,60
10_3039,2493,car,17,60
10_3060,1339,car,17,60
10_3075,853,car,17,60
10_3076,952,car,17,60
10_3098,22,car,17,60
10_3133,2024,car,17,60
12_3192,613,car,17,60
12_3197,9,car,17,60
12_3229,3816,car,17,60
12_3241,417,car,17,60
12_3246,3604,car,17,60
12_3259,321,car,17,60
12_3261,2886,car,17,60
12_3266,1164,car,17,60
12_3278,1909,car,17,60
12_3302,1810,car,17,60
12_3304,850,car,17,60
12_3307,15359,car,17,60
12_3314,126,car,17,60
12_3361,8,car,17,60
12_3380,1395,car,17,60
12_3389,150,car,17,60
12_3397,10058,car,17,60
13_3401,362,car,17,60
13_3426,805,car,17,60
13_3465,144,car,17,60
13_3532,324,car,17,60
13_3544,3683,car,17,60
13_3553,210,car,17,60
13_3580,5286,car,17,60
13_3586,1013,car,17,60
13_3588,3137,car,17,60
14_3699,6174,car,17,60
14_3710,5919,car,17,60
14_3725,557,car,17,60
16_3777,828,car,17,60
16_3866,1974,car,17,60
16_3909,4020,car,17,60
16_3932,6882,car,17,60
16_3991,106,car,17,60
16_4013,3946,car,17,60
16_4014,1067,car,17,60
16_4047,390,car,17,60
16_4103,83,car,17,60
16_4105,601,car,17,60
16_4116,17996,car,17,60
2_1834,3725,car,17,60
2_1838,6979,car,17,60
2_1847,736,car,17,60
2_1870,2374,car,17,60
2_1894,443,car,17,60
2_1922,621,car,17,60
2_1944,2175,car,17,60
2_1986,1189,car,17,60
2_1996,79,car,17,60
3_2023,409,car,17,60
3_2024,4840,car,17,60
3_2030,260,car,17,60
3_2037,977,car,17,60
3_2044,1413,car,17,60
3_2045,2265,car,17,60
3_2047,1298,car,17,60
3_2048,1921,car,17,60
3_2067,32,car,17,60
3_2075,2190,car,17,60
3_2086,169,car,17,60
3_2088,4486,car,17,60
3_2090,2079,car,17,60
3_2113,1163,car,17,60
3_2130,297,car,17,60
3_2134,811,car,17,60
3_2157,843,car,17,60
3_2158,2565,car,17,60
3_2164,5634,car,17,60
3_2179,1204,car,17,60
3_2183,742,car,17,60
3_2200,1226,car,17,60
3_2210,90,car,17,60
3_2217,488,car,17,60
3_2219,3,car,17,60
3_2220,429,car,17,60
42_0001,275,car,17,60
42_0083,127,car,17,60
42_0087,130,car,17,60
42_0096,632,car,17,60
42_0102,1204,car,17,60
42_0114,305,car,17,60
42_0120,23,car,17,60
42_0145,505,car,17,60
42_0155,259,car,17,60
42_0165,566,car,17,60
42_0168,2786,car,17,60
42_0175,35,car,17,60
42_0182,178,car,17,60
42_0191,36,car,17,60
42_0210,1049,car,17,60
42_0226,102,car,17,60
42_0277,15876,car,17,60
42_0278,4216,car,17,60
42_0279,426,car,17,60
42_0338,7883,car,17,60
42_0365,1358,car,17,60
42_0389,149,car,17,60
42_0390,704,car,17,60
42_0391,92,car,17,60
42_0399,1220,car,17,60
42_0418,76,car,17,60
42_0471,959,car,17,60
42_0478,72,car,17,60
42_0490,166,car,17,60
42_0498,23,car,17,60
42_0522,440,car,17,60
42_0538,7816,car,17,60
42_0550,467,car,17,60
42_0555,16836,car,17,60
42_0578,875,car,17,60
42_0582,1292,car,17,60
45_600,87,car,17,60
45_645,1417,car,17,60
45_665,216,car,17,60
45_679,4119,car,17,60
45_687,15438,car,17,60
45_696,870,car,17,60
45_742,4248,car,17,60
46_0788,140,car,17,60
46_0859,2693,car,17,60
46_0866,1975,car,17,60
46_0873,7,car,17,60
46_0894,215,car,17,60
46_0901,611,car,17,60
46_0921,158,car,17,60
46_0926,4440,car,17,60
46_0928,611,car,17,60
46_0932,18,car,17,60
46_0935,143,car,17,60
46_0958,2552,car,17,60
46_0974,21,car,17,60
46_0975,126,car,17,60
47_1014,510,car,17,60
47_1025,46,car,17,60
47_1040,168,car,17,60
47_1051,571,car,17,60
47_1062,631,car,17,60
47_1077,642,car,17,60
47_1090,649,car,17,60
47_1141,330,car,17,60
48_1244,80,car,17,60
48_1298,261,car,17,60
48_1299,725,car,17,60
48_1302,3402,car,17,60
48_1304,7537,car,17,60
48_1366,2814,car,17,60
48_1367,721,car,17,60
48_1374,8,car,17,60
49_1390,3553,car,17,60
49_1400,463,car,17,60
49_1411,103,car,17,60
49_1421,7455,car,17,60
49_1434,1909,car,17,60
49_1437,3785,car,17,60
49_1444,512,car,17,60
49_1459,153,car,17,60
49_1485,5,car,17,60
49_1507,2973,car,17,60
49_1529,75,car,17,60
49_1531,963,car,17,60
49_1537,21,car,17,60
49_1538,1770,car,17,60
49_1554,117,car,17,60
4_2242,678,car,17,60
4_2243,608,car,17,60
4_2248,980,car,17,60
4_2251,1240,car,17,60
4_2253,5255,car,17,60
4_2276,186,car,17,60
4_2293,1781,car,17,60
4_2296,1082,car,17,60
4_2298,1044,car,17,60
4_2299,325,car,17,60
4_2312,135,car,17,60
4_2315,941,car,17,60
4_2328,17,car,17,60
4_2332,18322,car,17,60
4_2334,3450,car,17,60
4_2339,5413,car,17,60
4_2349,1616,car,17,60
4_2350,191,car,17,60
4_2364,302,car,17,60
4_2369,9844,car,17,60
4_2373,877,car,17,60
4_2393,485,car,17,60
4_2404,234,car,17,60
4_2410,398,car,17,60
50_1591,16630,car,17,60
50_1594,7,car,17,60
50_1597,75,car,17,60
50_1624,3162,car,17,60
50_1631,3782,car,17,60
50_1641,4269,car,17,60
50_1643,456,car,17,60
50_1649,808,car,17,60
50_1663,143,car,17,60
50_1670,7462,car,17,60
50_1690,27,car,17,60
50_1704,386,car,17,60
50_1724,226,car,17,60
50_1742,8,car,17,60
50_1773,90,car,17,60
5_2443,4360,car,17,60
5_2450,432,car,17,60
5_2457,22424,car,17,60
5_2459,2233,car,17,60
5_2462,135,car,17,60
5_2476,678,car,17,60
5_2493,5858,car,17,60
5_2504,1774,car,17,60
5_2506,433,car,17,60
5_2507,382,car,17,60
5_2508,1,car,17,60
5_2514,1196,car,17,60
5_2528,1017,car,17,60
5_2549,4060,car,17,60
5_2550,230,car,17,60
5_2551,28,car,17,60
5_2576,631,car,17,60
5_2580,417,car,17,60
6_2613,167,car,17,60
6_2617,1545,car,17,60
6_2635,2018,car,17,60
6_2639,107,car,17,60
6_2665,523,car,17,60
6_2667,1616,car,17,60
6_2697,10135,car,17,60
6_2698,683,car,17,60
6_2701,1188,car,17,60
6_2721,91,car,17,60
6_2731,305,car,17,60
6_2735,2156,car,17,60
6_2738,3,car,17,60
6_2750,1856,car,17,60
6_2752,25,car,17,60
6_2766,5,car,17,60
6_2775,1209,car,17,60
6_2785,3024,car,17,60
7_2803,16,car,17,60
7_2812,4845,car,17,60
7_2825,15,car,17,60
7_2831,108,car,17,60
7_2834,860,car,17,60
7_2854,5676,car,17,60
7_2877,792,car,17,60
7_2908,4,car,17,60
7_2913,153,car,17,60
7_2916,139,car,17,60
7_2923,665,car,17,60
7_2933,32,car,17,60
7_2941,804,car,17,60
7_2965,1896,car,17,60
7_2972,565,car,17,60
49_1393,0,car,17,60
42_0590,0,car,17,60
46_0806,0,car,17,60
48_1203,0,car,17,60
42_0591,0,car,17,60
42_0566,0,car,17,60
12_3379,0,car,17,60
42_0462,0,car,17,60
2_1952,0,car,17,60
5_2575,0,car,17,60
7_2870,0,car,17,60
2_1908,0,car,17,60
12_3238,0,car,17,60
10_3154,0,car,17,60
13_3581,0,car,17,60
6_2610,0,car,17,60
42_0109,0,car,17,60
42_0416,0,car,17,60
47_1037,0,car,17,60
45_619,0,car,17,60
2_1791,0,car,17,60
6_2777,0,car,17,60
10_3187,0,car,17,60
5_2511,0,car,17,60
12_3280,0,car,17,60
46_0996,0,car,17,60
4_2287,0,car,17,60
6_2753,0,car,17,60
42_0127,0,car,17,60
42_0361,0,car,17,60
50_1698,0,car,17,60
4_2305,0,car,17,60
42_0202,0,car,17,60
5_2427,0,car,17,60
2_1990,0,car,17,60
16_4058,0,car,17,60
16_4076,0,car,17,60
42_0558,0,car,17,60
2_1886,0,car,17,60
16_3838,0,car,17,60
13_3444,0,car,17,60
12_3245,0,car,17,60
42_0325,0,car,17,60
48_1217,0,car,17,60
42_0149,0,car,17,60
14_3655,0,car,17,60
7_2889,0,car,17,60
16_3950,0,car,17,60
49_1476,0,car,17,60
3_2032,0,car,17,60
42_0206,0,car,17,60
7_2875,0,car,17,60
12_3320,0,car,17,60
47_1049,0,car,17,60
49_1406,0,car,17,60
49_1583,0,car,17,60
13_3566,0,car,17,60
46_0823,0,car,17,60
4_2267,0,car,17,60
45_620,0,car,17,60
46_0963,0,car,17,60
4_2237,0,car,17,60
6_2680,0,car,17,60
5_2437,0,car,17,60
3_2189,0,car,17,60
47_1140,0,car,17,60
2_1876,0,car,17,60
42_0334,0,car,17,60
42_0510,0,car,17,60
13_3428,0,car,17,60
12_3254,0,car,17,60
5_2479,0,car,17,60
12_3369,0,car,17,60
2_1991,0,car,17,60
45_750,0,car,17,60
3_2126,0,car,17,60
47_1046,0,car,17,60
48_1309,0,car,17,60
49_1517,0,car,17,60
46_0992,0,car,17,60
4_2365,0,car,17,60
6_2611,0,car,17,60
4_2335,0,car,17,60
2_1878,0,car,17,60
5_2574,0,car,17,60
42_0232,0,car,17,60
12_3220,0,car,17,60
4_2265,0,car,17,60
42_0394,0,car,17,60
4_2353,0,car,17,60
5_2593,0,car,17,60
13_3436,0,car,17,60
4_2235,0,car,17,60
5_2475,0,car,17,60
10_3166,0,car,17,60
48_1214,0,car,17,60
46_0886,0,car,17,60
46_0802,0,car,17,60
46_0993,0,car,17,60
10_3022,0,car,17,60
7_2975,0,car,17,60
5_2469,0,car,17,60
16_3972,0,car,17,60
42_0310,0,car,17,60
4_2238,0,car,17,60
7_2880,0,car,17,60
47_1183,0,car,17,60
45_655,0,car,17,60
2_1866,0,car,17,60
16_4068,0,car,17,60
45_737,0,car,17,60
6_2661,0,car,17,60
10_3006,0,car,17,60
42_0091,0,car,17,60
5_2505,0,car,17,60
16_3948,0,car,17,60
42_0186,0,car,17,60
3_2095,0,car,17,60
10_3167,0,car,17,60
6_2709,0,car,17,60
5_2520,0,car,17,60
48_1205,0,car,17,60
49_1511,0,car,17,60
4_2280,0,car,17,60
50_1667,0,car,17,60
12_3193,0,car,17,60
47_1167,0,car,17,60
47_1104,0,car,17,60
5_2455,0,car,17,60
3_2188,0,car,17,60
6_2756,0,car,17,60
4_2246,0,car,17,60
2_1811,0,car,17,60
42_0124,0,car,17,60
7_2919,0,car,17,60
50_1665,0,car,17,60
49_1438,0,car,17,60
7_2896,0,car,17,60
42_0115,0,car,17,60
42_0512,0,car,17,60
47_1127,0,car,17,60
4_2407,0,car,17,60
3_2211,0,car,17,60
12_3216,0,car,17,60
3_2093,0,car,17,60
3_2111,0,car,17,60
45_664,0,car,17,60
5_2546,0,car,17,60
12_3390,0,car,17,60
3_2124,0,car,17,60
49_1430,0,car,17,60
42_0179,0,car,17,60
45_626,0,car,17,60
42_0113,0,car,17,60
42_0173,0,car,17,60
4_2326,0,car,17,60
2_1880,0,car,17,60
5_2573,0,car,17,60
3_2068,0,car,17,60
7_2804,0,car,17,60
46_0954,0,car,17,60
12_3378,0,car,17,60
10_3099,0,car,17,60
4_2270,0,car,17,60
4_2346,0,car,17,60
5_2461,0,car,17,60
42_0523,0,car,17,60
2_1796,0,car,17,60
2_2017,0,car,17,60
13_3416,0,car,17,60
2_1801,0,car,17,60
45_708,0,car,17,60
10_3126,0,car,17,60
3_2080,0,car,17,60
13_3536,0,car,17,60
42_0130,0,car,17,60
4_2355,0,car,17,60
50_1767,0,car,17,60
4_2411,0,car,17,60
5_2586,0,car,17,60
6_2705,0,car,17,60
42_0421,0,car,17,60
49_1540,0,car,17,60
4_2370,0,car,17,60
4_2342,0,car,17,60
10_3054,0,car,17,60
5_2487,0,car,17,60
5_2531,0,car,17,60
46_0967,0,car,17,60
4_2286,0,car,17,60
7_2879,0,car,17,60
45_612,0,car,17,60
47_1086,0,car,17,60
42_0455,0,car,17,60
48_1267,0,car,17,60
49_1584,0,car,17,60
7_2847,0,car,17,60
49_1547,0,car,17,60
10_3152,0,car,17,60
3_2106,0,car,17,60
46_0855,0,car,17,60
47_1162,0,car,17,60
10_3021,0,car,17,60
6_2669,0,car,17,60
42_0097,0,car,17,60
49_1516,0,car,17,60
48_1373,0,car,17,60
4_2319,0,car,17,60
46_0863,0,car,17,60
42_0540,0,car,17,60
42_0172,0,car,17,60
12_3240,0,car,17,60
4_2230,0,car,17,60
2_1957,0,car,17,60
4_2307,0,car,17,60
4_2414,0,car,17,60
6_2742,0,car,17,60
10_3144,0,car,17,60
45_712,0,car,17,60
46_0947,0,car,17,60
7_2859,0,car,17,60
12_3285,0,car,17,60
2_1962,0,car,17,60
42_0002,0,car,17,60
12_3313,0,car,17,60
12_3317,0,car,17,60
42_0407,0,car,17,60
46_0994,0,car,17,60
2_1852,0,car,17,60
47_1091,0,car,17,60
4_2397,0,car,17,60
48_1359,0,car,17,60
42_0308,0,car,17,60
49_1498,0,car,17,60
42_0152,0,car,17,60
45_726,0,car,17,60
6_2758,0,car,17,60
45_638,0,car,17,60
50_1748,0,car,17,60
10_3063,0,car,17,60
46_0890,0,car,17,60
49_1478,0,car,17,60
12_3393,0,car,17,60
3_2185,0,car,17,60
46_0903,0,car,17,60
7_2959,0,car,17,60
2_2014,0,car,17,60
16_4040,0,car,17,60
2_1863,0,car,17,60
42_0409,0,car,17,60
42_0163,0,car,17,60
49_1451,0,car,17,60
46_0889,0,car,17,60
10_3042,0,car,17,60
13_3519,0,car,17,60
42_0101,0,car,17,60
46_0810,0,car,17,60
42_0410,0,car,17,60
7_2821,0,car,17,60
2_1945,0,car,17,60
46_0812,0,car,17,60
4_2250,0,car,17,60
47_1149,0,car,17,60
10_3093,0,car,17,60
12_3189,0,car,17,60
2_1977,0,car,17,60
47_1181,0,car,17,60
50_1755,0,car,17,60
3_2104,0,car,17,60
42_0212,0,car,17,60
13_3454,0,car,17,60
4_2416,0,car,17,60
13_3439,0,car,17,60
49_1503,0,car,17,60
3_2071,0,car,17,60
2_1865,0,car,17,60
46_0904,0,car,17,60
6_2670,0,car,17,60
48_1289,0,car,17,60
2_1891,0,car,17,60
12_3215,0,car,17,60
4_2377,0,car,17,60
47_1159,0,car,17,60
7_2964,0,car,17,60
12_3294,0,car,17,60
5_2419,0,car,17,60
10_3183,0,car,17,60
6_2696,0,car,17,60
3_2148,0,car,17,60
13_3560,0,car,17,60
49_1581,0,car,17,60
5_2442,0,car,17,60
50_1761,0,car,17,60
12_3306,0,car,17,60
2_1972,0,car,17,60
12_3297,0,car,17,60
4_2380,0,car,17,60
7_2849,0,car,17,60
5_2562,0,car,17,60
10_3053,0,car,17,60
50_1593,0,car,17,60
6_2737,0,car,17,60
6_2764,0,car,17,60
5_2558,0,car,17,60
48_1340,0,car,17,60
10_3150,0,car,17,60
47_1078,0,car,17,60
10_2982,0,car,17,60
2_1868,0,car,17,60
42_0487,0,car,17,60
42_0477,0,car,17,60
4_2379,0,car,17,60
2_1816,0,car,17,60
12_3211,0,car,17,60
45_598,0,car,17,60
3_2156,0,car,17,60
6_2641,0,car,17,60
47_1137,0,car,17,60
42_0121,0,car,17,60
48_1338,0,car,17,60
50_1680,0,car,17,60
3_2073,0,car,17,60
12_3329,0,car,17,60
50_1679,0,car,17,60
6_2638,0,car,17,60
12_3334,0,car,17,60
48_1282,0,car,17,60
5_2444,0,car,17,60
12_3256,0,car,17,60
6_2768,0,car,17,60
3_2094,0,car,17,60
42_0434,0,car,17,60
5_2458,0,car,17,60
50_1686,0,car,17,60
12_3309,0,car,17,60
12_3324,0,car,17,60
16_3903,0,car,17,60
47_1052,0,car,17,60
5_2453,0,car,17,60
10_3155,0,car,17,60
42_0457,0,car,17,60
42_0207,0,car,17,60
5_2543,0,car,17,60
5_2431,0,car,17,60
7_2799,0,car,17,60
50_1682,0,car,17,60
47_1121,0,car,17,60
3_2096,0,car,17,60
4_2255,0,car,17,60
46_0931,0,car,17,60
10_2989,0,car,17,60
42_0193,0,car,17,60
5_2460,0,car,17,60
12_3228,0,car,17,60
13_3497,0,car,17,60
45_690,0,car,17,60
3_2146,0,car,17,60
16_3977,0,car,17,60
12_3262,0,car,17,60
42_0208,0,car,17,60
6_2759,0,car,17,60
16_4067,0,car,17,60
42_0129,0,car,17,60
42_0151,0,car,17,60
46_0945,0,car,17,60
42_0213,0,car,17,60
7_2829,0,car,17,60
50_1647,0,car,17,60
10_3171,0,car,17,60
2_2003,0,car,17,60
45_743,0,car,17,60
4_2336,0,car,17,60
4_2396,0,car,17,60
13_3568,0,car,17,60
7_2924,0,car,17,60
46_0843,0,car,17,60
49_1524,0,car,17,60
10_3064,0,car,17,60
42_0386,0,car,17,60
7_2911,0,car,17,60
45_707,0,car,17,60
42_0123,0,car,17,60
46_0937,0,car,17,60
7_2892,0,car,17,60
46_0849,0,car,17,60
4_2383,0,car,17,60
2_1831,0,car,17,60
46_1007,0,car,17,60
2_1827,0,car,17,60
2_1859,0,car,17,60
46_0983,0,car,17,60
12_3195,0,car,17,60
4_2245,0,car,17,60
6_2712,0,car,17,60
42_0196,0,car,17,60
14_3632,0,car,17,60
47_1193,0,car,17,60
13_3504,0,car,17,60
50_1603,0,car,17,60
3_2199,0,car,17,60
48_1372,0,car,17,60
42_0224,0,car,17,60
50_1617,0,car,17,60
5_2565,0,car,17,60
50_1616,0,car,17,60
3_2151,0,car,17,60
4_2398,0,car,17,60
49_1505,0,car,17,60
50_1782,0,car,17,60
47_1192,0,car,17,60
2_2002,0,car,17,60
42_0368,0,car,17,60
42_0162,0,car,17,60
47_1089,0,car,17,60
48_1245,0,car,17,60
3_2081,0,car,17,60
42_0589,0,car,17,60
47_1125,0,car,17,60
42_0128,0,car,17,60
14_3644,0,car,17,60
49_1563,0,car,17,60
12_3372,0,car,17,60
42_0388,0,car,17,60
6_2715,0,car,17,60
46_0820,0,car,17,60
4_2338,0,car,17,60
2_1970,0,car,17,60
42_0211,0,car,17,60
42_0384,0,car,17,60
6_2651,0,car,17,60
42_0272,0,car,17,60
42_0439,0,car,17,60
42_0108,0,car,17,60
4_2244,0,car,17,60
12_3332,0,car,17,60
2_1879,0,car,17,60
42_0092,0,car,17,60
4_2395,0,car,17,60
12_3376,0,car,17,60
45_694,0,car,17,60
2_2010,0,car,17,60
46_0919,0,car,17,60
6_2782,0,car,17,60
42_0197,0,car,17,60
42_0225,0,car,17,60
48_1238,0,car,17,60
5_2424,0,car,17,60
7_2824,0,car,17,60
6_2607,0,car,17,60
3_2114,0,car,17,60
4_2361,0,car,17,60
42_0448,0,car,17,60
50_1732,0,car,17,60
42_0496,0,car,17,60
4_2371,0,car,17,60
5_2559,0,car,17,60
10_3069,0,car,17,60
42_0396,0,car,17,60
3_2155,0,car,17,60
46_0986,0,car,17,60
10_3149,0,car,17,60
5_2440,0,car,17,60
5_2489,0,car,17,60
6_2615,0,car,17,60
49_1555,0,car,17,60
50_1750,0,car,17,60
12_3204,0,car,17,60
5_2494,0,car,17,60
45_768,0,car,17,60
3_2100,0,car,17,60
3_2175,0,car,17,60
16_3848,0,car,17,60
3_2040,0,car,17,60
45_674,0,car,17,60
42_0154,0,car,17,60
42_0420,0,car,17,60
3_2133,0,car,17,60
5_2589,0,car,17,60
5_2472,0,car,17,60
47_1015,0,car,17,60
42_0517,0,car,17,60
47_1050,0,car,17,60
16_3853,0,car,17,60
42_0164,0,car,17,60
3_2135,0,car,17,60
7_2828,0,car,17,60
12_3282,0,car,17,60
13_3453,0,car,17,60
42_0567,0,car,17,60
4_2345,0,car,17,60
10_3049,0,car,17,60
6_2675,0,car,17,60
3_2153,0,car,17,60
10_3159,0,car,17,60
7_2788,0,car,17,60
3_2202,0,car,17,60
12_3210,0,car,17,60
42_0105,0,car,17,60
16_4075,0,car,17,60
2_2019,0,car,17,60
49_1522,0,car,17,60
2_1892,0,car,17,60
10_3101,0,car,17,60
50_1587,0,car,17,60
5_2552,0,car,17,60
4_2292,0,car,17,60
2_1898,0,car,17,60
12_3188,0,car,17,60
4_2252,0,car,17,60
42_0072,0,car,17,60
4_2297,0,car,17,60
13_3556,0,car,17,60
16_3872,0,car,17,60
16_3886,0,car,17,60
2_1946,0,car,17,60
42_0187,0,car,17,60
46_0878,0,car,17,60
47_1057,0,car,17,60
49_1441,0,car,17,60
12_3199,0,car,17,60
13_3460,0,car,17,60
48_1260,0,car,17,60
5_2547,0,car,17,60
7_2973,0,car,17,60
10_3016,0,car,17,60
5_2445,0,car,17,60
16_4097,0,car,17,60
46_0808,0,car,17,60
45_686,0,car,17,60
5_2521,0,car,17,60
49_1408,0,car,17,60
2_1914,0,car,17,60
50_1725,0,car,17,60
5_2492,0,car,17,60
6_2676,0,car,17,60
10_3184,0,car,17,60
46_0833,0,car,17,60
46_0891,0,car,17,60
4_2273,0,car,17,60
46_0990,0,car,17,60
48_1240,0,car,17,60
42_0485,0,car,17,60
5_2518,0,car,17,60
2_1923,0,car,17,60
47_1064,0,car,17,60
47_1148,0,car,17,60
45_599,0,car,17,60
13_3502,0,car,17,60
6_2745,0,car,17,60
5_2584,0,car,17,60
48_1312,0,car,17,60
46_0882,0,car,17,60
2_1837,0,car,17,60
12_3253,0,car,17,60
6_2674,0,car,17,60
10_3043,0,car,17,60
42_0459,0,car,17,60
3_2182,0,car,17,60
16_3989,0,car,17,60
46_0915,0,car,17,60
2_1861,0,car,17,60
5_2420,0,car,17,60
42_0432,0,car,17,60
5_2536,0,car,17,60
16_4080,0,car,17,60
13_3480,0,car,17,60
3_2209,0,car,17,60
12_3345,0,car,17,60
3_2178,0,car,17,60
10_3139,0,car,17,60
7_2974,0,car,17,60
16_4102,0,car,17,60
50_1650,0,car,17,60
3_2084,0,car,17,60
2_1999,0,car,17,60
42_0423,0,car,17,60
50_1696,0,car,17,60
13_3434,0,car,17,60
13_3562,0,car,17,60
5_2495,0,car,17,60
16_3908,0,car,17,60
49_1389,0,car,17,60
4_2356,0,car,17,60
6_2619,0,car,17,60
7_2830,0,car,17,60
42_0034,0,car,17,60
4_2352,0,car,17,60
46_0840,0,car,17,60
5_2497,0,car,17,60
48_1292,0,car,17,60
6_2662,0,car,17,60
3_2186,0,car,17,60
42_0327,0,car,17,60
48_1290,0,car,17,60
42_0438,0,car,17,60
48_1233,0,car,17,60
50_1708,0,car,17,60
6_2636,0,car,17,60
12_3279,0,car,17,60
13_3571,0,car,17,60
13_3473,0,car,17,60
42_0314,0,car,17,60
7_2897,0,car,17,60
2_1822,0,car,17,60
12_3223,0,car,17,60
50_1744,0,car,17,60
47_1054,0,car,17,60
4_2241,0,car,17,60
5_2532,0,car,17,60
12_3290,0,car,17,60
47_1065,0,car,17,60
4_2389,0,car,17,60
6_2649,0,car,17,60
48_1329,0,car,17,60
4_2294,0,car,17,60
10_3056,0,car,17,60
2_2000,0,car,17,60
6_2643,0,car,17,60
13_3496,0,car,17,60
42_0385,0,car,17,60
3_2218,0,car,17,60
6_2761,0,car,17,60
4_2277,0,car,17,60
7_2970,0,car,17,60
2_1942,0,car,17,60
42_0383,0,car,17,60
42_0581,0,car,17,60
4_2372,0,car,17,60
45_691,0,car,17,60
5_2522,0,car,17,60
12_3239,0,car,17,60
4_2281,0,car,17,60
47_1085,0,car,17,60
49_1479,0,car,17,60
45_631,0,car,17,60
4_2351,0,car,17,60
5_2488,0,car,17,60
46_0925,0,car,17,60
12_3321,0,car,17,60
49_1443,0,car,17,60
42_0424,0,car,17,60
46_0893,0,car,17,60
6_2614,0,car,17,60
13_3449,0,car,17,60
7_2920,0,car,17,60
4_2327,0,car,17,60
12_3218,0,car,17,60
3_2070,0,car,17,60
12_3217,0,car,17,60
46_0839,0,car,17,60
46_0980,0,car,17,60
12_3319,0,car,17,60
10_2984,1843,car,17,75
10_2993,1154,car,17,75
10_2998,13827,car,17,75
10_3039,11849,car,17,75
10_3042,102,car,17,75
10_3060,6193,car,17,75
10_3075,1813,car,17,75
10_3076,2614,car,17,75
10_3098,1050,car,17,75
10_3126,3,car,17,75
10_3133,6241,car,17,75
10_3150,69,car,17,75
12_3192,3718,car,17,75
12_3197,72,car,17,75
12_3216,43,car,17,75
12_3217,24,car,17,75
12_3229,13123,car,17,75
12_3238,99,car,17,75
12_3241,1670,car,17,75
12_3245,1,car,17,75
12_3246,10422,car,17,75
12_3253,11,car,17,75
12_3259,985,car,17,75
12_3261,9700,car,17,75
12_3266,3340,car,17,75
12_3278,6484,car,17,75
12_3282,529,car,17,75
12_3302,5820,car,17,75
12_3304,3521,car,17,75
12_3307,28726,car,17,75
12_3314,1017,car,17,75
12_3361,1252,car,17,75
12_3369,460,car,17,75
12_3380,8691,car,17,75
12_3389,655,car,17,75
12_3397,25214,car,17,75
13_3401,661,car,17,75
13_3426,3858,car,17,75
13_3434,500,car,17,75
13_3439,312,car,17,75
13_3449,883,car,17,75
13_3465,345,car,17,75
13_3532,1733,car,17,75
13_3544,14084,car,17,75
13_3553,598,car,17,75
13_3556,164,car,17,75
13_3562,6,car,17,75
13_3568,12,car,17,75
13_3580,15452,car,17,75
13_3586,5497,car,17,75
13_3588,13304,car,17,75
14_3632,1120,car,17,75
14_3699,17266,car,17,75
14_3710,16777,car,17,75
14_3725,2958,car,17,75
16_3777,2666,car,17,75
16_3866,9431,car,17,75
16_3886,5878,car,17,75
16_3903,692,car,17,75
16_3909,12438,car,17,75
16_3932,18998,car,17,75
16_3950,2108,car,17,75
16_3977,5,car,17,75
16_3991,1053,car,17,75
16_4013,13050,car,17,75
16_4014,3793,car,17,75
16_4047,2347,car,17,75
16_4103,3364,car,17,75
16_4105,5974,car,17,75
16_4116,31790,car,17,75
2_1831,8,car,17,75
2_1834,12131,car,17,75
2_1838,20954,car,17,75
2_1847,2630,car,17,75
2_1861,59,car,17,75
2_1863,666,car,17,75
2_1870,7990,car,17,75
2_1880,820,car,17,75
2_1894,1675,car,17,75
2_1922,3290,car,17,75
2_1944,7686,car,17,75
2_1986,3464,car,17,75
2_1996,959,car,17,75
2_2000,386,car,17,75
2_2003,156,car,17,75
3_2023,2304,car,17,75
3_2024,16135,car,17,75
3_2030,601,car,17,75
3_2037,3702,car,17,75
3_2044,4907,car,17,75
3_2045,5215,car,17,75
3_2047,4189,car,17,75
3_2048,7222,car,17,75
3_2067,610,car,17,75
3_2071,103,car,17,75
3_2073,245,car,17,75
3_2075,7891,car,17,75
3_2086,372,car,17,75
3_2088,17298,car,17,75
3_2090,6625,car,17,75
3_2094,227,car,17,75
3_2113,3342,car,17,75
3_2114,206,car,17,75
3_2130,1589,car,17,75
3_2134,2262,car,17,75
3_2157,2802,car,17,75
3_2158,7691,car,17,75
3_2164,19473,car,17,75
3_2179,5494,car,17,75
3_2183,1828,car,17,75
3_2200,3760,car,17,75
3_2210,1071,car,17,75
3_2217,1875,car,17,75
3_2219,95,car,17,75
3_2220,1088,car,17,75
42_0001,1573,car,17,75
42_0034,3124,car,17,75
42_0083,1032,car,17,75
42_0087,187,car,17,75
42_0092,14,car,17,75
42_0096,1556,car,17,75
42_0102,5482,car,17,75
42_0114,648,car,17,75
42_0120,190,car,17,75
42_0128,11,car,17,75
42_0129,46,car,17,75
42_0145,2139,car,17,75
42_0155,648,car,17,75
42_0165,2309,car,17,75
42_0168,8483,car,17,75
42_0172,165,car,17,75
42_0175,512,car,17,75
42_0182,720,car,17,75
42_0191,2311,car,17,75
42_0210,3353,car,17,75
42_0224,34,car,17,75
42_0225,144,car,17,75
42_0226,2394,car,17,75
42_0272,293,car,17,75
42_0277,29319,car,17,75
42_0278,14250,car,17,75
42_0279,738,car,17,75
42_0308,626,car,17,75
42_0334,12,car,17,75
42_0338,21577,car,17,75
42_0365,5961,car,17,75
42_0383,26,car,17,75
42_0389,736,car,17,75
42_0390,2155,car,17,75
42_0391,548,car,17,75
42_0399,4008,car,17,75
42_0407,325,car,17,75
42_0418,1170,car,17,75
42_0432,201,car,17,75
42_0434,183,car,17,75
42_0471,3139,car,17,75
42_0478,978,car,17,75
42_0490,1130,car,17,75
42_0498,1039,car,17,75
42_0510,267,car,17,75
42_0522,1308,car,17,75
42_0538,22039,car,17,75
42_0550,2417,car,17,75
42_0555,30400,car,17,75
42_0558,11,car,17,75
42_0578,3997,car,17,75
42_0581,5957,car,17,75
42_0582,5712,car,17,75
42_0589,350,car,17,75
45_599,23,car,17,75
45_600,456,car,17,75
45_645,7986,car,17,75
45_655,1,car,17,75
45_665,1290,car,17,75
45_679,15943,car,17,75
45_686,1067,car,17,75
45_687,29279,car,17,75
45_696,2955,car,17,75
45_742,12990,car,17,75
46_0788,2326,car,17,75
46_0820,7,car,17,75
46_0859,7985,car,17,75
46_0866,4383,car,17,75
46_0873,69,car,17,75
46_0886,82,car,17,75
46_0893,5889,car,17,75
46_0894,913,car,17,75
46_0901,2553,car,17,75
46_0921,864,car,17,75
46_0926,13408,car,17,75
46_0928,1755,car,17,75
46_0932,2678,car,17,75
46_0935,1028,car,17,75
46_0945,621,car,17,75
46_0958,7095,car,17,75
46_0974,404,car,17,75
46_0975,441,car,17,75
46_0983,982,car,17,75
47_1014,2017,car,17,75
47_1025,619,car,17,75
47_1037,197,car,17,75
47_1040,1097,car,17,75
47_1046,104,car,17,75
47_1051,2048,car,17,75
47_1062,2351,car,17,75
47_1077,2143,car,17,75
47_1090,2418,car,17,75
47_1091,819,car,17,75
47_1121,4,car,17,75
47_1137,53,car,17,75
47_1141,4256,car,17,75
47_1181,1,car,17,75
48_1240,667,car,17,75
48_1244,1507,car,17,75
48_1298,1279,car,17,75
48_1299,4708,car,17,75
48_1302,12583,car,17,75
48_1304,18749,car,17,75
48_1338,153,car,17,75
48_1366,12544,car,17,75
48_1367,4080,car,17,75
48_1373,17,car,17,75
48_1374,605,car,17,75
49_1390,13116,car,17,75
49_1400,2698,car,17,75
49_1408,221,car,17,75
49_1411,803,car,17,75
49_1421,21657,car,17,75
49_1434,7886,car,17,75
49_1437,15416,car,17,75
49_1438,567,car,17,75
49_1444,3333,car,17,75
49_1459,3288,car,17,75
49_1479,155,car,17,75
49_1485,1249,car,17,75
49_1498,86,car,17,75
49_1507,10760,car,17,75
49_1511,37,car,17,75
49_1516,8,car,17,75
49_1529,769,car,17,75
49_1531,1624,car,17,75
49_1537,642,car,17,75
49_1538,6600,car,17,75
49_1554,1079,car,17,75
4_2242,3924,car,17,75
4_2243,2493,car,17,75
4_2248,3127,car,17,75
4_2251,2567,car,17,75
4_2253,13588,car,17,75
4_2276,471,car,17,75
4_2292,421,car,17,75
4_2293,7050,car,17,75
4_2296,3397,car,17,75
4_2298,3611,car,17,75
4_2299,1328,car,17,75
4_2312,1340,car,17,75
4_2315,3016,car,17,75
4_2326,169,car,17,75
4_2328,618,car,17,75
4_2332,30079,car,17,75
4_2334,11028,car,17,75
4_2338,2487,car,17,75
4_2339,17069,car,17,75
4_2345,6,car,17,75
4_2346,78,car,17,75
4_2349,7081,car,17,75
4_2350,366,car,17,75
4_2351,1859,car,17,75
4_2353,397,car,17,75
4_2364,767,car,17,75
4_2365,2,car,17,75
4_2369,23690,car,17,75
4_2370,72,car,17,75
4_2373,2769,car,17,75
4_2393,1632,car,17,75
4_2404,529,car,17,75
4_2410,1168,car,17,75
50_1591,28926,car,17,75
50_1594,182,car,17,75
50_1597,712,car,17,75
50_1624,13933,car,17,75
50_1631,12589,car,17,75
50_1641,12337,car,17,75
50_1643,1394,car,17,75
50_1647,260,car,17,75
50_1649,2586,car,17,75
50_1663,578,car,17,75
50_1670,20165,car,17,75
50_1682,527,car,17,75
50_1690,4647,car,17,75
50_1704,1219,car,17,75
50_1708,2058,car,17,75
50_1724,3215,car,17,75
50_1742,89,car,17,75
50_1744,270,car,17,75
50_1773,884,car,17,75
5_2419,134,car,17,75
5_2443,14721,car,17,75
5_2450,1199,car,17,75
5_2457,34532,car,17,75
5_2459,8722,car,17,75
5_2460,306,car,17,75
5_2461,452,car,17,75
5_2462,199,car,17,75
5_2472,240,car,17,75
5_2476,2039,car,17,75
5_2479,1303,car,17,75
5_2493,16433,car,17,75
5_2504,5962,car,17,75
5_2505,249,car,17,75
5_2506,2468,car,17,75
5_2507,1684,car,17,75
5_2508,283,car,17,75
5_2511,1,car,17,75
5_2514,3608,car,17,75
5_2520,172,car,17,75
5_2528,5187,car,17,75
5_2549,15885,car,17,75
5_2550,573,car,17,75
5_2551,642,car,17,75
5_2573,6,car,17,75
5_2576,1896,car,17,75
5_2580,1157,car,17,75
5_2586,39,car,17,75
6_2613,438,car,17,75
6_2617,7791,car,17,75
6_2619,12,car,17,75
6_2635,8073,car,17,75
6_2639,572,car,17,75
6_2665,1821,car,17,75
6_2667,5316,car,17,75
6_2670,756,car,17,75
6_2696,87,car,17,75
6_2697,23965,car,17,75
6_2698,1733,car,17,75
6_2701,2669,car,17,75
6_2721,1539,car,17,75
6_2731,717,car,17,75
6_2735,9140,car,17,75
6_2738,1778,car,17,75
6_2750,5438,car,17,75
6_2752,166,car,17,75
6_2766,391,car,17,75
6_2775,3733,car,17,75
6_2785,8551,car,17,75
7_2803,202,car,17,75
7_2812,16506,car,17,75
7_2825,896,car,17,75
7_2828,197,car,17,75
7_2831,289,car,17,75
7_2834,2366,car,17,75
7_2854,15601,car,17,75
7_2859,871,car,17,75
7_2877,2387,car,17,75
7_2908,509,car,17,75
7_2913,448,car,17,75
7_2916,351,car,17,75
7_2923,2915,car,17,75
7_2933,601,car,17,75
7_2941,5680,car,17,75
7_2965,6353,car,17,75
7_2972,1691,car,17,75
49_1393,0,car,17,75
42_0590,0,car,17,75
46_0806,0,car,17,75
48_1203,0,car,17,75
42_0591,0,car,17,75
42_0566,0,car,17,75
12_3379,0,car,17,75
42_0462,0,car,17,75
2_1952,0,car,17,75
5_2575,0,car,17,75
7_2870,0,car,17,75
2_1908,0,car,17,75
10_3154,0,car,17,75
13_3581,0,car,17,75
6_2610,0,car,17,75
42_0109,0,car,17,75
42_0416,0,car,17,75
45_619,0,car,17,75
2_1791,0,car,17,75
6_2777,0,car,17,75
10_3187,0,car,17,75
12_3280,0,car,17,75
46_0996,0,car,17,75
4_2287,0,car,17,75
6_2753,0,car,17,75
42_0127,0,car,17,75
42_0361,0,car,17,75
50_1698,0,car,17,75
4_2305,0,car,17,75
42_0202,0,car,17,75
5_2427,0,car,17,75
2_1990,0,car,17,75
16_4058,0,car,17,75
16_4076,0,car,17,75
2_1886,0,car,17,75
16_3838,0,car,17,75
13_3444,0,car,17,75
42_0325,0,car,17,75
48_1217,0,car,17,75
42_0149,0,car,17,75
14_3655,0,car,17,75
7_2889,0,car,17,75
49_1476,0,car,17,75
3_2032,0,car,17,75
42_0206,0,car,17,75
7_2875,0,car,17,75
12_3320,0,car,17,75
47_1049,0,car,17,75
49_1406,0,car,17,75
49_1583,0,car,17,75
13_3566,0,car,17,75
46_0823,0,car,17,75
4_2267,0,car,17,75
45_620,0,car,17,75
46_0963,0,car,17,75
4_2237,0,car,17,75
6_2680,0,car,17,75
5_2437,0,car,17,75
3_2189,0,car,17,75
47_1140,0,car,17,75
2_1876,0,car,17,75
13_3428,0,car,17,75
12_3254,0,car,17,75
2_1991,0,car,17,75
45_750,0,car,17,75
3_2126,0,car,17,75
48_1309,0,car,17,75
49_1517,0,car,17,75
46_0992,0,car,17,75
6_2611,0,car,17,75
4_2335,0,car,17,75
2_1878,0,car,17,75
5_2574,0,car,17,75
42_0232,0,car,17,75
12_3220,0,car,17,75
4_2265,0,car,17,75
42_0394,0,car,17,75
5_2593,0,car,17,75
13_3436,0,car,17,75
4_2235,0,car,17,75
5_2475,0,car,17,75
10_3166,0,car,17,75
48_1214,0,car,17,75
46_0802,0,car,17,75
46_0993,0,car,17,75
10_3022,0,car,17,75
7_2975,0,car,17,75
5_2469,0,car,17,75
16_3972,0,car,17,75
42_0310,0,car,17,75
4_2238,0,car,17,75
7_2880,0,car,17,75
47_1183,0,car,17,75
2_1866,0,car,17,75
16_4068,0,car,17,75
45_737,0,car,17,75
6_2661,0,car,17,75
10_3006,0,car,17,75
42_0091,0,car,17,75
16_3948,0,car,17,75
42_0186,0,car,17,75
3_2095,0,car,17,75
10_3167,0,car,17,75
6_2709,0,car,17,75
48_1205,0,car,17,75
4_2280,0,car,17,75
50_1667,0,car,17,75
12_3193,0,car,17,75
47_1167,0,car,17,75
47_1104,0,car,17,75
5_2455,0,car,17,75
3_2188,0,car,17,75
6_2756,0,car,17,75
4_2246,0,car,17,75
2_1811,0,car,17,75
42_0124,0,car,17,75
7_2919,0,car,17,75
50_1665,0,car,17,75
7_2896,0,car,17,75
42_0115,0,car,17,75
42_0512,0,car,17,75
47_1127,0,car,17,75
4_2407,0,car,17,75
3_2211,0,car,17,75
3_2093,0,car,17,75
3_2111,0,car,17,75
45_664,0,car,17,75
5_2546,0,car,17,75
12_3390,0,car,17,75
3_2124,0,car,17,75
49_1430,0,car,17,75
42_0179,0,car,17,75
45_626,0,car,17,75
42_0113,0,car,17,75
42_0173,0,car,17,75
3_2068,0,car,17,75
7_2804,0,car,17,75
46_0954,0,car,17,75
12_3378,0,car,17,75
10_3099,0,car,17,75
4_2270,0,car,17,75
42_0523,0,car,17,75
2_1796,0,car,17,75
2_2017,0,car,17,75
13_3416,0,car,17,75
2_1801,0,car,17,75
45_708,0,car,17,75
3_2080,0,car,17,75
13_3536,0,car,17,75
42_0130,0,car,17,75
4_2355,0,car,17,75
50_1767,0,car,17,75
4_2411,0,car,17,75
6_2705,0,car,17,75
42_0421,0,car,17,75
49_1540,0,car,17,75
5_2487,0,car,17,75
4_2342,0,car,17,75
10_3054,0,car,17,75
5_2531,0,car,17,75
46_0967,0,car,17,75
4_2286,0,car,17,75
7_2879,0,car,17,75
45_612,0,car,17,75
47_1086,0,car,17,75
42_0455,0,car,17,75
48_1267,0,car,17,75
49_1584,0,car,17,75
7_2847,0,car,17,75
49_1547,0,car,17,75
10_3152,0,car,17,75
3_2106,0,car,17,75
46_0855,0,car,17,75
47_1162,0,car,17,75
10_3021,0,car,17,75
6_2669,0,car,17,75
42_0097,0,car,17,75
4_2319,0,car,17,75
46_0863,0,car,17,75
42_0540,0,car,17,75
12_3240,0,car,17,75
4_2230,0,car,17,75
2_1957,0,car,17,75
4_2307,0,car,17,75
4_2414,0,car,17,75
6_2742,0,car,17,75
10_3144,0,car,17,75
45_712,0,car,17,75
46_0947,0,car,17,75
12_3285,0,car,17,75
2_1962,0,car,17,75
42_0002,0,car,17,75
12_3313,0,car,17,75
12_3317,0,car,17,75
46_0994,0,car,17,75
2_1852,0,car,17,75
4_2397,0,car,17,75
48_1359,0,car,17,75
42_0152,0,car,17,75
45_726,0,car,17,75
6_2758,0,car,17,75
45_638,0,car,17,75
50_1748,0,car,17,75
10_3063,0,car,17,75
46_0890,0,car,17,75
49_1478,0,car,17,75
12_3393,0,car,17,75
3_2185,0,car,17,75
46_0903,0,car,17,75
7_2959,0,car,17,75
2_2014,0,car,17,75
16_4040,0,car,17,75
42_0409,0,car,17,75
42_0163,0,car,17,75
49_1451,0,car,17,75
46_0889,0,car,17,75
13_3519,0,car,17,75
42_0101,0,car,17,75
46_0810,0,car,17,75
42_0410,0,car,17,75
7_2821,0,car,17,75
2_1945,0,car,17,75
46_0812,0,car,17,75
4_2250,0,car,17,75
47_1149,0,car,17,75
10_3093,0,car,17,75
12_3189,0,car,17,75
2_1977,0,car,17,75
50_1755,0,car,17,75
3_2104,0,car,17,75
42_0212,0,car,17,75
13_3454,0,car,17,75
4_2416,0,car,17,75
49_1503,0,car,17,75
2_1865,0,car,17,75
46_0904,0,car,17,75
48_1289,0,car,17,75
2_1891,0,car,17,75
12_3215,0,car,17,75
4_2377,0,car,17,75
47_1159,0,car,17,75
7_2964,0,car,17,75
12_3294,0,car,17,75
10_3183,0,car,17,75
3_2148,0,car,17,75
13_3560,0,car,17,75
49_1581,0,car,17,75
5_2442,0,car,17,75
50_1761,0,car,17,75
12_3306,0,car,17,75
2_1972,0,car,17,75
12_3297,0,car,17,75
4_2380,0,car,17,75
7_2849,0,car,17,75
5_2562,0,car,17,75
10_3053,0,car,17,75
50_1593,0,car,17,75
6_2737,0,car,17,75
6_2764,0,car,17,75
5_2558,0,car,17,75
48_1340,0,car,17,75
47_1078,0,car,17,75
10_2982,0,car,17,75
2_1868,0,car,17,75
42_0487,0,car,17,75
42_0477,0,car,17,75
4_2379,0,car,17,75
2_1816,0,car,17,75
12_3211,0,car,17,75
45_598,0,car,17,75
3_2156,0,car,17,75
6_2641,0,car,17,75
42_0121,0,car,17,75
50_1680,0,car,17,75
12_3329,0,car,17,75
50_1679,0,car,17,75
6_2638,0,car,17,75
12_3334,0,car,17,75
48_1282,0,car,17,75
5_2444,0,car,17,75
12_3256,0,car,17,75
6_2768,0,car,17,75
5_2458,0,car,17,75
50_1686,0,car,17,75
12_3309,0,car,17,75
12_3324,0,car,17,75
47_1052,0,car,17,75
5_2453,0,car,17,75
10_3155,0,car,17,75
42_0457,0,car,17,75
42_0207,0,car,17,75
5_2543,0,car,17,75
5_2431,0,car,17,75
7_2799,0,car,17,75
3_2096,0,car,17,75
4_2255,0,car,17,75
46_0931,0,car,17,75
10_2989,0,car,17,75
42_0193,0,car,17,75
12_3228,0,car,17,75
13_3497,0,car,17,75
45_690,0,car,17,75
3_2146,0,car,17,75
12_3262,0,car,17,75
42_0208,0,car,17,75
6_2759,0,car,17,75
16_4067,0,car,17,75
42_0151,0,car,17,75
42_0213,0,car,17,75
7_2829,0,car,17,75
10_3171,0,car,17,75
45_743,0,car,17,75
4_2336,0,car,17,75
4_2396,0,car,17,75
7_2924,0,car,17,75
46_0843,0,car,17,75
49_1524,0,car,17,75
10_3064,0,car,17,75
42_0386,0,car,17,75
7_2911,0,car,17,75
45_707,0,car,17,75
42_0123,0,car,17,75
46_0937,0,car,17,75
7_2892,0,car,17,75
46_0849,0,car,17,75
4_2383,0,car,17,75
46_1007,0,car,17,75
2_1827,0,car,17,75
2_1859,0,car,17,75
12_3195,0,car,17,75
4_2245,0,car,17,75
6_2712,0,car,17,75
42_0196,0,car,17,75
47_1193,0,car,17,75
13_3504,0,car,17,75
50_1603,0,car,17,75
3_2199,0,car,17,75
48_1372,0,car,17,75
50_1617,0,car,17,75
5_2565,0,car,17,75
50_1616,0,car,17,75
3_2151,0,car,17,75
4_2398,0,car,17,75
49_1505,0,car,17,75
50_1782,0,car,17,75
47_1192,0,car,17,75
2_2002,0,car,17,75
42_0368,0,car,17,75
42_0162,0,car,17,75
47_1089,0,car,17,75
48_1245,0,car,17,75
3_2081,0,car,17,75
47_1125,0,car,17,75
14_3644,0,car,17,75
49_1563,0,car,17,75
12_3372,0,car,17,75
42_0388,0,car,17,75
6_2715,0,car,17,75
2_1970,0,car,17,75
42_0211,0,car,17,75
42_0384,0,car,17,75
6_2651,0,car,17,75
42_0439,0,car,17,75
42_0108,0,car,17,75
4_2244,0,car,17,75
12_3332,0,car,17,75
2_1879,0,car,17,75
4_2395,0,car,17,75
12_3376,0,car,17,75
45_694,0,car,17,75
2_2010,0,car,17,75
46_0919,0,car,17,75
6_2782,0,car,17,75
42_0197,0,car,17,75
48_1238,0,car,17,75
5_2424,0,car,17,75
7_2824,0,car,17,75
6_2607,0,car,17,75
4_2361,0,car,17,75
42_0448,0,car,17,75
50_1732,0,car,17,75
42_0496,0,car,17,75
4_2371,0,car,17,75
5_2559,0,car,17,75
10_3069,0,car,17,75
42_0396,0,car,17,75
3_2155,0,car,17,75
46_0986,0,car,17,75
10_3149,0,car,17,75
5_2440,0,car,17,75
5_2489,0,car,17,75
6_2615,0,car,17,75
49_1555,0,car,17,75
50_1750,0,car,17,75
12_3204,0,car,17,75
5_2494,0,car,17,75
45_768,0,car,17,75
3_2100,0,car,17,75
3_2175,0,car,17,75
16_3848,0,car,17,75
3_2040,0,car,17,75
45_674,0,car,17,75
42_0154,0,car,17,75
42_0420,0,car,17,75
3_2133,0,car,17,75
5_2589,0,car,17,75
47_1015,0,car,17,75
42_0517,0,car,17,75
47_1050,0,car,17,75
16_3853,0,car,17,75
42_0164,0,car,17,75
3_2135,0,car,17,75
13_3453,0,car,17,75
42_0567,0,car,17,75
10_3049,0,car,17,75
6_2675,0,car,17,75
3_2153,0,car,17,75
10_3159,0,car,17,75
7_2788,0,car,17,75
3_2202,0,car,17,75
12_3210,0,car,17,75
42_0105,0,car,17,75
16_4075,0,car,17,75
2_2019,0,car,17,75
49_1522,0,car,17,75
2_1892,0,car,17,75
10_3101,0,car,17,75
50_1587,0,car,17,75
5_2552,0,car,17,75
2_1898,0,car,17,75
12_3188,0,car,17,75
4_2252,0,car,17,75
42_0072,0,car,17,75
4_2297,0,car,17,75
16_3872,0,car,17,75
47_1057,0,car,17,75
2_1946,0,car,17,75
42_0187,0,car,17,75
46_0878,0,car,17,75
49_1441,0,car,17,75
5_2547,0,car,17,75
12_3199,0,car,17,75
13_3460,0,car,17,75
48_1260,0,car,17,75
7_2973,0,car,17,75
10_3016,0,car,17,75
5_2445,0,car,17,75
16_4097,0,car,17,75
46_0808,0,car,17,75
5_2521,0,car,17,75
2_1914,0,car,17,75
50_1725,0,car,17,75
5_2492,0,car,17,75
6_2676,0,car,17,75
10_3184,0,car,17,75
46_0833,0,car,17,75
46_0891,0,car,17,75
4_2273,0,car,17,75
46_0990,0,car,17,75
42_0485,0,car,17,75
5_2518,0,car,17,75
2_1923,0,car,17,75
47_1064,0,car,17,75
47_1148,0,car,17,75
13_3502,0,car,17,75
6_2745,0,car,17,75
5_2584,0,car,17,75
48_1312,0,car,17,75
46_0882,0,car,17,75
2_1837,0,car,17,75
6_2674,0,car,17,75
10_3043,0,car,17,75
42_0459,0,car,17,75
3_2182,0,car,17,75
16_3989,0,car,17,75
46_0915,0,car,17,75
5_2420,0,car,17,75
5_2536,0,car,17,75
16_4080,0,car,17,75
13_3480,0,car,17,75
3_2209,0,car,17,75
12_3345,0,car,17,75
3_2178,0,car,17,75
10_3139,0,car,17,75
7_2974,0,car,17,75
16_4102,0,car,17,75
50_1650,0,car,17,75
3_2084,0,car,17,75
2_1999,0,car,17,75
42_0423,0,car,17,75
50_1696,0,car,17,75
5_2495,0,car,17,75
16_3908,0,car,17,75
49_1389,0,car,17,75
4_2356,0,car,17,75
7_2830,0,car,17,75
4_2352,0,car,17,75
46_0840,0,car,17,75
5_2497,0,car,17,75
48_1292,0,car,17,75
6_2662,0,car,17,75
3_2186,0,car,17,75
42_0327,0,car,17,75
48_1290,0,car,17,75
42_0438,0,car,17,75
48_1233,0,car,17,75
6_2636,0,car,17,75
12_3279,0,car,17,75
13_3571,0,car,17,75
13_3473,0,car,17,75
42_0314,0,car,17,75
7_2897,0,car,17,75
2_1822,0,car,17,75
12_3223,0,car,17,75
47_1054,0,car,17,75
4_2241,0,car,17,75
5_2532,0,car,17,75
12_3290,0,car,17,75
47_1065,0,car,17,75
4_2389,0,car,17,75
6_2649,0,car,17,75
48_1329,0,car,17,75
4_2294,0,car,17,75
10_3056,0,car,17,75
6_2643,0,car,17,75
13_3496,0,car,17,75
42_0385,0,car,17,75
3_2218,0,car,17,75
6_2761,0,car,17,75
4_2277,0,car,17,75
7_2970,0,car,17,75
2_1942,0,car,17,75
4_2372,0,car,17,75
45_691,0,car,17,75
5_2522,0,car,17,75
12_3239,0,car,17,75
4_2281,0,car,17,75
47_1085,0,car,17,75
45_631,0,car,17,75
5_2488,0,car,17,75
46_0925,0,car,17,75
12_3321,0,car,17,75
49_1443,0,car,17,75
42_0424,0,car,17,75
6_2614,0,car,17,75
7_2920,0,car,17,75
4_2327,0,car,17,75
12_3218,0,car,17,75
3_2070,0,car,17,75
46_0839,0,car,17,75
46_0980,0,car,17,75
12_3319,0,car,17,75
10_2984,7411,car,17,90
10_2993,2611,car,17,90
10_2998,29099,car,17,90
10_3021,523,car,17,90
10_3039,26558,car,17,90
10_3042,3374,car,17,90
10_3060,21880,car,17,90
10_3075,3827,car,17,90
10_3076,5921,car,17,90
10_3098,3719,car,17,90
10_3126,1483,car,17,90
10_3133,15493,car,17,90
10_3150,957,car,17,90
12_3192,11758,car,17,90
12_3197,140,car,17,90
12_3216,516,car,17,90
12_3217,1026,car,17,90
12_3229,26941,car,17,90
12_3238,485,car,17,90
12_3241,5389,car,17,90
12_3245,623,car,17,90
12_3246,22320,car,17,90
12_3253,830,car,17,90
12_3259,3141,car,17,90
12_3261,25329,car,17,90
12_3262,1384,car,17,90
12_3266,8533,car,17,90
12_3278,16374,car,17,90
12_3282,3165,car,17,90
12_3290,67,car,17,90
12_3302,17626,car,17,90
12_3304,12166,car,17,90
12_3307,35506,car,17,90
12_3309,82,car,17,90
12_3314,3302,car,17,90
12_3332,50,car,17,90
12_3361,5601,car,17,90
12_3369,1784,car,17,90
12_3380,21605,car,17,90
12_3389,2465,car,17,90
12_3397,33320,car,17,90
13_3401,1182,car,17,90
13_3426,15277,car,17,90
13_3428,483,car,17,90
13_3434,1228,car,17,90
13_3436,441,car,17,90
13_3439,1496,car,17,90
13_3449,4165,car,17,90
13_3453,4299,car,17,90
13_3465,885,car,17,90
13_3473,250,car,17,90
13_3480,133,car,17,90
13_3532,6673,car,17,90
13_3536,1258,car,17,90
13_3544,28758,car,17,90
13_3553,824,car,17,90
13_3556,845,car,17,90
13_3562,497,car,17,90
13_3568,1662,car,17,90
13_3580,29014,car,17,90
13_3586,15877,car,17,90
13_3588,26456,car,17,90
14_3632,5249,car,17,90
14_3655,5679,car,17,90
14_3699,30273,car,17,90
14_3710,30177,car,17,90
14_3725,9379,car,17,90
16_3777,8451,car,17,90
16_3866,21939,car,17,90
16_3886,20080,car,17,90
16_3903,4178,car,17,90
16_3909,26442,car,17,90
16_3932,31066,car,17,90
16_3950,10162,car,17,90
16_3977,1600,car,17,90
16_3991,5621,car,17,90
16_4013,29007,car,17,90
16_4014,12158,car,17,90
16_4047,10120,car,17,90
16_4058,4498,car,17,90
16_4103,16828,car,17,90
16_4105,14972,car,17,90
16_4116,37808,car,17,90
2_1791,10,car,17,90
2_1831,1735,car,17,90
2_1834,25787,car,17,90
2_1838,33736,car,17,90
2_1847,7430,car,17,90
2_1861,1240,car,17,90
2_1863,2427,car,17,90
2_1870,20770,car,17,90
2_1879,1,car,17,90
2_1880,8409,car,17,90
2_1894,4015,car,17,90
2_1922,11834,car,17,90
2_1944,21684,car,17,90
2_1986,9688,car,17,90
2_1991,1392,car,17,90
2_1996,3032,car,17,90
2_1999,95,car,17,90
2_2000,890,car,17,90
2_2002,292,car,17,90
2_2003,1632,car,17,90
2_2014,42,car,17,90
2_2019,438,car,17,90
3_2023,9657,car,17,90
3_2024,29720,car,17,90
3_2030,1432,car,17,90
3_2037,12100,car,17,90
3_2040,286,car,17,90
3_2044,12762,car,17,90
3_2045,12781,car,17,90
3_2047,12632,car,17,90
3_2048,20401,car,17,90
3_2067,2295,car,17,90
3_2071,463,car,17,90
3_2073,519,car,17,90
3_2075,20073,car,17,90
3_2084,194,car,17,90
3_2086,739,car,17,90
3_2088,26861,car,17,90
3_2090,18332,car,17,90
3_2094,1826,car,17,90
3_2113,8045,car,17,90
3_2114,870,car,17,90
3_2124,13,car,17,90
3_2130,4478,car,17,90
3_2134,5857,car,17,90
3_2157,7438,car,17,90
3_2158,20319,car,17,90
3_2164,32288,car,17,90
3_2179,20146,car,17,90
3_2182,942,car,17,90
3_2183,3953,car,17,90
3_2200,10188,car,17,90
3_2202,848,car,17,90
3_2210,3506,car,17,90
3_2217,4700,car,17,90
3_2219,120,car,17,90
3_2220,2451,car,17,90
42_0001,5539,car,17,90
42_0034,14408,car,17,90
42_0083,2921,car,17,90
42_0087,279,car,17,90
42_0092,788,car,17,90
42_0096,3243,car,17,90
42_0102,16347,car,17,90
42_0105,20,car,17,90
42_0114,1524,car,17,90
42_0120,412,car,17,90
42_0128,5209,car,17,90
42_0129,1650,car,17,90
42_0145,7933,car,17,90
42_0155,1218,car,17,90
42_0165,8249,car,17,90
42_0168,21778,car,17,90
42_0172,1115,car,17,90
42_0175,3651,car,17,90
42_0182,2241,car,17,90
42_0191,9931,car,17,90
42_0210,9189,car,17,90
42_0224,1092,car,17,90
42_0225,2346,car,17,90
42_0226,9594,car,17,90
42_0232,558,car,17,90
42_0272,3558,car,17,90
42_0277,35780,car,17,90
42_0278,28088,car,17,90
42_0279,1109,car,17,90
42_0308,2879,car,17,90
42_0334,2651,car,17,90
42_0338,34117,car,17,90
42_0361,152,car,17,90
42_0365,19889,car,17,90
42_0383,1190,car,17,90
42_0386,181,car,17,90
42_0389,2153,car,17,90
42_0390,6982,car,17,90
42_0391,2154,car,17,90
42_0399,10939,car,17,90
42_0407,1481,car,17,90
42_0418,3955,car,17,90
42_0424,64,car,17,90
42_0432,2187,car,17,90
42_0434,3455,car,17,90
42_0471,9921,car,17,90
42_0477,237,car,17,90
42_0478,4408,car,17,90
42_0490,5026,car,17,90
42_0498,5762,car,17,90
42_0510,1025,car,17,90
42_0512,879,car,17,90
42_0522,2977,car,17,90
42_0538,34505,car,17,90
42_0540,5317,car,17,90
42_0550,8691,car,17,90
42_0555,36173,car,17,90
42_0558,477,car,17,90
42_0578,13003,car,17,90
42_0581,22834,car,17,90
42_0582,17646,car,17,90
42_0589,2777,car,17,90
45_599,1162,car,17,90
45_600,1767,car,17,90
45_619,636,car,17,90
45_645,20535,car,17,90
45_655,130,car,17,90
45_665,6380,car,17,90
45_679,30850,car,17,90
45_686,7373,car,17,90
45_687,35506,car,17,90
45_696,8793,car,17,90
45_742,29955,car,17,90
46_0788,7974,car,17,90
46_0812,111,car,17,90
46_0820,529,car,17,90
46_0833,202,car,17,90
46_0859,20903,car,17,90
46_0866,11619,car,17,90
46_0873,239,car,17,90
46_0886,404,car,17,90
46_0893,22693,car,17,90
46_0894,2448,car,17,90
46_0901,7934,car,17,90
46_0921,3465,car,17,90
46_0926,28508,car,17,90
46_0928,5892,car,17,90
46_0932,11888,car,17,90
46_0935,3043,car,17,90
46_0945,2233,car,17,90
46_0947,26,car,17,90
46_0958,18796,car,17,90
46_0974,1632,car,17,90
46_0975,697,car,17,90
46_0983,14698,car,17,90
46_0986,114,car,17,90
47_1014,6967,car,17,90
47_1025,2337,car,17,90
47_1037,1470,car,17,90
47_1040,2745,car,17,90
47_1046,1083,car,17,90
47_1051,7041,car,17,90
47_1054,493,car,17,90
47_1062,5650,car,17,90
47_1077,6377,car,17,90
47_1090,10614,car,17,90
47_1091,9465,car,17,90
47_1104,1004,car,17,90
47_1121,769,car,17,90
47_1127,219,car,17,90
47_1137,703,car,17,90
47_1141,17771,car,17,90
47_1148,114,car,17,90
47_1181,217,car,17,90
47_1193,240,car,17,90
48_1233,550,car,17,90
48_1240,3659,car,17,90
48_1244,7137,car,17,90
48_1245,85,car,17,90
48_1260,147,car,17,90
48_1267,121,car,17,90
48_1298,5260,car,17,90
48_1299,15195,car,17,90
48_1302,28471,car,17,90
48_1304,28253,car,17,90
48_1338,1558,car,17,90
48_1366,27295,car,17,90
48_1367,13461,car,17,90
48_1373,636,car,17,90
48_1374,2070,car,17,90
49_1390,27912,car,17,90
49_1393,43,car,17,90
49_1400,9850,car,17,90
49_1406,559,car,17,90
49_1408,1253,car,17,90
49_1411,2538,car,17,90
49_1421,35292,car,17,90
49_1434,20021,car,17,90
49_1437,29482,car,17,90
49_1438,5384,car,17,90
49_1444,12714,car,17,90
49_1459,13624,car,17,90
49_1476,378,car,17,90
49_1479,1629,car,17,90
49_1485,7986,car,17,90
49_1498,3137,car,17,90
49_1507,23018,car,17,90
49_1511,1238,car,17,90
49_1516,1393,car,17,90
49_1529,2130,car,17,90
49_1531,2894,car,17,90
49_1537,2724,car,17,90
49_1538,17217,car,17,90
49_1554,4787,car,17,90
4_2241,1052,car,17,90
4_2242,14176,car,17,90
4_2243,6592,car,17,90
4_2248,11148,car,17,90
4_2251,5685,car,17,90
4_2253,26798,car,17,90
4_2255,32,car,17,90
4_2265,1897,car,17,90
4_2276,968,car,17,90
4_2281,220,car,17,90
4_2292,1267,car,17,90
4_2293,19105,car,17,90
4_2296,10257,car,17,90
4_2298,11158,car,17,90
4_2299,3373,car,17,90
4_2312,6938,car,17,90
4_2315,9279,car,17,90
4_2326,1085,car,17,90
4_2328,2469,car,17,90
4_2332,35579,car,17,90
4_2334,23156,car,17,90
4_2338,25607,car,17,90
4_2339,33130,car,17,90
4_2345,982,car,17,90
4_2346,232,car,17,90
4_2349,21077,car,17,90
4_2350,780,car,17,90
4_2351,10388,car,17,90
4_2353,1590,car,17,90
4_2364,1681,car,17,90
4_2365,249,car,17,90
4_2369,33967,car,17,90
4_2370,1019,car,17,90
4_2373,8840,car,17,90
4_2393,9020,car,17,90
4_2404,1137,car,17,90
4_2410,3780,car,17,90
50_1591,34754,car,17,90
50_1594,383,car,17,90
50_1597,2253,car,17,90
50_1624,29514,car,17,90
50_1631,25864,car,17,90
50_1641,26331,car,17,90
50_1643,4806,car,17,90
50_1647,956,car,17,90
50_1649,7917,car,17,90
50_1663,2770,car,17,90
50_1670,32688,car,17,90
50_1682,2954,car,17,90
50_1690,18986,car,17,90
50_1696,360,car,17,90
50_1704,4186,car,17,90
50_1708,10269,car,17,90
50_1724,14691,car,17,90
50_1742,468,car,17,90
50_1744,1316,car,17,90
50_1773,4450,car,17,90
5_2419,450,car,17,90
5_2443,29824,car,17,90
5_2450,2920,car,17,90
5_2457,38634,car,17,90
5_2459,23706,car,17,90
5_2460,1747,car,17,90
5_2461,947,car,17,90
5_2462,305,car,17,90
5_2472,1839,car,17,90
5_2476,7107,car,17,90
5_2479,9920,car,17,90
5_2493,31308,car,17,90
5_2504,16205,car,17,90
5_2505,872,car,17,90
5_2506,11437,car,17,90
5_2507,5889,car,17,90
5_2508,1124,car,17,90
5_2511,224,car,17,90
5_2514,10335,car,17,90
5_2518,685,car,17,90
5_2520,6405,car,17,90
5_2528,13442,car,17,90
5_2549,29770,car,17,90
5_2550,1577,car,17,90
5_2551,1708,car,17,90
5_2565,780,car,17,90
5_2573,768,car,17,90
5_2576,6251,car,17,90
5_2580,2405,car,17,90
5_2586,854,car,17,90
6_2613,967,car,17,90
6_2617,22343,car,17,90
6_2619,507,car,17,90
6_2635,22456,car,17,90
6_2639,2689,car,17,90
6_2641,264,car,17,90
6_2665,6122,car,17,90
6_2667,13746,car,17,90
6_2670,3049,car,17,90
6_2696,1588,car,17,90
6_2697,33161,car,17,90
6_2698,3759,car,17,90
6_2701,6305,car,17,90
6_2721,6914,car,17,90
6_2731,1480,car,17,90
6_2735,24249,car,17,90
6_2738,9669,car,17,90
6_2750,14404,car,17,90
6_2752,522,car,17,90
6_2766,1666,car,17,90
6_2775,9976,car,17,90
6_2785,19643,car,17,90
7_2803,784,car,17,90
7_2812,30000,car,17,90
7_2825,4397,car,17,90
7_2828,4930,car,17,90
7_2829,95,car,17,90
7_2831,969,car,17,90
7_2834,5614,car,17,90
7_2854,29608,car,17,90
7_2859,4196,car,17,90
7_2875,396,car,17,90
7_2877,6886,car,17,90
7_2908,1332,car,17,90
7_2911,169,car,17,90
7_2913,1527,car,17,90
7_2916,617,car,17,90
7_2923,9991,car,17,90
7_2933,1671,car,17,90
7_2941,15208,car,17,90
7_2959,246,car,17,90
7_2965,18946,car,17,90
7_2972,5599,car,17,90
7_2973,8,car,17,90
42_0590,0,car,17,90
46_0806,0,car,17,90
48_1203,0,car,17,90
42_0591,0,car,17,90
42_0566,0,car,17,90
12_3379,0,car,17,90
42_0462,0,car,17,90
2_1952,0,car,17,90
5_2575,0,car,17,90
7_2870,0,car,17,90
2_1908,0,car,17,90
10_3154,0,car,17,90
13_3581,0,car,17,90
6_2610,0,car,17,90
42_0109,0,car,17,90
42_0416,0,car,17,90
6_2777,0,car,17,90
10_3187,0,car,17,90
12_3280,0,car,17,90
46_0996,0,car,17,90
4_2287,0,car,17,90
6_2753,0,car,17,90
42_0127,0,car,17,90
50_1698,0,car,17,90
4_2305,0,car,17,90
42_0202,0,car,17,90
5_2427,0,car,17,90
2_1990,0,car,17,90
16_4076,0,car,17,90
2_1886,0,car,17,90
16_3838,0,car,17,90
13_3444,0,car,17,90
42_0325,0,car,17,90
48_1217,0,car,17,90
42_0149,0,car,17,90
7_2889,0,car,17,90
3_2032,0,car,17,90
42_0206,0,car,17,90
12_3320,0,car,17,90
47_1049,0,car,17,90
49_1583,0,car,17,90
13_3566,0,car,17,90
46_0823,0,car,17,90
4_2267,0,car,17,90
45_620,0,car,17,90
46_0963,0,car,17,90
4_2237,0,car,17,90
6_2680,0,car,17,90
5_2437,0,car,17,90
3_2189,0,car,17,90
47_1140,0,car,17,90
2_1876,0,car,17,90
12_3254,0,car,17,90
45_750,0,car,17,90
3_2126,0,car,17,90
48_1309,0,car,17,90
49_1517,0,car,17,90
46_0992,0,car,17,90
6_2611,0,car,17,90
4_2335,0,car,17,90
2_1878,0,car,17,90
5_2574,0,car,17,90
12_3220,0,car,17,90
42_0394,0,car,17,90
5_2593,0,car,17,90
4_2235,0,car,17,90
5_2475,0,car,17,90
10_3166,0,car,17,90
48_1214,0,car,17,90
46_0802,0,car,17,90
46_0993,0,car,17,90
10_3022,0,car,17,90
7_2975,0,car,17,90
5_2469,0,car,17,90
16_3972,0,car,17,90
42_0310,0,car,17,90
4_2238,0,car,17,90
7_2880,0,car,17,90
47_1183,0,car,17,90
2_1866,0,car,17,90
16_4068,0,car,17,90
45_737,0,car,17,90
6_2661,0,car,17,90
10_3006,0,car,17,90
42_0091,0,car,17,90
16_3948,0,car,17,90
42_0186,0,car,17,90
3_2095,0,car,17,90
10_3167,0,car,17,90
6_2709,0,car,17,90
48_1205,0,car,17,90
4_2280,0,car,17,90
50_1667,0,car,17,90
12_3193,0,car,17,90
47_1167,0,car,17,90
5_2455,0,car,17,90
3_2188,0,car,17,90
6_2756,0,car,17,90
4_2246,0,car,17,90
2_1811,0,car,17,90
42_0124,0,car,17,90
7_2919,0,car,17,90
50_1665,0,car,17,90
7_2896,0,car,17,90
42_0115,0,car,17,90
4_2407,0,car,17,90
3_2211,0,car,17,90
3_2093,0,car,17,90
3_2111,0,car,17,90
45_664,0,car,17,90
5_2546,0,car,17,90
12_3390,0,car,17,90
49_1430,0,car,17,90
42_0179,0,car,17,90
45_626,0,car,17,90
42_0113,0,car,17,90
42_0173,0,car,17,90
3_2068,0,car,17,90
7_2804,0,car,17,90
46_0954,0,car,17,90
12_3378,0,car,17,90
10_3099,0,car,17,90
4_2270,0,car,17,90
42_0523,0,car,17,90
2_1796,0,car,17,90
2_2017,0,car,17,90
13_3416,0,car,17,90
2_1801,0,car,17,90
45_708,0,car,17,90
3_2080,0,car,17,90
42_0130,0,car,17,90
4_2355,0,car,17,90
50_1767,0,car,17,90
4_2411,0,car,17,90
6_2705,0,car,17,90
42_0421,0,car,17,90
49_1540,0,car,17,90
5_2487,0,car,17,90
4_2342,0,car,17,90
10_3054,0,car,17,90
5_2531,0,car,17,90
46_0967,0,car,17,90
4_2286,0,car,17,90
7_2879,0,car,17,90
45_612,0,car,17,90
47_1086,0,car,17,90
42_0455,0,car,17,90
49_1584,0,car,17,90
7_2847,0,car,17,90
49_1547,0,car,17,90
10_3152,0,car,17,90
3_2106,0,car,17,90
46_0855,0,car,17,90
47_1162,0,car,17,90
6_2669,0,car,17,90
42_0097,0,car,17,90
4_2319,0,car,17,90
46_0863,0,car,17,90
12_3240,0,car,17,90
4_2230,0,car,17,90
2_1957,0,car,17,90
4_2307,0,car,17,90
4_2414,0,car,17,90
6_2742,0,car,17,90
10_3144,0,car,17,90
45_712,0,car,17,90
12_3285,0,car,17,90
2_1962,0,car,17,90
42_0002,0,car,17,90
12_3313,0,car,17,90
12_3317,0,car,17,90
46_0994,0,car,17,90
2_1852,0,car,17,90
4_2397,0,car,17,90
48_1359,0,car,17,90
42_0152,0,car,17,90
45_726,0,car,17,90
6_2758,0,car,17,90
45_638,0,car,17,90
50_1748,0,car,17,90
10_3063,0,car,17,90
46_0890,0,car,17,90
49_1478,0,car,17,90
12_3393,0,car,17,90
3_2185,0,car,17,90
46_0903,0,car,17,90
16_4040,0,car,17,90
42_0409,0,car,17,90
42_0163,0,car,17,90
49_1451,0,car,17,90
46_0889,0,car,17,90
13_3519,0,car,17,90
42_0101,0,car,17,90
46_0810,0,car,17,90
42_0410,0,car,17,90
7_2821,0,car,17,90
2_1945,0,car,17,90
4_2250,0,car,17,90
47_1149,0,car,17,90
10_3093,0,car,17,90
12_3189,0,car,17,90
2_1977,0,car,17,90
50_1755,0,car,17,90
3_2104,0,car,17,90
42_0212,0,car,17,90
13_3454,0,car,17,90
4_2416,0,car,17,90
49_1503,0,car,17,90
2_1865,0,car,17,90
46_0904,0,car,17,90
48_1289,0,car,17,90
2_1891,0,car,17,90
12_3215,0,car,17,90
4_2377,0,car,17,90
47_1159,0,car,17,90
7_2964,0,car,17,90
12_3294,0,car,17,90
10_3183,0,car,17,90
3_2148,0,car,17,90
13_3560,0,car,17,90
49_1581,0,car,17,90
5_2442,0,car,17,90
50_1761,0,car,17,90
12_3306,0,car,17,90
2_1972,0,car,17,90
12_3297,0,car,17,90
4_2380,0,car,17,90
7_2849,0,car,17,90
5_2562,0,car,17,90
10_3053,0,car,17,90
50_1593,0,car,17,90
6_2737,0,car,17,90
6_2764,0,car,17,90
5_2558,0,car,17,90
48_1340,0,car,17,90
47_1078,0,car,17,90
10_2982,0,car,17,90
2_1868,0,car,17,90
42_0487,0,car,17,90
4_2379,0,car,17,90
2_1816,0,car,17,90
12_3211,0,car,17,90
45_598,0,car,17,90
3_2156,0,car,17,90
42_0121,0,car,17,90
50_1680,0,car,17,90
12_3329,0,car,17,90
50_1679,0,car,17,90
6_2638,0,car,17,90
12_3334,0,car,17,90
48_1282,0,car,17,90
5_2444,0,car,17,90
12_3256,0,car,17,90
6_2768,0,car,17,90
5_2458,0,car,17,90
50_1686,0,car,17,90
12_3324,0,car,17,90
47_1052,0,car,17,90
5_2453,0,car,17,90
10_3155,0,car,17,90
42_0457,0,car,17,90
42_0207,0,car,17,90
5_2543,0,car,17,90
5_2431,0,car,17,90
7_2799,0,car,17,90
3_2096,0,car,17,90
46_0931,0,car,17,90
10_2989,0,car,17,90
42_0193,0,car,17,90
12_3228,0,car,17,90
13_3497,0,car,17,90
45_690,0,car,17,90
3_2146,0,car,17,90
42_0208,0,car,17,90
6_2759,0,car,17,90
16_4067,0,car,17,90
42_0151,0,car,17,90
42_0213,0,car,17,90
10_3171,0,car,17,90
45_743,0,car,17,90
4_2336,0,car,17,90
4_2396,0,car,17,90
7_2924,0,car,17,90
46_0843,0,car,17,90
49_1524,0,car,17,90
10_3064,0,car,17,90
45_707,0,car,17,90
42_0123,0,car,17,90
46_0937,0,car,17,90
7_2892,0,car,17,90
46_0849,0,car,17,90
4_2383,0,car,17,90
46_1007,0,car,17,90
2_1827,0,car,17,90
2_1859,0,car,17,90
12_3195,0,car,17,90
4_2245,0,car,17,90
6_2712,0,car,17,90
42_0196,0,car,17,90
13_3504,0,car,17,90
50_1603,0,car,17,90
3_2199,0,car,17,90
48_1372,0,car,17,90
50_1617,0,car,17,90
50_1616,0,car,17,90
3_2151,0,car,17,90
4_2398,0,car,17,90
49_1505,0,car,17,90
50_1782,0,car,17,90
47_1192,0,car,17,90
42_0368,0,car,17,90
42_0162,0,car,17,90
47_1089,0,car,17,90
3_2081,0,car,17,90
47_1125,0,car,17,90
14_3644,0,car,17,90
49_1563,0,car,17,90
12_3372,0,car,17,90
42_0388,0,car,17,90
6_2715,0,car,17,90
2_1970,0,car,17,90
42_0211,0,car,17,90
42_0384,0,car,17,90
6_2651,0,car,17,90
42_0439,0,car,17,90
42_0108,0,car,17,90
4_2244,0,car,17,90
4_2395,0,car,17,90
12_3376,0,car,17,90
45_694,0,car,17,90
2_2010,0,car,17,90
46_0919,0,car,17,90
6_2782,0,car,17,90
42_0197,0,car,17,90
48_1238,0,car,17,90
5_2424,0,car,17,90
7_2824,0,car,17,90
6_2607,0,car,17,90
4_2361,0,car,17,90
42_0448,0,car,17,90
50_1732,0,car,17,90
42_0496,0,car,17,90
4_2371,0,car,17,90
5_2559,0,car,17,90
10_3069,0,car,17,90
42_0396,0,car,17,90
3_2155,0,car,17,90
10_3149,0,car,17,90
5_2440,0,car,17,90
5_2489,0,car,17,90
6_2615,0,car,17,90
49_1555,0,car,17,90
50_1750,0,car,17,90
12_3204,0,car,17,90
5_2494,0,car,17,90
45_768,0,car,17,90
3_2100,0,car,17,90
3_2175,0,car,17,90
16_3848,0,car,17,90
45_674,0,car,17,90
42_0154,0,car,17,90
42_0420,0,car,17,90
3_2133,0,car,17,90
5_2589,0,car,17,90
47_1015,0,car,17,90
42_0517,0,car,17,90
47_1050,0,car,17,90
16_3853,0,car,17,90
42_0164,0,car,17,90
3_2135,0,car,17,90
42_0567,0,car,17,90
10_3049,0,car,17,90
6_2675,0,car,17,90
3_2153,0,car,17,90
10_3159,0,car,17,90
7_2788,0,car,17,90
12_3210,0,car,17,90
16_4075,0,car,17,90
49_1522,0,car,17,90
2_1892,0,car,17,90
10_3101,0,car,17,90
50_1587,0,car,17,90
5_2552,0,car,17,90
2_1898,0,car,17,90
12_3188,0,car,17,90
4_2252,0,car,17,90
42_0072,0,car,17,90
4_2297,0,car,17,90
16_3872,0,car,17,90
47_1057,0,car,17,90
2_1946,0,car,17,90
42_0187,0,car,17,90
46_0878,0,car,17,90
49_1441,0,car,17,90
5_2547,0,car,17,90
12_3199,0,car,17,90
13_3460,0,car,17,90
10_3016,0,car,17,90
5_2445,0,car,17,90
16_4097,0,car,17,90
46_0808,0,car,17,90
5_2521,0,car,17,90
2_1914,0,car,17,90
50_1725,0,car,17,90
5_2492,0,car,17,90
6_2676,0,car,17,90
10_3184,0,car,17,90
46_0891,0,car,17,90
4_2273,0,car,17,90
46_0990,0,car,17,90
42_0485,0,car,17,90
2_1923,0,car,17,90
47_1064,0,car,17,90
13_3502,0,car,17,90
6_2745,0,car,17,90
5_2584,0,car,17,90
48_1312,0,car,17,90
46_0882,0,car,17,90
2_1837,0,car,17,90
6_2674,0,car,17,90
10_3043,0,car,17,90
42_0459,0,car,17,90
46_0915,0,car,17,90
16_3989,0,car,17,90
5_2420,0,car,17,90
5_2536,0,car,17,90
16_4080,0,car,17,90
3_2209,0,car,17,90
12_3345,0,car,17,90
3_2178,0,car,17,90
10_3139,0,car,17,90
7_2974,0,car,17,90
16_4102,0,car,17,90
50_1650,0,car,17,90
42_0423,0,car,17,90
5_2495,0,car,17,90
16_3908,0,car,17,90
49_1389,0,car,17,90
4_2356,0,car,17,90
7_2830,0,car,17,90
4_2352,0,car,17,90
46_0840,0,car,17,90
5_2497,0,car,17,90
48_1292,0,car,17,90
6_2662,0,car,17,90
3_2186,0,car,17,90
42_0327,0,car,17,90
48_1290,0,car,17,90
42_0438,0,car,17,90
6_2636,0,car,17,90
12_3279,0,car,17,90
13_3571,0,car,17,90
42_0314,0,car,17,90
7_2897,0,car,17,90
2_1822,0,car,17,90
12_3223,0,car,17,90
5_2532,0,car,17,90
47_1065,0,car,17,90
4_2389,0,car,17,90
6_2649,0,car,17,90
48_1329,0,car,17,90
4_2294,0,car,17,90
10_3056,0,car,17,90
6_2643,0,car,17,90
13_3496,0,car,17,90
42_0385,0,car,17,90
3_2218,0,car,17,90
6_2761,0,car,17,90
4_2277,0,car,17,90
7_2970,0,car,17,90
2_1942,0,car,17,90
4_2372,0,car,17,90
45_691,0,car,17,90
5_2522,0,car,17,90
12_3239,0,car,17,90
47_1085,0,car,17,90
45_631,0,car,17,90
5_2488,0,car,17,90
46_0925,0,car,17,90
12_3321,0,car,17,90
49_1443,0,car,17,90
6_2614,0,car,17,90
7_2920,0,car,17,90
4_2327,0,car,17,90
12_3218,0,car,17,90
3_2070,0,car,17,90
46_0839,0,car,17,90
46_0980,0,car,17,90
12_3319,0,car,17,90
10_2984,32234,car,17,120
10_2993,12387,car,17,120
10_2998,39825,car,17,120
10_3021,14128,car,17,120
10_3039,38152,car,17,120
10_3042,30019,car,17,120
10_3060,37421,car,17,120
10_3064,82,car,17,120
10_3075,16850,car,17,120
10_3076,30263,car,17,120
10_3098,24098,car,17,120
10_3126,15670,car,17,120
10_3133,35898,car,17,120
10_3149,338,car,17,120
10_3150,11468,car,17,120
10_3152,1061,car,17,120
10_3166,126,car,17,120
10_3167,10659,car,17,120
10_3171,4124,car,17,120
10_3187,3233,car,17,120
12_3188,1464,car,17,120
12_3192,37079,car,17,120
12_3197,815,car,17,120
12_3210,6,car,17,120
12_3211,1429,car,17,120
12_3216,6610,car,17,120
12_3217,11897,car,17,120
12_3218,2449,car,17,120
12_3220,4873,car,17,120
12_3229,40518,car,17,120
12_3238,10653,car,17,120
12_3241,30085,car,17,120
12_3245,4623,car,17,120
12_3246,37411,car,17,120
12_3253,6791,car,17,120
12_3259,20752,car,17,120
12_3261,39000,car,17,120
12_3262,22239,car,17,120
12_3266,34976,car,17,120
12_3278,37913,car,17,120
12_3282,27556,car,17,120
12_3290,3183,car,17,120
12_3302,35783,car,17,120
12_3304,36234,car,17,120
12_3307,40745,car,17,120
12_3309,3994,car,17,120
12_3314,20767,car,17,120
12_3332,8400,car,17,120
12_3345,4165,car,17,120
12_3361,29979,car,17,120
12_3369,14500,car,17,120
12_3376,871,car,17,120
12_3379,15,car,17,120
12_3380,35587,car,17,120
12_3389,18809,car,17,120
12_3397,40815,car,17,120
13_3401,7369,car,17,120
13_3426,37040,car,17,120
13_3428,15299,car,17,120
13_3434,10476,car,17,120
13_3436,15729,car,17,120
13_3439,13078,car,17,120
13_3449,30905,car,17,120
13_3453,28299,car,17,120
13_3465,3384,car,17,120
13_3473,20754,car,17,120
13_3480,2938,car,17,120
13_3532,33213,car,17,120
13_3536,16589,car,17,120
13_3544,39494,car,17,120
13_3553,3064,car,17,120
13_3556,10878,car,17,120
13_3562,5069,car,17,120
13_3568,20106,car,17,120
13_3580,38511,car,17,120
13_3581,22,car,17,120
13_3586,36108,car,17,120
13_3588,37296,car,17,120
14_3632,31894,car,17,120
14_3655,28587,car,17,120
14_3699,38648,car,17,120
14_3710,38722,car,17,120
14_3725,35668,car,17,120
16_3777,34911,car,17,120
16_3866,37184,car,17,120
16_3886,36243,car,17,120
16_3903,28613,car,17,120
16_3909,38417,car,17,120
16_3932,38891,car,17,120
16_3948,6274,car,17,120
16_3950,34799,car,17,120
16_3977,21459,car,17,120
16_3991,29892,car,17,120
16_4013,40623,car,17,120
16_4014,36561,car,17,120
16_4040,3334,car,17,120
16_4047,35077,car,17,120
16_4058,30894,car,17,120
16_4103,35201,car,17,120
16_4105,35621,car,17,120
16_4116,42618,car,17,120
2_1791,1190,car,17,120
2_1796,22,car,17,120
2_1801,4,car,17,120
2_1831,19908,car,17,120
2_1834,37953,car,17,120
2_1838,40990,car,17,120
2_1847,33839,car,17,120
2_1852,919,car,17,120
2_1861,8647,car,17,120
2_1863,19180,car,17,120
2_1870,38755,car,17,120
2_1879,11485,car,17,120
2_1880,30948,car,17,120
2_1891,5516,car,17,120
2_1894,24589,car,17,120
2_1914,18955,car,17,120
2_1922,35046,car,17,120
2_1944,39502,car,17,120
2_1945,4297,car,17,120
2_1952,1,car,17,120
2_1986,35345,car,17,120
2_1991,18194,car,17,120
2_1996,24200,car,17,120
2_1999,15706,car,17,120
2_2000,6852,car,17,120
2_2002,3802,car,17,120
2_2003,15615,car,17,120
2_2010,10409,car,17,120
2_2014,7815,car,17,120
2_2017,291,car,17,120
2_2019,8844,car,17,120
3_2023,34923,car,17,120
3_2024,39306,car,17,120
3_2030,6182,car,17,120
3_2037,37247,car,17,120
3_2040,7300,car,17,120
3_2044,35029,car,17,120
3_2045,37503,car,17,120
3_2047,35361,car,17,120
3_2048,38345,car,17,120
3_2067,17530,car,17,120
3_2071,2928,car,17,120
3_2073,3245,car,17,120
3_2075,36829,car,17,120
3_2084,1987,car,17,120
3_2086,3659,car,17,120
3_2088,37089,car,17,120
3_2090,38321,car,17,120
3_2094,17081,car,17,120
3_2113,34394,car,17,120
3_2114,7546,car,17,120
3_2124,1078,car,17,120
3_2130,27113,car,17,120
3_2134,31933,car,17,120
3_2146,5747,car,17,120
3_2148,1121,car,17,120
3_2155,1033,car,17,120
3_2157,33322,car,17,120
3_2158,38572,car,17,120
3_2164,39846,car,17,120
3_2175,1076,car,17,120
3_2178,2900,car,17,120
3_2179,37312,car,17,120
3_2182,15053,car,17,120
3_2183,19439,car,17,120
3_2189,392,car,17,120
3_2200,33852,car,17,120
3_2202,20891,car,17,120
3_2209,212,car,17,120
3_2210,24570,car,17,120
3_2217,27958,car,17,120
3_2219,222,car,17,120
3_2220,12094,car,17,120
42_0001,31406,car,17,120
42_0002,9907,car,17,120
42_0034,33754,car,17,120
42_0083,19473,car,17,120
42_0087,914,car,17,120
42_0091,1460,car,17,120
42_0092,6496,car,17,120
42_0096,15274,car,17,120
42_0102,37469,car,17,120
42_0105,532,car,17,120
42_0114,10795,car,17,120
42_0120,2573,car,17,120
42_0123,767,car,17,120
42_0128,29807,car,17,120
42_0129,17306,car,17,120
42_0130,3421,car,17,120
42_0145,32823,car,17,120
42_0155,14989,car,17,120
42_0163,5282,car,17,120
42_0165,32823,car,17,120
42_0168,38777,car,17,120
42_0172,17400,car,17,120
42_0173,27,car,17,120
42_0175,26900,car,17,120
42_0182,16476,car,17,120
42_0191,35268,car,17,120
42_0193,95,car,17,120
42_0197,2459,car,17,120
42_0202,273,car,17,120
42_0207,24,car,17,120
42_0210,35188,car,17,120
42_0224,12176,car,17,120
42_0225,25808,car,17,120
42_0226,33031,car,17,120
42_0232,12683,car,17,120
42_0272,25033,car,17,120
42_0277,40676,car,17,120
42_0278,38416,car,17,120
42_0279,2388,car,17,120
42_0308,27418,car,17,120
42_0334,22639,car,17,120
42_0338,40679,car,17,120
42_0361,6665,car,17,120
42_0365,38216,car,17,120
42_0383,19941,car,17,120
42_0385,798,car,17,120
42_0386,3760,car,17,120
42_0389,16830,car,17,120
42_0390,29864,car,17,120
42_0391,23660,car,17,120
42_0396,4160,car,17,120
42_0399,34105,car,17,120
42_0407,12474,car,17,120
42_0418,27320,car,17,120
42_0424,4794,car,17,120
42_0432,24023,car,17,120
42_0434,28485,car,17,120
42_0439,2395,car,17,120
42_0471,35769,car,17,120
42_0477,14539,car,17,120
42_0478,30299,car,17,120
42_0487,12197,car,17,120
42_0490,31589,car,17,120
42_0498,33514,car,17,120
42_0510,8854,car,17,120
42_0512,23399,car,17,120
42_0522,16003,car,17,120
42_0538,41636,car,17,120
42_0540,28961,car,17,120
42_0550,35090,car,17,120
42_0555,42034,car,17,120
42_0558,5967,car,17,120
42_0567,185,car,17,120
42_0578,37428,car,17,120
42_0581,36108,car,17,120
42_0582,35978,car,17,120
42_0589,24050,car,17,120
42_0590,3122,car,17,120
45_599,17435,car,17,120
45_600,11781,car,17,120
45_619,23668,car,17,120
45_645,35307,car,17,120
45_655,357,car,17,120
45_664,27672,car,17,120
45_665,33438,car,17,120
45_674,8659,car,17,120
45_679,39589,car,17,120
45_686,31602,car,17,120
45_687,41418,car,17,120
45_691,1296,car,17,120
45_696,35466,car,17,120
45_742,40639,car,17,120
46_0788,32327,car,17,120
46_0802,313,car,17,120
46_0812,2657,car,17,120
46_0820,10915,car,17,120
46_0823,26,car,17,120
46_0833,883,car,17,120
46_0839,2001,car,17,120
46_0859,38725,car,17,120
46_0866,36892,car,17,120
46_0873,2424,car,17,120
46_0886,3090,car,17,120
46_0890,16961,car,17,120
46_0891,1949,car,17,120
46_0893,35666,car,17,120
46_0894,12971,car,17,120
46_0901,35061,car,17,120
46_0921,27716,car,17,120
46_0926,40033,car,17,120
46_0928,32168,car,17,120
46_0932,27936,car,17,120
46_0935,24450,car,17,120
46_0937,400,car,17,120
46_0945,21159,car,17,120
46_0947,2714,car,17,120
46_0958,38322,car,17,120
46_0963,287,car,17,120
46_0967,20,car,17,120
46_0974,11115,car,17,120
46_0975,1945,car,17,120
46_0983,30919,car,17,120
46_0986,16652,car,17,120
46_0990,5436,car,17,120
46_0992,1856,car,17,120
46_0993,2761,car,17,120
46_0996,6765,car,17,120
46_1007,318,car,17,120
47_1014,33484,car,17,120
47_1025,16140,car,17,120
47_1037,15746,car,17,120
47_1040,14975,car,17,120
47_1046,9036,car,17,120
47_1049,1591,car,17,120
47_1051,30179,car,17,120
47_1052,1608,car,17,120
47_1054,5507,car,17,120
47_1062,30556,car,17,120
47_1077,32196,car,17,120
47_1078,231,car,17,120
47_1090,33891,car,17,120
47_1091,31734,car,17,120
47_1104,19559,car,17,120
47_1121,5919,car,17,120
47_1125,2513,car,17,120
47_1127,14336,car,17,120
47_1137,6117,car,17,120
47_1140,161,car,17,120
47_1141,35381,car,17,120
47_1148,26082,car,17,120
47_1181,1280,car,17,120
47_1193,5290,car,17,120
48_1203,720,car,17,120
48_1217,1841,car,17,120
48_1233,10057,car,17,120
48_1240,29794,car,17,120
48_1244,34075,car,17,120
48_1245,21936,car,17,120
48_1260,3433,car,17,120
48_1267,18594,car,17,120
48_1298,31113,car,17,120
48_1299,38007,car,17,120
48_1302,38763,car,17,120
48_1304,38420,car,17,120
48_1329,33,car,17,120
48_1338,9197,car,17,120
48_1359,6919,car,17,120
48_1366,39316,car,17,120
48_1367,36855,car,17,120
48_1372,396,car,17,120
48_1373,5364,car,17,120
48_1374,16081,car,17,120
49_1390,39462,car,17,120
49_1393,3084,car,17,120
49_1400,35913,car,17,120
49_1406,14415,car,17,120
49_1408,15133,car,17,120
49_1411,17246,car,17,120
49_1421,41792,car,17,120
49_1434,36863,car,17,120
49_1437,39773,car,17,120
49_1438,28392,car,17,120
49_1444,36500,car,17,120
49_1459,34368,car,17,120
49_1476,16534,car,17,120
49_1479,16674,car,17,120
49_1485,32100,car,17,120
49_1498,25287,car,17,120
49_1505,2169,car,17,120
49_1507,39044,car,17,120
49_1511,20257,car,17,120
49_1516,16086,car,17,120
49_1517,3246,car,17,120
49_1522,2964,car,17,120
49_1529,16313,car,17,120
49_1531,13243,car,17,120
49_1537,22548,car,17,120
49_1538,36196,car,17,120
49_1554,30210,car,17,120
49_1555,2038,car,17,120
4_2230,76,car,17,120
4_2241,18831,car,17,120
4_2242,37373,car,17,120
4_2243,29086,car,17,120
4_2245,2,car,17,120
4_2248,34427,car,17,120
4_2251,24419,car,17,120
4_2253,38309,car,17,120
4_2255,180,car,17,120
4_2265,26164,car,17,120
4_2270,623,car,17,120
4_2276,4534,car,17,120
4_2281,3928,car,17,120
4_2292,7885,car,17,120
4_2293,38225,car,17,120
4_2296,35885,car,17,120
4_2298,36031,car,17,120
4_2299,23208,car,17,120
4_2305,915,car,17,120
4_2312,32507,car,17,120
4_2315,35693,car,17,120
4_2326,13029,car,17,120
4_2328,17635,car,17,120
4_2332,40524,car,17,120
4_2334,40026,car,17,120
4_2338,39239,car,17,120
4_2339,41398,car,17,120
4_2342,2116,car,17,120
4_2345,10263,car,17,120
4_2346,1874,car,17,120
4_2349,38170,car,17,120
4_2350,7303,car,17,120
4_2351,33250,car,17,120
4_2353,8610,car,17,120
4_2364,12610,car,17,120
4_2365,4863,car,17,120
4_2369,39975,car,17,120
4_2370,8329,car,17,120
4_2373,35060,car,17,120
4_2389,3001,car,17,120
4_2393,31446,car,17,120
4_2404,6728,car,17,120
4_2407,3762,car,17,120
4_2410,22849,car,17,120
4_2414,1169,car,17,120
50_1591,41288,car,17,120
50_1594,2453,car,17,120
50_1597,16817,car,17,120
50_1603,1532,car,17,120
50_1617,8072,car,17,120
50_1624,39082,car,17,120
50_1631,40345,car,17,120
50_1641,38484,car,17,120
50_1643,28124,car,17,120
50_1647,7153,car,17,120
50_1649,34139,car,17,120
50_1663,21531,car,17,120
50_1667,830,car,17,120
50_1670,39550,car,17,120
50_1682,28548,car,17,120
50_1690,35132,car,17,120
50_1696,6271,car,17,120
50_1704,24116,car,17,120
50_1708,34208,car,17,120
50_1724,37181,car,17,120
50_1742,10050,car,17,120
50_1744,17762,car,17,120
50_1750,239,car,17,120
50_1773,30501,car,17,120
5_2419,4639,car,17,120
5_2443,40130,car,17,120
5_2444,1818,car,17,120
5_2450,20461,car,17,120
5_2455,454,car,17,120
5_2457,42462,car,17,120
5_2459,39632,car,17,120
5_2460,15766,car,17,120
5_2461,4068,car,17,120
5_2462,982,car,17,120
5_2469,796,car,17,120
5_2472,17348,car,17,120
5_2476,33579,car,17,120
5_2479,32732,car,17,120
5_2493,40478,car,17,120
5_2497,2537,car,17,120
5_2504,37990,car,17,120
5_2505,7111,car,17,120
5_2506,34244,car,17,120
5_2507,31978,car,17,120
5_2508,7561,car,17,120
5_2511,5153,car,17,120
5_2514,36074,car,17,120
5_2518,6347,car,17,120
5_2520,31952,car,17,120
5_2528,36011,car,17,120
5_2531,1476,car,17,120
5_2543,5602,car,17,120
5_2546,367,car,17,120
5_2547,1802,car,17,120
5_2549,39148,car,17,120
5_2550,7400,car,17,120
5_2551,9422,car,17,120
5_2562,888,car,17,120
5_2565,18189,car,17,120
5_2573,6739,car,17,120
5_2576,28938,car,17,120
5_2580,11236,car,17,120
5_2586,8653,car,17,120
5_2589,1436,car,17,120
5_2593,426,car,17,120
6_2613,5660,car,17,120
6_2617,39221,car,17,120
6_2619,10735,car,17,120
6_2635,39388,car,17,120
6_2636,2148,car,17,120
6_2638,6770,car,17,120
6_2639,25074,car,17,120
6_2641,11593,car,17,120
6_2649,2877,car,17,120
6_2665,31605,car,17,120
6_2667,35317,car,17,120
6_2669,4512,car,17,120
6_2670,24609,car,17,120
6_2674,327,car,17,120
6_2676,3272,car,17,120
6_2696,22281,car,17,120
6_2697,39640,car,17,120
6_2698,16724,car,17,120
6_2701,29250,car,17,120
6_2721,31636,car,17,120
6_2731,16563,car,17,120
6_2735,39367,car,17,120
6_2738,35234,car,17,120
6_2742,774,car,17,120
6_2750,37079,car,17,120
6_2752,4008,car,17,120
6_2753,7941,car,17,120
6_2761,469,car,17,120
6_2764,2213,car,17,120
6_2766,10143,car,17,120
6_2768,108,car,17,120
6_2775,35918,car,17,120
6_2785,36807,car,17,120
7_2803,2187,car,17,120
7_2804,1507,car,17,120
7_2812,39549,car,17,120
7_2825,31469,car,17,120
7_2828,29227,car,17,120
7_2829,1371,car,17,120
7_2831,4437,car,17,120
7_2834,28723,car,17,120
7_2847,2408,car,17,120
7_2854,40772,car,17,120
7_2859,30447,car,17,120
7_2875,24396,car,17,120
7_2877,29831,car,17,120
7_2879,239,car,17,120
7_2889,12736,car,17,120
7_2908,7377,car,17,120
7_2911,9972,car,17,120
7_2913,14081,car,17,120
7_2916,4163,car,17,120
7_2920,1485,car,17,120
7_2923,35300,car,17,120
7_2933,9716,car,17,120
7_2941,36376,car,17,120
7_2959,4092,car,17,120
7_2964,637,car,17,120
7_2965,38520,car,17,120
7_2970,1770,car,17,120
7_2972,27531,car,17,120
7_2973,903,car,17,120
46_0806,0,car,17,120
42_0591,0,car,17,120
42_0566,0,car,17,120
42_0462,0,car,17,120
5_2575,0,car,17,120
7_2870,0,car,17,120
2_1908,0,car,17,120
10_3154,0,car,17,120
6_2610,0,car,17,120
42_0109,0,car,17,120
42_0416,0,car,17,120
6_2777,0,car,17,120
12_3280,0,car,17,120
4_2287,0,car,17,120
42_0127,0,car,17,120
50_1698,0,car,17,120
5_2427,0,car,17,120
2_1990,0,car,17,120
16_4076,0,car,17,120
2_1886,0,car,17,120
16_3838,0,car,17,120
13_3444,0,car,17,120
42_0325,0,car,17,120
42_0149,0,car,17,120
3_2032,0,car,17,120
42_0206,0,car,17,120
12_3320,0,car,17,120
49_1583,0,car,17,120
13_3566,0,car,17,120
4_2267,0,car,17,120
45_620,0,car,17,120
4_2237,0,car,17,120
6_2680,0,car,17,120
5_2437,0,car,17,120
2_1876,0,car,17,120
12_3254,0,car,17,120
45_750,0,car,17,120
3_2126,0,car,17,120
48_1309,0,car,17,120
6_2611,0,car,17,120
4_2335,0,car,17,120
2_1878,0,car,17,120
5_2574,0,car,17,120
42_0394,0,car,17,120
4_2235,0,car,17,120
5_2475,0,car,17,120
48_1214,0,car,17,120
10_3022,0,car,17,120
7_2975,0,car,17,120
16_3972,0,car,17,120
42_0310,0,car,17,120
4_2238,0,car,17,120
7_2880,0,car,17,120
47_1183,0,car,17,120
2_1866,0,car,17,120
16_4068,0,car,17,120
45_737,0,car,17,120
6_2661,0,car,17,120
10_3006,0,car,17,120
42_0186,0,car,17,120
3_2095,0,car,17,120
6_2709,0,car,17,120
48_1205,0,car,17,120
4_2280,0,car,17,120
12_3193,0,car,17,120
47_1167,0,car,17,120
3_2188,0,car,17,120
6_2756,0,car,17,120
4_2246,0,car,17,120
7_2919,0,car,17,120
2_1811,0,car,17,120
42_0124,0,car,17,120
50_1665,0,car,17,120
7_2896,0,car,17,120
42_0115,0,car,17,120
3_2211,0,car,17,120
3_2093,0,car,17,120
3_2111,0,car,17,120
12_3390,0,car,17,120
49_1430,0,car,17,120
42_0179,0,car,17,120
45_626,0,car,17,120
42_0113,0,car,17,120
3_2068,0,car,17,120
46_0954,0,car,17,120
12_3378,0,car,17,120
10_3099,0,car,17,120
42_0523,0,car,17,120
13_3416,0,car,17,120
45_708,0,car,17,120
3_2080,0,car,17,120
4_2355,0,car,17,120
50_1767,0,car,17,120
4_2411,0,car,17,120
6_2705,0,car,17,120
42_0421,0,car,17,120
49_1540,0,car,17,120
5_2487,0,car,17,120
10_3054,0,car,17,120
4_2286,0,car,17,120
45_612,0,car,17,120
47_1086,0,car,17,120
42_0455,0,car,17,120
49_1584,0,car,17,120
49_1547,0,car,17,120
3_2106,0,car,17,120
46_0855,0,car,17,120
47_1162,0,car,17,120
42_0097,0,car,17,120
4_2319,0,car,17,120
46_0863,0,car,17,120
12_3240,0,car,17,120
2_1957,0,car,17,120
4_2307,0,car,17,120
10_3144,0,car,17,120
45_712,0,car,17,120
12_3285,0,car,17,120
2_1962,0,car,17,120
12_3313,0,car,17,120
12_3317,0,car,17,120
46_0994,0,car,17,120
4_2397,0,car,17,120
42_0152,0,car,17,120
45_726,0,car,17,120
6_2758,0,car,17,120
45_638,0,car,17,120
50_1748,0,car,17,120
10_3063,0,car,17,120
49_1478,0,car,17,120
12_3393,0,car,17,120
3_2185,0,car,17,120
46_0903,0,car,17,120
42_0409,0,car,17,120
49_1451,0,car,17,120
46_0889,0,car,17,120
13_3519,0,car,17,120
42_0101,0,car,17,120
46_0810,0,car,17,120
42_0410,0,car,17,120
7_2821,0,car,17,120
4_2250,0,car,17,120
47_1149,0,car,17,120
10_3093,0,car,17,120
12_3189,0,car,17,120
2_1977,0,car,17,120
50_1755,0,car,17,120
3_2104,0,car,17,120
42_0212,0,car,17,120
13_3454,0,car,17,120
4_2416,0,car,17,120
49_1503,0,car,17,120
2_1865,0,car,17,120
46_0904,0,car,17,120
48_1289,0,car,17,120
12_3215,0,car,17,120
4_2377,0,car,17,120
47_1159,0,car,17,120
12_3294,0,car,17,120
10_3183,0,car,17,120
13_3560,0,car,17,120
49_1581,0,car,17,120
5_2442,0,car,17,120
50_1761,0,car,17,120
12_3306,0,car,17,120
2_1972,0,car,17,120
12_3297,0,car,17,120
4_2380,0,car,17,120
7_2849,0,car,17,120
10_3053,0,car,17,120
50_1593,0,car,17,120
6_2737,0,car,17,120
5_2558,0,car,17,120
48_1340,0,car,17,120
10_2982,0,car,17,120
2_1868,0,car,17,120
4_2379,0,car,17,120
2_1816,0,car,17,120
45_598,0,car,17,120
3_2156,0,car,17,120
42_0121,0,car,17,120
50_1680,0,car,17,120
12_3329,0,car,17,120
50_1679,0,car,17,120
12_3334,0,car,17,120
48_1282,0,car,17,120
12_3256,0,car,17,120
5_2458,0,car,17,120
50_1686,0,car,17,120
12_3324,0,car,17,120
5_2453,0,car,17,120
10_3155,0,car,17,120
42_0457,0,car,17,120
5_2431,0,car,17,120
7_2799,0,car,17,120
3_2096,0,car,17,120
46_0931,0,car,17,120
10_2989,0,car,17,120
12_3228,0,car,17,120
13_3497,0,car,17,120
45_690,0,car,17,120
42_0208,0,car,17,120
6_2759,0,car,17,120
16_4067,0,car,17,120
42_0151,0,car,17,120
42_0213,0,car,17,120
45_743,0,car,17,120
4_2336,0,car,17,120
4_2396,0,car,17,120
7_2924,0,car,17,120
46_0843,0,car,17,120
49_1524,0,car,17,120
45_707,0,car,17,120
7_2892,0,car,17,120
46_0849,0,car,17,120
4_2383,0,car,17,120
2_1827,0,car,17,120
2_1859,0,car,17,120
12_3195,0,car,17,120
6_2712,0,car,17,120
42_0196,0,car,17,120
13_3504,0,car,17,120
3_2199,0,car,17,120
50_1616,0,car,17,120
3_2151,0,car,17,120
4_2398,0,car,17,120
50_1782,0,car,17,120
47_1192,0,car,17,120
42_0368,0,car,17,120
42_0162,0,car,17,120
47_1089,0,car,17,120
3_2081,0,car,17,120
14_3644,0,car,17,120
49_1563,0,car,17,120
12_3372,0,car,17,120
42_0388,0,car,17,120
6_2715,0,car,17,120
2_1970,0,car,17,120
42_0211,0,car,17,120
42_0384,0,car,17,120
6_2651,0,car,17,120
42_0108,0,car,17,120
4_2244,0,car,17,120
4_2395,0,car,17,120
45_694,0,car,17,120
46_0919,0,car,17,120
6_2782,0,car,17,120
48_1238,0,car,17,120
5_2424,0,car,17,120
7_2824,0,car,17,120
6_2607,0,car,17,120
4_2361,0,car,17,120
42_0448,0,car,17,120
50_1732,0,car,17,120
42_0496,0,car,17,120
4_2371,0,car,17,120
5_2559,0,car,17,120
10_3069,0,car,17,120
5_2440,0,car,17,120
5_2489,0,car,17,120
6_2615,0,car,17,120
12_3204,0,car,17,120
5_2494,0,car,17,120
45_768,0,car,17,120
3_2100,0,car,17,120
16_3848,0,car,17,120
42_0154,0,car,17,120
42_0420,0,car,17,120
3_2133,0,car,17,120
47_1015,0,car,17,120
42_0517,0,car,17,120
47_1050,0,car,17,120
16_3853,0,car,17,120
42_0164,0,car,17,120
3_2135,0,car,17,120
10_3049,0,car,17,120
6_2675,0,car,17,120
3_2153,0,car,17,120
10_3159,0,car,17,120
7_2788,0,car,17,120
16_4075,0,car,17,120
2_1892,0,car,17,120
10_3101,0,car,17,120
50_1587,0,car,17,120
5_2552,0,car,17,120
2_1898,0,car,17,120
4_2252,0,car,17,120
42_0072,0,car,17,120
4_2297,0,car,17,120
16_3872,0,car,17,120
47_1057,0,car,17,120
2_1946,0,car,17,120
42_0187,0,car,17,120
46_0878,0,car,17,120
49_1441,0,car,17,120
12_3199,0,car,17,120
13_3460,0,car,17,120
10_3016,0,car,17,120
5_2445,0,car,17,120
16_4097,0,car,17,120
46_0808,0,car,17,120
5_2521,0,car,17,120
50_1725,0,car,17,120
5_2492,0,car,17,120
10_3184,0,car,17,120
4_2273,0,car,17,120
42_0485,0,car,17,120
2_1923,0,car,17,120
47_1064,0,car,17,120
13_3502,0,car,17,120
6_2745,0,car,17,120
5_2584,0,car,17,120
48_1312,0,car,17,120
46_0882,0,car,17,120
2_1837,0,car,17,120
10_3043,0,car,17,120
42_0459,0,car,17,120
46_0915,0,car,17,120
16_3989,0,car,17,120
5_2420,0,car,17,120
5_2536,0,car,17,120
16_4080,0,car,17,120
10_3139,0,car,17,120
7_2974,0,car,17,120
16_4102,0,car,17,120
50_1650,0,car,17,120
42_0423,0,car,17,120
5_2495,0,car,17,120
16_3908,0,car,17,120
49_1389,0,car,17,120
4_2356,0,car,17,120
7_2830,0,car,17,120
4_2352,0,car,17,120
46_0840,0,car,17,120
48_1292,0,car,17,120
6_2662,0,car,17,120
3_2186,0,car,17,120
42_0327,0,car,17,120
48_1290,0,car,17,120
42_0438,0,car,17,120
12_3279,0,car,17,120
13_3571,0,car,17,120
42_0314,0,car,17,120
7_2897,0,car,17,120
2_1822,0,car,17,120
12_3223,0,car,17,120
5_2532,0,car,17,120
47_1065,0,car,17,120
4_2294,0,car,17,120
10_3056,0,car,17,120
6_2643,0,car,17,120
13_3496,0,car,17,120
3_2218,0,car,17,120
4_2277,0,car,17,120
2_1942,0,car,17,120
4_2372,0,car,17,120
5_2522,0,car,17,120
12_3239,0,car,17,120
47_1085,0,car,17,120
45_631,0,car,17,120
5_2488,0,car,17,120
46_0925,0,car,17,120
12_3321,0,car,17,120
49_1443,0,car,17,120
6_2614,0,car,17,120
4_2327,0,car,17,120
3_2070,0,car,17,120
46_0980,0,car,17,120
12_3319,0,car,17,120
10_2980,10291,pt,16,90
10_3003,128,pt,16,90
10_3014,3822,pt,16,90
10_3018,227,pt,16,90
10_3034,12618,pt,16,90
10_3038,170,pt,16,90
10_3040,842,pt,16,90
10_3047,1898,pt,16,90
10_3055,2092,pt,16,90
10_3065,477,pt,16,90
10_3078,362,pt,16,90
10_3102,17309,pt,16,90
10_3109,1530,pt,16,90
10_3112,641,pt,16,90
10_3125,11340,pt,16,90
10_3145,567,pt,16,90
10_3147,46,pt,16,90
10_3148,7867,pt,16,90
10_3170,226,pt,16,90
10_3173,13462,pt,16,90
10_3178,5729,pt,16,90
10_3179,28,pt,16,90
10_3181,3423,pt,16,90
10_3185,244,pt,16,90
10_3186,172,pt,16,90
12_3142,5936,pt,16,90
12_3212,457,pt,16,90
12_3221,356,pt,16,90
12_3234,2808,pt,16,90
12_3273,2702,pt,16,90
12_3293,103,pt,16,90
12_3303,3057,pt,16,90
12_3311,9270,pt,16,90
12_3336,4,pt,16,90
12_3342,6,pt,16,90
12_3353,8669,pt,16,90
12_3355,57,pt,16,90
12_3358,1176,pt,16,90
12_3359,6997,pt,16,90
12_3362,4019,pt,16,90
12_3363,12519,pt,16,90
12_3365,13,pt,16,90
12_3391,3857,pt,16,90
13_3399,3330,pt,16,90
13_3409,58,pt,16,90
13_3417,4032,pt,16,90
13_3424,89,pt,16,90
13_3429,15305,pt,16,90
13_3431,116,pt,16,90
13_3433,502,pt,16,90
13_3438,2159,pt,16,90
13_3441,904,pt,16,90
13_3456,108,pt,16,90
13_3457,267,pt,16,90
13_3472,501,pt,16,90
13_3476,572,pt,16,90
13_3492,8873,pt,16,90
13_3520,357,pt,16,90
13_3539,527,pt,16,90
13_3548,224,pt,16,90
13_3590,136,pt,16,90
14_3612,19,pt,16,90
14_3618,16378,pt,16,90
14_3619,379,pt,16,90
14_3622,5388,pt,16,90
14_3624,14346,pt,16,90
14_3627,471,pt,16,90
14_3628,261,pt,16,90
14_3630,1430,pt,16,90
14_3631,907,pt,16,90
14_3633,4507,pt,16,90
14_3639,6491,pt,16,90
14_3657,2066,pt,16,90
14_3660,2144,pt,16,90
14_3673,109,pt,16,90
14_3674,64,pt,16,90
14_3675,158,pt,16,90
14_3676,364,pt,16,90
14_3692,16912,pt,16,90
14_3695,10352,pt,16,90
14_3712,178,pt,16,90
14_3713,2606,pt,16,90
14_3720,746,pt,16,90
14_3724,2505,pt,16,90
14_3729,6218,pt,16,90
14_3735,6119,pt,16,90
14_3739,180,pt,16,90
14_3741,9,pt,16,90
14_3746,561,pt,16,90
16_3753,11890,pt,16,90
16_3793,2635,pt,16,90
16_3794,6787,pt,16,90
16_3797,18685,pt,16,90
16_3803,564,pt,16,90
16_3807,545,pt,16,90
16_3820,9774,pt,16,90
16_3823,72,pt,16,90
16_3828,15920,pt,16,90
16_3829,1118,pt,16,90
16_3835,5455,pt,16,90
16_3841,5489,pt,16,90
16_3842,7373,pt,16,90
16_3846,2234,pt,16,90
16_3851,80,pt,16,90
16_3856,188,pt,16,90
16_3862,10646,pt,16,90
16_3881,1965,pt,16,90
16_3887,287,pt,16,90
16_3891,6,pt,16,90
16_3892,120,pt,16,90
16_3893,824,pt,16,90
16_3894,934,pt,16,90
16_3900,151,pt,16,90
16_3906,6020,pt,16,90
16_3915,4346,pt,16,90
16_3918,409,pt,16,90
16_3919,3229,pt,16,90
16_3922,4674,pt,16,90
16_3924,3,pt,16,90
16_3927,221,pt,16,90
16_3934,15299,pt,16,90
16_3946,300,pt,16,90
16_3947,46,pt,16,90
16_3949,1689,pt,16,90
16_3954,520,pt,16,90
16_3961,2571,pt,16,90
16_3969,6456,pt,16,90
16_3970,750,pt,16,90
16_3971,19685,pt,16,90
16_3976,2037,pt,16,90
16_3983,3220,pt,16,90
16_3987,4928,pt,16,90
16_4000,57,pt,16,90
16_4006,4,pt,16,90
16_4007,447,pt,16,90
16_4008,77,pt,16,90
16_4020,51,pt,16,90
16_4021,521,pt,16,90
16_4024,554,pt,16,90
16_4032,8015,pt,16,90
16_4033,19567,pt,16,90
16_4034,14516,pt,16,90
16_4037,596,pt,16,90
16_4039,3455,pt,16,90
16_4041,3627,pt,16,90
16_4046,1359,pt,16,90
16_4057,4,pt,16,90
16_4059,7728,pt,16,90
16_4060,395,pt,16,90
16_4069,3,pt,16,90
16_4074,110,pt,16,90
16_4088,3112,pt,16,90
16_4091,646,pt,16,90
16_4099,18723,pt,16,90
16_4109,8429,pt,16,90
16_4111,179,pt,16,90
2_1800,810,pt,16,90
2_1804,9178,pt,16,90
2_1806,2436,pt,16,90
2_1810,24,pt,16,90
2_1817,69,pt,16,90
2_1823,79,pt,16,90
2_1824,226,pt,16,90
2_1828,2710,pt,16,90
2_1830,629,pt,16,90
2_1851,34,pt,16,90
2_1854,2171,pt,16,90
2_1858,5460,pt,16,90
2_1864,125,pt,16,90
2_1875,3,pt,16,90
2_1881,378,pt,16,90
2_1890,571,pt,16,90
2_1893,618,pt,16,90
2_1895,164,pt,16,90
2_1901,392,pt,16,90
2_1902,2221,pt,16,90
2_1903,1956,pt,16,90
2_1911,132,pt,16,90
2_1925,3377,pt,16,90
2_1932,9406,pt,16,90
2_1939,8314,pt,16,90
2_1949,2677,pt,16,90
2_1958,101,pt,16,90
2_1959,13960,pt,16,90
2_1960,403,pt,16,90
2_1973,33,pt,16,90
2_1975,969,pt,16,90
2_1979,10661,pt,16,90
2_1981,1698,pt,16,90
2_1992,3519,pt,16,90
2_2001,649,pt,16,90
2_2006,817,pt,16,90
2_2012,10029,pt,16,90
2_2018,385,pt,16,90
3_2035,604,pt,16,90
3_2041,9562,pt,16,90
3_2055,272,pt,16,90
3_2057,908,pt,16,90
3_2058,33,pt,16,90
3_2061,919,pt,16,90
3_2063,16728,pt,16,90
3_2064,243,pt,16,90
3_2066,17615,pt,16,90
3_2092,7209,pt,16,90
3_2098,52,pt,16,90
3_2103,621,pt,16,90
3_2131,12,pt,16,90
3_2132,309,pt,16,90
3_2149,10752,pt,16,90
3_2167,180,pt,16,90
3_2170,2287,pt,16,90
3_2177,17,pt,16,90
3_2205,117,pt,16,90
3_2221,37,pt,16,90
3_2226,69,pt,16,90
42_0003,5077,pt,16,90
42_0015,11697,pt,16,90
42_0018,12466,pt,16,90
42_0021,335,pt,16,90
42_0030,15069,pt,16,90
42_0031,7594,pt,16,90
42_0035,46,pt,16,90
42_0054,4187,pt,16,90
42_0057,1668,pt,16,90
42_0059,6111,pt,16,90
42_0060,4321,pt,16,90
42_0067,517,pt,16,90
42_0068,104,pt,16,90
42_0073,1404,pt,16,90
42_0077,651,pt,16,90
42_0106,63,pt,16,90
42_0112,223,pt,16,90
42_0147,129,pt,16,90
42_0153,1,pt,16,90
42_0195,96,pt,16,90
42_0214,731,pt,16,90
42_0220,576,pt,16,90
42_0233,160,pt,16,90
42_0234,71,pt,16,90
42_0235,1043,pt,16,90
42_0236,8407,pt,16,90
42_0237,1454,pt,16,90
42_0242,6679,pt,16,90
42_0246,574,pt,16,90
42_0250,7250,pt,16,90
42_0253,29,pt,16,90
42_0258,188,pt,16,90
42_0261,70,pt,16,90
42_0264,5844,pt,16,90
42_0265,224,pt,16,90
42_0273,6208,pt,16,90
42_0283,517,pt,16,90
42_0286,913,pt,16,90
42_0300,3500,pt,16,90
42_0326,21,pt,16,90
42_0350,166,pt,16,90
42_0355,122,pt,16,90
42_0356,824,pt,16,90
42_0360,184,pt,16,90
42_0370,1109,pt,16,90
42_0393,114,pt,16,90
42_0411,900,pt,16,90
42_0419,16941,pt,16,90
42_0436,772,pt,16,90
42_0442,645,pt,16,90
42_0479,919,pt,16,90
42_0508,10428,pt,16,90
42_0529,8319,pt,16,90
42_0530,1127,pt,16,90
42_0534,3487,pt,16,90
42_0535,7,pt,16,90
42_0537,1188,pt,16,90
42_0542,3764,pt,16,90
42_0543,12200,pt,16,90
42_0551,13,pt,16,90
42_0562,816,pt,16,90
42_0565,17,pt,16,90
42_0574,3268,pt,16,90
42_0593,9742,pt,16,90
45_611,4526,pt,16,90
45_625,9,pt,16,90
45_627,19,pt,16,90
45_632,80,pt,16,90
45_637,8060,pt,16,90
45_640,5217,pt,16,90
45_641,4967,pt,16,90
45_646,336,pt,16,90
45_649,98,pt,16,90
45_651,142,pt,16,90
45_684,90,pt,16,90
45_699,1121,pt,16,90
45_723,5,pt,16,90
45_725,133,pt,16,90
45_729,881,pt,16,90
45_751,2225,pt,16,90
45_774,559,pt,16,90
45_781,52,pt,16,90
45_782,1,pt,16,90
45_785,561,pt,16,90
45_786,2665,pt,16,90
46_0793,324,pt,16,90
46_0794,21,pt,16,90
46_0811,156,pt,16,90
46_0826,1510,pt,16,90
46_0827,25,pt,16,90
46_0836,264,pt,16,90
46_0846,221,pt,16,90
46_0856,220,pt,16,90
46_0857,15271,pt,16,90
46_0858,10814,pt,16,90
46_0861,164,pt,16,90
46_0864,69,pt,16,90
46_0869,2941,pt,16,90
46_0874,1,pt,16,90
46_0879,9570,pt,16,90
46_0880,341,pt,16,90
46_0883,6270,pt,16,90
46_0896,6682,pt,16,90
46_0898,3680,pt,16,90
46_0899,27,pt,16,90
46_0910,5376,pt,16,90
46_0913,13,pt,16,90
46_0930,14607,pt,16,90
46_0944,188,pt,16,90
46_0948,7107,pt,16,90
46_0973,2511,pt,16,90
46_0979,9871,pt,16,90
46_0991,7817,pt,16,90
46_0998,77,pt,16,90
46_1001,126,pt,16,90
46_1003,800,pt,16,90
46_1006,1509,pt,16,90
47_1010,162,pt,16,90
47_1013,16,pt,16,90
47_1021,63,pt,16,90
47_1024,167,pt,16,90
47_1027,59,pt,16,90
47_1033,314,pt,16,90
47_1034,12,pt,16,90
47_1056,3223,pt,16,90
47_1063,14067,pt,16,90
47_1067,161,pt,16,90
47_1069,35,pt,16,90
47_1076,11,pt,16,90
47_1094,128,pt,16,90
47_1096,243,pt,16,90
47_1109,3773,pt,16,90
47_1117,13,pt,16,90
47_1119,13465,pt,16,90
47_1133,5786,pt,16,90
47_1145,64,pt,16,90
47_1157,1456,pt,16,90
47_1158,47,pt,16,90
47_1164,865,pt,16,90
47_1165,12,pt,16,90
48_1219,171,pt,16,90
48_1221,13381,pt,16,90
48_1224,63,pt,16,90
48_1227,16846,pt,16,90
48_1242,11243,pt,16,90
48_1249,5666,pt,16,90
48_1254,9451,pt,16,90
48_1256,7,pt,16,90
48_1263,279,pt,16,90
48_1285,364,pt,16,90
48_1287,1894,pt,16,90
48_1300,132,pt,16,90
48_1307,10,pt,16,90
48_1310,8559,pt,16,90
48_1317,144,pt,16,90
48_1318,95,pt,16,90
48_1328,1916,pt,16,90
48_1334,7374,pt,16,90
48_1345,24,pt,16,90
48_1354,6335,pt,16,90
48_1356,1016,pt,16,90
48_1360,156,pt,16,90
48_1362,18686,pt,16,90
48_1364,1010,pt,16,90
48_1376,1,pt,16,90
48_1382,2407,pt,16,90
49_1395,9392,pt,16,90
49_1397,10058,pt,16,90
49_1416,219,pt,16,90
49_1418,8667,pt,16,90
49_1435,454,pt,16,90
49_1436,9,pt,16,90
49_1448,35,pt,16,90
49_1457,7770,pt,16,90
49_1458,1005,pt,16,90
49_1461,25,pt,16,90
49_1477,7336,pt,16,90
49_1488,1034,pt,16,90
49_1494,833,pt,16,90
49_1496,191,pt,16,90
49_1497,621,pt,16,90
49_1500,17416,pt,16,90
49_1514,111,pt,16,90
49_1523,2093,pt,16,90
49_1527,1619,pt,16,90
49_1534,14,pt,16,90
49_1543,1944,pt,16,90
49_1548,11141,pt,16,90
49_1556,1,pt,16,90
49_1557,368,pt,16,90
49_1559,435,pt,16,90
49_1560,2442,pt,16,90
49_1569,997,pt,16,90
4_2261,91,pt,16,90
4_2266,96,pt,16,90
4_2269,12,pt,16,90
4_2291,1,pt,16,90
4_2303,24,pt,16,90
4_2314,30,pt,16,90
4_2359,707,pt,16,90
4_2381,2854,pt,16,90
4_2385,3554,pt,16,90
4_2391,370,pt,16,90
4_2399,1614,pt,16,90
4_2405,913,pt,16,90
4_2417,2862,pt,16,90
50_1599,448,pt,16,90
50_1600,4831,pt,16,90
50_1606,912,pt,16,90
50_1609,334,pt,16,90
50_1619,5463,pt,16,90
50_1621,21,pt,16,90
50_1635,6745,pt,16,90
50_1636,261,pt,16,90
50_1637,101,pt,16,90
50_1645,13,pt,16,90
50_1654,128,pt,16,90
50_1673,168,pt,16,90
50_1683,80,pt,16,90
50_1695,3223,pt,16,90
50_1703,210,pt,16,90
50_1706,18634,pt,16,90
50_1717,23,pt,16,90
50_1729,2257,pt,16,90
50_1737,120,pt,16,90
50_1747,3656,pt,16,90
50_1751,2402,pt,16,90
50_1754,431,pt,16,90
50_1762,1894,pt,16,90
50_1765,13039,pt,16,90
5_2467,2872,pt,16,90
5_2477,20,pt,16,90
5_2490,15,pt,16,90
5_2499,93,pt,16,90
5_2513,957,pt,16,90
5_2530,358,pt,16,90
5_2541,1597,pt,16,90
5_2554,6,pt,16,90
5_2563,9,pt,16,90
5_2566,11,pt,16,90
5_2571,107,pt,16,90
5_2585,8041,pt,16,90
5_2592,14,pt,16,90
5_2599,582,pt,16,90
6_2612,581,pt,16,90
6_2640,18891,pt,16,90
6_2647,116,pt,16,90
6_2654,204,pt,16,90
6_2664,4,pt,16,90
6_2668,11348,pt,16,90
6_2678,12,pt,16,90
6_2690,1716,pt,16,90
6_2706,67,pt,16,90
6_2707,1919,pt,16,90
6_2722,5086,pt,16,90
6_2739,11945,pt,16,90
6_2760,591,pt,16,90
6_2780,120,pt,16,90
7_2798,219,pt,16,90
7_2813,11422,pt,16,90
7_2842,1101,pt,16,90
7_2845,300,pt,16,90
7_2852,2213,pt,16,90
7_2856,7440,pt,16,90
7_2857,6637,pt,16,90
7_2869,2451,pt,16,90
7_2903,75,pt,16,90
7_2906,620,pt,16,90
7_2914,49,pt,16,90
7_2929,12740,pt,16,90
7_2936,9363,pt,16,90
7_2938,3009,pt,16,90
7_2945,348,pt,16,90
7_2947,9,pt,16,90
7_2949,61,pt,16,90
7_2963,301,pt,16,90
7_2976,104,pt,16,90
48_1339,0,pt,16,90
2_1984,0,pt,16,90
49_1425,0,pt,16,90
14_3687,0,pt,16,90
49_1501,0,pt,16,90
48_1271,0,pt,16,90
46_0832,0,pt,16,90
49_1420,0,pt,16,90
13_3572,0,pt,16,90
3_2099,0,pt,16,90
6_2728,0,pt,16,90
7_2833,0,pt,16,90
7_2934,0,pt,16,90
47_1101,0,pt,16,90
5_2539,0,pt,16,90
49_1572,0,pt,16,90
49_1533,0,pt,16,90
2_1965,0,pt,16,90
46_0971,0,pt,16,90
7_2925,0,pt,16,90
6_2609,0,pt,16,90
49_1571,0,pt,16,90
10_3011,0,pt,16,90
48_1270,0,pt,16,90
3_2216,0,pt,16,90
6_2657,0,pt,16,90
49_1454,0,pt,16,90
12_3269,0,pt,16,90
3_2072,0,pt,16,90
49_1578,0,pt,16,90
12_3299,0,pt,16,90
13_3464,0,pt,16,90
6_2658,0,pt,16,90
42_0369,0,pt,16,90
42_0397,0,pt,16,90
42_0342,0,pt,16,90
42_0055,0,pt,16,90
47_1088,0,pt,16,90
7_2837,0,pt,16,90
42_0586,0,pt,16,90
42_0316,0,pt,16,90
10_2988,0,pt,16,90
48_1251,0,pt,16,90
45_624,0,pt,16,90
2_2008,0,pt,16,90
7_2958,0,pt,16,90
16_3871,0,pt,16,90
6_2623,0,pt,16,90
48_1236,0,pt,16,90
47_1073,0,pt,16,90
42_0563,0,pt,16,90
3_2105,0,pt,16,90
3_2025,0,pt,16,90
6_2708,0,pt,16,90
16_3962,0,pt,16,90
16_4056,0,pt,16,90
10_3135,0,pt,16,90
42_0085,0,pt,16,90
7_2944,0,pt,16,90
16_4012,0,pt,16,90
50_1612,0,pt,16,90
6_2713,0,pt,16,90
42_0292,0,pt,16,90
12_3222,0,pt,16,90
10_2994,0,pt,16,90
45_717,0,pt,16,90
16_4023,0,pt,16,90
48_1316,0,pt,16,90
13_3400,0,pt,16,90
50_1658,0,pt,16,90
48_1243,0,pt,16,90
3_2136,0,pt,16,90
42_0376,0,pt,16,90
2_1798,0,pt,16,90
3_2115,0,pt,16,90
2_1941,0,pt,16,90
42_0443,0,pt,16,90
6_2673,0,pt,16,90
16_3792,0,pt,16,90
46_0876,0,pt,16,90
12_3310,0,pt,16,90
3_2150,0,pt,16,90
12_3232,0,pt,16,90
5_2542,0,pt,16,90
42_0480,0,pt,16,90
46_0885,0,pt,16,90
47_1179,0,pt,16,90
49_1449,0,pt,16,90
4_2283,0,pt,16,90
5_2451,0,pt,16,90
16_4044,0,pt,16,90
46_0922,0,pt,16,90
48_1248,0,pt,16,90
42_0331,0,pt,16,90
14_3616,0,pt,16,90
47_1080,0,pt,16,90
48_1332,0,pt,16,90
49_1549,0,pt,16,90
12_3231,0,pt,16,90
45_755,0,pt,16,90
46_1002,0,pt,16,90
7_2960,0,pt,16,90
5_2568,0,pt,16,90
14_3594,0,pt,16,90
45_721,0,pt,16,90
49_1570,0,pt,16,90
4_2259,0,pt,16,90
47_1032,0,pt,16,90
13_3521,0,pt,16,90
42_0554,0,pt,16,90
16_4029,0,pt,16,90
3_2097,0,pt,16,90
16_4018,0,pt,16,90
4_2412,0,pt,16,90
50_1785,0,pt,16,90
42_0460,0,pt,16,90
45_658,0,pt,16,90
16_3756,0,pt,16,90
47_1185,0,pt,16,90
49_1521,0,pt,16,90
12_3370,0,pt,16,90
42_0341,0,pt,16,90
12_3371,0,pt,16,90
6_2755,0,pt,16,90
5_2474,0,pt,16,90
16_3863,0,pt,16,90
49_1506,0,pt,16,90
48_1225,0,pt,16,90
6_2771,0,pt,16,90
49_1512,0,pt,16,90
42_0125,0,pt,16,90
49_1474,0,pt,16,90
12_3296,0,pt,16,90
10_3137,0,pt,16,90
4_2409,0,pt,16,90
7_2792,0,pt,16,90
48_1206,0,pt,16,90
4_2306,0,pt,16,90
4_2316,0,pt,16,90
46_0978,0,pt,16,90
2_1924,0,pt,16,90
14_3662,0,pt,16,90
48_1301,0,pt,16,90
42_0296,0,pt,16,90
42_0348,0,pt,16,90
4_2374,0,pt,16,90
45_702,0,pt,16,90
42_0239,0,pt,16,90
48_1215,0,pt,16,90
4_2403,0,pt,16,90
10_3121,0,pt,16,90
50_1780,0,pt,16,90
14_3649,0,pt,16,90
50_1756,0,pt,16,90
13_3575,0,pt,16,90
49_1576,0,pt,16,90
4_2318,0,pt,16,90
10_3130,0,pt,16,90
45_654,0,pt,16,90
7_2900,0,pt,16,90
16_4035,0,pt,16,90
47_1112,0,pt,16,90
46_0965,0,pt,16,90
5_2572,0,pt,16,90
16_3968,0,pt,16,90
5_2463,0,pt,16,90
10_3033,0,pt,16,90
42_0245,0,pt,16,90
6_2672,0,pt,16,90
48_1273,0,pt,16,90
42_0319,0,pt,16,90
45_606,0,pt,16,90
49_1482,0,pt,16,90
50_1653,0,pt,16,90
16_3957,0,pt,16,90
3_2197,0,pt,16,90
42_0320,0,pt,16,90
7_2922,0,pt,16,90
50_1672,0,pt,16,90
10_3084,0,pt,16,90
42_0050,0,pt,16,90
2_1969,0,pt,16,90
2_1950,0,pt,16,90
10_3113,0,pt,16,90
10_3059,0,pt,16,90
48_1342,0,pt,16,90
49_1480,0,pt,16,90
46_0797,0,pt,16,90
46_0987,0,pt,16,90
6_2683,0,pt,16,90
16_3981,0,pt,16,90
48_1265,0,pt,16,90
45_633,0,pt,16,90
42_0414,0,pt,16,90
6_2637,0,pt,16,90
4_2233,0,pt,16,90
16_3937,0,pt,16,90
46_0868,0,pt,16,90
16_4061,0,pt,16,90
7_2817,0,pt,16,90
16_3895,0,pt,16,90
5_2500,0,pt,16,90
12_3349,0,pt,16,90
16_3873,0,pt,16,90
46_0828,0,pt,16,90
3_2163,0,pt,16,90
7_2954,0,pt,16,90
42_0428,0,pt,16,90
46_0848,0,pt,16,90
16_3926,0,pt,16,90
42_0262,0,pt,16,90
42_0375,0,pt,16,90
4_2329,0,pt,16,90
49_1580,0,pt,16,90
48_1252,0,pt,16,90
48_1261,0,pt,16,90
6_2686,0,pt,16,90
16_4042,0,pt,16,90
14_3625,0,pt,16,90
7_2910,0,pt,16,90
14_3601,0,pt,16,90
48_1253,0,pt,16,90
49_1481,0,pt,16,90
50_1771,0,pt,16,90
5_2557,0,pt,16,90
49_1405,0,pt,16,90
50_1628,0,pt,16,90
16_3875,0,pt,16,90
2_1915,0,pt,16,90
12_3356,0,pt,16,90
6_2602,0,pt,16,90
7_2932,0,pt,16,90
16_3988,0,pt,16,90
42_0005,0,pt,16,90
14_3617,0,pt,16,90
16_3784,0,pt,16,90
2_2007,0,pt,16,90
47_1060,0,pt,16,90
10_3067,0,pt,16,90
6_2741,0,pt,16,90
16_3997,0,pt,16,90
42_0217,0,pt,16,90
48_1352,0,pt,16,90
2_1789,0,pt,16,90
2_1953,0,pt,16,90
6_2743,0,pt,16,90
6_2645,0,pt,16,90
50_1651,0,pt,16,90
48_1380,0,pt,16,90
45_635,0,pt,16,90
42_0302,0,pt,16,90
49_1452,0,pt,16,90
48_1212,0,pt,16,90
42_0263,0,pt,16,90
5_2429,0,pt,16,90
7_2971,0,pt,16,90
3_2038,0,pt,16,90
14_3681,0,pt,16,90
7_2800,0,pt,16,90
12_3301,0,pt,16,90
14_3623,0,pt,16,90
49_1470,0,pt,16,90
4_2231,0,pt,16,90
4_2344,0,pt,16,90
42_0188,0,pt,16,90
42_0491,0,pt,16,90
12_3194,0,pt,16,90
5_2544,0,pt,16,90
42_0417,0,pt,16,90
47_1172,0,pt,16,90
3_2053,0,pt,16,90
49_1413,0,pt,16,90
4_2330,0,pt,16,90
4_2257,0,pt,16,90
4_2284,0,pt,16,90
6_2628,0,pt,16,90
3_2171,0,pt,16,90
42_0307,0,pt,16,90
10_3143,0,pt,16,90
2_1961,0,pt,16,90
12_3283,0,pt,16,90
42_0086,0,pt,16,90
7_2921,0,pt,16,90
45_682,0,pt,16,90
6_2622,0,pt,16,90
16_3824,0,pt,16,90
13_3534,0,pt,16,90
42_0051,0,pt,16,90
3_2050,0,pt,16,90
49_1562,0,pt,16,90
42_0579,0,pt,16,90
45_609,0,pt,16,90
3_2029,0,pt,16,90
16_4019,0,pt,16,90
47_1120,0,pt,16,90
13_3583,0,pt,16,90
5_2577,0,pt,16,90
42_0541,0,pt,16,90
2_2016,0,pt,16,90
42_0304,0,pt,16,90
16_3877,0,pt,16,90
3_2028,0,pt,16,90
48_1279,0,pt,16,90
6_2748,0,pt,16,90
7_2902,0,pt,16,90
42_0576,0,pt,16,90
7_2850,0,pt,16,90
45_671,0,pt,16,90
42_0089,0,pt,16,90
2_2004,0,pt,16,90
49_1387,0,pt,16,90
10_3120,0,pt,16,90
14_3611,0,pt,16,90
16_3874,0,pt,16,90
49_1422,0,pt,16,90
42_0378,0,pt,16,90
4_2406,0,pt,16,90
45_756,0,pt,16,90
45_659,0,pt,16,90
13_3526,0,pt,16,90
5_2548,0,pt,16,90
12_3291,0,pt,16,90
46_0804,0,pt,16,90
5_2582,0,pt,16,90
10_3050,0,pt,16,90
12_3233,0,pt,16,90
50_1620,0,pt,16,90
5_2598,0,pt,16,90
42_0282,0,pt,16,90
16_3811,0,pt,16,90
46_0911,0,pt,16,90
7_2858,0,pt,16,90
10_3096,0,pt,16,90
7_2818,0,pt,16,90
4_2234,0,pt,16,90
13_3466,0,pt,16,90
10_3116,0,pt,16,90
50_1684,0,pt,16,90
2_1821,0,pt,16,90
46_0800,0,pt,16,90
2_1829,0,pt,16,90
49_1504,0,pt,16,90
16_3982,0,pt,16,90
16_3802,0,pt,16,90
42_0301,0,pt,16,90
46_0854,0,pt,16,90
46_0852,0,pt,16,90
6_2624,0,pt,16,90
12_3316,0,pt,16,90
48_1241,0,pt,16,90
48_1371,0,pt,16,90
10_3092,0,pt,16,90
45_661,0,pt,16,90
10_3026,0,pt,16,90
13_3437,0,pt,16,90
5_2482,0,pt,16,90
2_1919,0,pt,16,90
4_2289,0,pt,16,90
16_3986,0,pt,16,90
47_1111,0,pt,16,90
47_1058,0,pt,16,90
10_3118,0,pt,16,90
45_630,0,pt,16,90
42_0013,0,pt,16,90
5_2430,0,pt,16,90
6_2773,0,pt,16,90
14_3685,0,pt,16,90
42_0117,0,pt,16,90
10_3163,0,pt,16,90
2_1807,0,pt,16,90
48_1324,0,pt,16,90
10_3097,0,pt,16,90
14_3659,0,pt,16,90
46_0946,0,pt,16,90
6_2757,0,pt,16,90
14_3709,0,pt,16,90
10_2996,0,pt,16,90
4_2322,0,pt,16,90
45_728,0,pt,16,90
45_731,0,pt,16,90
42_0065,0,pt,16,90
14_3663,0,pt,16,90
16_4036,0,pt,16,90
7_2890,0,pt,16,90
48_1335,0,pt,16,90
46_0982,0,pt,16,90
46_0841,0,pt,16,90
16_3951,0,pt,16,90
7_2796,0,pt,16,90
16_4078,0,pt,16,90
14_3672,0,pt,16,90
5_2447,0,pt,16,90
2_1930,0,pt,16,90
2_1995,0,pt,16,90
48_1365,0,pt,16,90
42_0183,0,pt,16,90
7_2844,0,pt,16,90
42_0467,0,pt,16,90
49_1539,0,pt,16,90
7_2940,0,pt,16,90
46_0934,0,pt,16,90
10_3032,0,pt,16,90
5_2478,0,pt,16,90
48_1320,0,pt,16,90
42_0141,0,pt,16,90
48_1383,0,pt,16,90
6_2740,0,pt,16,90
3_2043,0,pt,16,90
49_1526,0,pt,16,90
46_0952,0,pt,16,90
12_3213,0,pt,16,90
10_3030,0,pt,16,90
42_0040,0,pt,16,90
45_622,0,pt,16,90
48_1229,0,pt,16,90
48_1306,0,pt,16,90
42_0204,0,pt,16,90
42_0243,0,pt,16,90
42_0449,0,pt,16,90
16_3808,0,pt,16,90
45_733,0,pt,16,90
5_2498,0,pt,16,90
42_0539,0,pt,16,90
6_2776,0,pt,16,90
47_1055,0,pt,16,90
10_3168,0,pt,16,90
42_0363,0,pt,16,90
16_3901,0,pt,16,90
50_1781,0,pt,16,90
2_1983,0,pt,16,90
46_0862,0,pt,16,90
13_3423,0,pt,16,90
12_3250,0,pt,16,90
16_3944,0,pt,16,90
50_1764,0,pt,16,90
10_3041,0,pt,16,90
45_608,0,pt,16,90
49_1467,0,pt,16,90
4_2408,0,pt,16,90
49_1550,0,pt,16,90
7_2827,0,pt,16,90
42_0525,0,pt,16,90
4_2311,0,pt,16,90
46_0844,0,pt,16,90
7_2891,0,pt,16,90
45_596,0,pt,16,90
47_1136,0,pt,16,90
42_0472,0,pt,16,90
12_3237,0,pt,16,90
42_0229,0,pt,16,90
47_1043,0,pt,16,90
49_1518,0,pt,16,90
13_3513,0,pt,16,90
12_3328,0,pt,16,90
16_4094,0,pt,16,90
6_2784,0,pt,16,90
50_1659,0,pt,16,90
14_3688,0,pt,16,90
4_2363,0,pt,16,90
42_0580,0,pt,16,90
10_3090,0,pt,16,90
2_1856,0,pt,16,90
47_1154,0,pt,16,90
13_3573,0,pt,16,90
3_2034,0,pt,16,90
48_1381,0,pt,16,90
4_2268,0,pt,16,90
42_0255,0,pt,16,90
42_0160,0,pt,16,90
42_0014,0,pt,16,90
42_0560,0,pt,16,90
42_0244,0,pt,16,90
10_3000,0,pt,16,90
42_0038,0,pt,16,90
2_1947,0,pt,16,90
2_1843,0,pt,16,90
5_2466,0,pt,16,90
16_4104,0,pt,16,90
48_1266,0,pt,16,90
42_0445,0,pt,16,90
14_3608,0,pt,16,90
13_3525,0,pt,16,90
42_0293,0,pt,16,90
16_3822,0,pt,16,90
16_3967,0,pt,16,90
50_1768,0,pt,16,90
5_2433,0,pt,16,90
42_0287,0,pt,16,90
12_3274,0,pt,16,90
49_1585,0,pt,16,90
6_2783,0,pt,16,90
6_2694,0,pt,16,90
3_2049,0,pt,16,90
14_3596,0,pt,16,90
6_2625,0,pt,16,90
49_1431,0,pt,16,90
10_3025,0,pt,16,90
4_2362,0,pt,16,90
16_4089,0,pt,16,90
42_0406,0,pt,16,90
16_4084,0,pt,16,90
46_0875,0,pt,16,90
42_0458,0,pt,16,90
49_1535,0,pt,16,90
16_4082,0,pt,16,90
49_1469,0,pt,16,90
6_2723,0,pt,16,90
42_0515,0,pt,16,90
48_1350,0,pt,16,90
6_2747,0,pt,16,90
4_2263,0,pt,16,90
50_1588,0,pt,16,90
49_1492,0,pt,16,90
45_618,0,pt,16,90
7_2865,0,pt,16,90
42_0513,0,pt,16,90
14_3731,0,pt,16,90
42_0401,0,pt,16,90
46_0799,0,pt,16,90
46_0795,0,pt,16,90
16_4110,0,pt,16,90
45_669,0,pt,16,90
16_3996,0,pt,16,90
6_2689,0,pt,16,90
10_3077,0,pt,16,90
45_761,0,pt,16,90
2_1826,0,pt,16,90
10_3158,0,pt,16,90
10_3174,0,pt,16,90
42_0046,0,pt,16,90
12_3263,0,pt,16,90
46_0907,0,pt,16,90
4_2240,0,pt,16,90
10_3004,0,pt,16,90
49_1509,0,pt,16,90
42_0240,0,pt,16,90
16_3940,0,pt,16,90
4_2358,0,pt,16,90
5_2583,0,pt,16,90
46_0950,0,pt,16,90
50_1722,0,pt,16,90
13_3523,0,pt,16,90
2_1988,0,pt,16,90
45_749,0,pt,16,90
16_4112,0,pt,16,90
46_0956,0,pt,16,90
42_0404,0,pt,16,90
3_2204,0,pt,16,90
14_3719,0,pt,16,90
45_675,0,pt,16,90
16_3761,0,pt,16,90
48_1208,0,pt,16,90
49_1396,0,pt,16,90
5_2534,0,pt,16,90
16_4085,0,pt,16,90
42_0137,0,pt,16,90
46_0877,0,pt,16,90
2_1968,0,pt,16,90
46_0939,0,pt,16,90
10_2978,0,pt,16,90
16_4107,0,pt,16,90
48_1294,0,pt,16,90
14_3597,0,pt,16,90
16_3832,0,pt,16,90
42_0180,0,pt,16,90
7_2915,0,pt,16,90
14_3609,0,pt,16,90
16_3765,0,pt,16,90
13_3551,0,pt,16,90
6_2684,0,pt,16,90
48_1204,0,pt,16,90
3_2174,0,pt,16,90
50_1772,0,pt,16,90
47_1142,0,pt,16,90
2_1841,0,pt,16,90
49_1546,0,pt,16,90
16_4079,0,pt,16,90
49_1391,0,pt,16,90
48_1258,0,pt,16,90
46_0791,0,pt,16,90
10_3091,0,pt,16,90
49_1472,0,pt,16,90
4_2254,0,pt,16,90
6_2604,0,pt,16,90
47_1083,0,pt,16,90
48_1330,0,pt,16,90
42_0158,0,pt,16,90
3_2142,0,pt,16,90
3_2143,0,pt,16,90
16_3980,0,pt,16,90
48_1280,0,pt,16,90
42_0275,0,pt,16,90
3_2039,0,pt,16,90
13_3481,0,pt,16,90
42_0552,0,pt,16,90
47_1017,0,pt,16,90
10_3124,0,pt,16,90
45_648,0,pt,16,90
45_652,0,pt,16,90
50_1731,0,pt,16,90
49_1404,0,pt,16,90
46_0949,0,pt,16,90
42_0294,0,pt,16,90
46_0976,0,pt,16,90
42_0322,0,pt,16,90
42_0339,0,pt,16,90
16_4011,0,pt,16,90
7_2939,0,pt,16,90
16_3925,0,pt,16,90
13_3545,0,pt,16,90
6_2769,0,pt,16,90
16_3888,0,pt,16,90
3_2207,0,pt,16,90
16_3854,0,pt,16,90
49_1409,0,pt,16,90
5_2601,0,pt,16,90
12_3388,0,pt,16,90
3_2125,0,pt,16,90
47_1100,0,pt,16,90
12_3364,0,pt,16,90
3_2108,0,pt,16,90
47_1129,0,pt,16,90
6_2736,0,pt,16,90
5_2435,0,pt,16,90
16_3917,0,pt,16,90
10_3073,0,pt,16,90
14_3621,0,pt,16,90
5_2581,0,pt,16,90
48_1209,0,pt,16,90
50_1604,0,pt,16,90
50_1735,0,pt,16,90
42_0447,0,pt,16,90
16_3897,0,pt,16,90
10_3164,0,pt,16,90
10_3095,0,pt,16,90
6_2633,0,pt,16,90
50_1644,0,pt,16,90
50_1655,0,pt,16,90
16_3995,0,pt,16,90
6_2646,0,pt,16,90
46_0888,0,pt,16,90
48_1198,0,pt,16,90
7_2815,0,pt,16,90
6_2749,0,pt,16,90
48_1368,0,pt,16,90
5_2449,0,pt,16,90
42_0412,0,pt,16,90
10_3107,0,pt,16,90
12_3357,0,pt,16,90
45_688,0,pt,16,90
16_3796,0,pt,16,90
4_2310,0,pt,16,90
50_1674,0,pt,16,90
50_1602,0,pt,16,90
48_1327,0,pt,16,90
47_1081,0,pt,16,90
16_3867,0,pt,16,90
16_4071,0,pt,16,90
4_2360,0,pt,16,90
47_1039,0,pt,16,90
3_2212,0,pt,16,90
14_3635,0,pt,16,90
47_1068,0,pt,16,90
50_1723,0,pt,16,90
2_1872,0,pt,16,90
47_1030,0,pt,16,90
7_2887,0,pt,16,90
12_3205,0,pt,16,90
4_2232,0,pt,16,90
16_3985,0,pt,16,90
42_0549,0,pt,16,90
45_767,0,pt,16,90
6_2634,0,pt,16,90
47_1114,0,pt,16,90
16_3830,0,pt,16,90
48_1255,0,pt,16,90
7_2864,0,pt,16,90
46_0798,0,pt,16,90
46_0838,0,pt,16,90
46_0966,0,pt,16,90
47_1123,0,pt,16,90
46_0918,0,pt,16,90
5_2434,0,pt,16,90
49_1541,0,pt,16,90
5_2441,0,pt,16,90
7_2822,0,pt,16,90
16_3800,0,pt,16,90
16_3936,0,pt,16,90
7_2841,0,pt,16,90
42_0425,0,pt,16,90
2_1974,0,pt,16,90
42_0395,0,pt,16,90
3_2062,0,pt,16,90
50_1596,0,pt,16,90
42_0507,0,pt,16,90
50_1776,0,pt,16,90
5_2555,0,pt,16,90
2_1934,0,pt,16,90
5_2595,0,pt,16,90
14_3610,0,pt,16,90
45_709,0,pt,16,90
42_0470,0,pt,16,90
45_701,0,pt,16,90
42_0159,0,pt,16,90
16_4003,0,pt,16,90
42_0075,0,pt,16,90
6_2762,0,pt,16,90
5_2560,0,pt,16,90
42_0451,0,pt,16,90
48_1268,0,pt,16,90
50_1727,0,pt,16,90
16_3963,0,pt,16,90
10_3023,0,pt,16,90
42_0032,0,pt,16,90
5_2519,0,pt,16,90
13_3479,0,pt,16,90
14_3694,0,pt,16,90
42_0373,0,pt,16,90
42_0094,0,pt,16,90
48_1197,0,pt,16,90
6_2685,0,pt,16,90
6_2652,0,pt,16,90
50_1625,0,pt,16,90
49_1520,0,pt,16,90
49_1440,0,pt,16,90
7_2835,0,pt,16,90
2_1985,0,pt,16,90
4_2325,0,pt,16,90
2_1918,0,pt,16,90
2_1938,0,pt,16,90
6_2710,0,pt,16,90
7_2878,0,pt,16,90
47_1171,0,pt,16,90
46_0970,0,pt,16,90
42_0528,0,pt,16,90
42_0353,0,pt,16,90
6_2700,0,pt,16,90
46_0790,0,pt,16,90
46_0997,0,pt,16,90
50_1687,0,pt,16,90
3_2121,0,pt,16,90
5_2510,0,pt,16,90
6_2702,0,pt,16,90
47_1156,0,pt,16,90
2_1877,0,pt,16,90
12_3219,0,pt,16,90
10_3057,0,pt,16,90
7_2946,0,pt,16,90
46_0977,0,pt,16,90
50_1627,0,pt,16,90
42_0009,0,pt,16,90
12_3286,0,pt,16,90
16_3935,0,pt,16,90
42_0465,0,pt,16,90
7_2791,0,pt,16,90
45_678,0,pt,16,90
2_1882,0,pt,16,90
50_1784,0,pt,16,90
48_1232,0,pt,16,90
13_3517,0,pt,16,90
42_0184,0,pt,16,90
14_3599,0,pt,16,90
46_0909,0,pt,16,90
49_1462,0,pt,16,90
42_0104,0,pt,16,90
50_1753,0,pt,16,90
13_3420,0,pt,16,90
42_0042,0,pt,16,90
49_1484,0,pt,16,90
50_1746,0,pt,16,90
42_0379,0,pt,16,90
12_3198,0,pt,16,90
13_3458,0,pt,16,90
50_1689,0,pt,16,90
49_1487,0,pt,16,90
45_744,0,pt,16,90
42_0037,0,pt,16,90
7_2868,0,pt,16,90
13_3440,0,pt,16,90
14_3684,0,pt,16,90
48_1216,0,pt,16,90
42_0330,0,pt,16,90
5_2540,0,pt,16,90
4_2392,0,pt,16,90
3_2206,0,pt,16,90
48_1369,0,pt,16,90
47_1173,0,pt,16,90
13_3528,0,pt,16,90
4_2394,0,pt,16,90
42_0358,0,pt,16,90
42_0464,0,pt,16,90
47_1066,0,pt,16,90
2_1987,0,pt,16,90
3_2082,0,pt,16,90
6_2726,0,pt,16,90
16_3943,0,pt,16,90
49_1536,0,pt,16,90
46_0842,0,pt,16,90
16_3939,0,pt,16,90
4_2388,0,pt,16,90
10_3017,0,pt,16,90
16_3890,0,pt,16,90
13_3570,0,pt,16,90
42_0252,0,pt,16,90
49_1515,0,pt,16,90
42_0533,0,pt,16,90
49_1508,0,pt,16,90
42_0010,0,pt,16,90
2_1849,0,pt,16,90
7_2898,0,pt,16,90
42_0426,0,pt,16,90
3_2191,0,pt,16,90
45_769,0,pt,16,90
42_0061,0,pt,16,90
6_2781,0,pt,16,90
46_0985,0,pt,16,90
7_2848,0,pt,16,90
12_3201,0,pt,16,90
7_2948,0,pt,16,90
10_2992,0,pt,16,90
48_1386,0,pt,16,90
50_1633,0,pt,16,90
42_0446,0,pt,16,90
42_0453,0,pt,16,90
4_2228,0,pt,16,90
2_1808,0,pt,16,90
16_3751,0,pt,16,90
3_2065,0,pt,16,90
5_2486,0,pt,16,90
16_3799,0,pt,16,90
50_1749,0,pt,16,90
49_1575,0,pt,16,90
7_2838,0,pt,16,90
3_2116,0,pt,16,90
50_1608,0,pt,16,90
6_2733,0,pt,16,90
50_1671,0,pt,16,90
5_2464,0,pt,16,90
47_1147,0,pt,16,90
50_1777,0,pt,16,90
16_4070,0,pt,16,90
16_4043,0,pt,16,90
3_2180,0,pt,16,90
42_0521,0,pt,16,90
42_0138,0,pt,16,90
49_1463,0,pt,16,90
5_2564,0,pt,16,90
14_3670,0,pt,16,90
16_3999,0,pt,16,90
2_1839,0,pt,16,90
5_2421,0,pt,16,90
12_3312,0,pt,16,90
16_3836,0,pt,16,90
45_747,0,pt,16,90
12_3236,0,pt,16,90
7_2967,0,pt,16,90
13_3435,0,pt,16,90
6_2720,0,pt,16,90
47_1023,0,pt,16,90
45_735,0,pt,16,90
10_3085,0,pt,16,90
47_1061,0,pt,16,90
13_3500,0,pt,16,90
13_3559,0,pt,16,90
46_0834,0,pt,16,90
49_1577,0,pt,16,90
10_3162,0,pt,16,90
10_3058,0,pt,16,90
12_3255,0,pt,16,90
42_0452,0,pt,16,90
42_0231,0,pt,16,90
46_0917,0,pt,16,90
12_3295,0,pt,16,90
47_1011,0,pt,16,90
48_1196,0,pt,16,90
7_2917,0,pt,16,90
50_1639,0,pt,16,90
49_1491,0,pt,16,90
42_0025,0,pt,16,90
47_1048,0,pt,16,90
48_1347,0,pt,16,90
4_2274,0,pt,16,90
47_1082,0,pt,16,90
2_1860,0,pt,16,90
10_3082,0,pt,16,90
5_2439,0,pt,16,90
6_2687,0,pt,16,90
42_0444,0,pt,16,90
12_3322,0,pt,16,90
14_3606,0,pt,16,90
47_1194,0,pt,16,90
42_0381,0,pt,16,90
6_2682,0,pt,16,90
45_666,0,pt,16,90
12_3337,0,pt,16,90
3_2128,0,pt,16,90
6_2660,0,pt,16,90
16_3868,0,pt,16,90
48_1281,0,pt,16,90
3_2137,0,pt,16,90
45_613,0,pt,16,90
49_1450,0,pt,16,90
46_0981,0,pt,16,90
42_0157,0,pt,16,90
42_0345,0,pt,16,90
12_3298,0,pt,16,90
10_3131,0,pt,16,90
12_3326,0,pt,16,90
16_3840,0,pt,16,90
42_0493,0,pt,16,90
13_3469,0,pt,16,90
4_2357,0,pt,16,90
7_2961,0,pt,16,90
42_0466,0,pt,16,90
42_0024,0,pt,16,90
3_2201,0,pt,16,90
4_2387,0,pt,16,90
13_3509,0,pt,16,90
49_1493,0,pt,16,90
42_0503,0,pt,16,90
10_3117,0,pt,16,90
12_3191,0,pt,16,90
42_0413,0,pt,16,90
7_2862,0,pt,16,90
5_2523,0,pt,16,90
10_3156,0,pt,16,90
42_0056,0,pt,16,90
46_1005,0,pt,16,90
49_1530,0,pt,16,90
16_3849,0,pt,16,90
13_3515,0,pt,16,90
7_2883,0,pt,16,90
16_3952,0,pt,16,90
50_1726,0,pt,16,90
49_1574,0,pt,16,90
16_4101,0,pt,16,90
2_1832,0,pt,16,90
10_3111,0,pt,16,90
14_3613,0,pt,16,90
2_1920,0,pt,16,90
5_2569,0,pt,16,90
5_2538,0,pt,16,90
47_1020,0,pt,16,90
42_0058,0,pt,16,90
2_1912,0,pt,16,90
48_1264,0,pt,16,90
45_757,0,pt,16,90
4_2279,0,pt,16,90
10_2995,0,pt,16,90
10_3074,0,pt,16,90
46_0872,0,pt,16,90
48_1247,0,pt,16,90
42_0004,0,pt,16,90
4_2400,0,pt,16,90
16_4093,0,pt,16,90
49_1475,0,pt,16,90
50_1640,0,pt,16,90
50_1711,0,pt,16,90
47_1028,0,pt,16,90
49_1551,0,pt,16,90
45_698,0,pt,16,90
46_0814,0,pt,16,90
47_1031,0,pt,16,90
7_2790,0,pt,16,90
42_0218,0,pt,16,90
46_0943,0,pt,16,90
47_1018,0,pt,16,90
14_3702,0,pt,16,90
50_1714,0,pt,16,90
42_0201,0,pt,16,90
42_0518,0,pt,16,90
47_1026,0,pt,16,90
45_672,0,pt,16,90
48_1228,0,pt,16,90
6_2679,0,pt,16,90
10_3138,0,pt,16,90
42_0280,0,pt,16,90
6_2754,0,pt,16,90
47_1038,0,pt,16,90
6_2671,0,pt,16,90
5_2587,0,pt,16,90
42_0230,0,pt,16,90
46_0959,0,pt,16,90
12_3368,0,pt,16,90
42_0324,0,pt,16,90
42_0343,0,pt,16,90
16_4004,0,pt,16,90
5_2596,0,pt,16,90
6_2608,0,pt,16,90
47_1188,0,pt,16,90
5_2556,0,pt,16,90
16_3852,0,pt,16,90
7_2867,0,pt,16,90
2_1998,0,pt,16,90
42_0043,0,pt,16,90
42_0561,0,pt,16,90
49_1417,0,pt,16,90
3_2193,0,pt,16,90
49_1567,0,pt,16,90
5_2496,0,pt,16,90
49_1433,0,pt,16,90
3_2110,0,pt,16,90
2_1929,0,pt,16,90
6_2699,0,pt,16,90
46_0792,0,pt,16,90
48_1314,0,pt,16,90
6_2772,0,pt,16,90
42_0150,0,pt,16,90
16_3876,0,pt,16,90
42_0372,0,pt,16,90
10_3035,0,pt,16,90
46_0821,0,pt,16,90
48_1319,0,pt,16,90
12_3382,0,pt,16,90
47_1176,0,pt,16,90
45_703,0,pt,16,90
10_2981,0,pt,16,90
10_3114,0,pt,16,90
12_3281,0,pt,16,90
13_3524,0,pt,16,90
48_1235,0,pt,16,90
4_2368,0,pt,16,90
48_1361,0,pt,16,90
42_0007,0,pt,16,90
3_2042,0,pt,16,90
7_2795,0,pt,16,90
50_1598,0,pt,16,90
49_1489,0,pt,16,90
5_2428,0,pt,16,90
2_1900,0,pt,16,90
16_4096,0,pt,16,90
5_2473,0,pt,16,90
49_1544,0,pt,16,90
14_3677,0,pt,16,90
16_3921,0,pt,16,90
10_3036,0,pt,16,90
45_680,0,pt,16,90
48_1201,0,pt,16,90
14_3650,0,pt,16,90
45_748,0,pt,16,90
42_0318,0,pt,16,90
5_2594,0,pt,16,90
2_1813,0,pt,16,90
50_1607,0,pt,16,90
48_1333,0,pt,16,90
14_3726,0,pt,16,90
12_3318,0,pt,16,90
16_3773,0,pt,16,90
42_0367,0,pt,16,90
13_3550,0,pt,16,90
42_0169,0,pt,16,90
10_3003,15,pt,17,60
10_3018,6,pt,17,60
10_3034,166,pt,17,60
10_3047,11,pt,17,60
10_3055,149,pt,17,60
10_3078,61,pt,17,60
10_3102,3165,pt,17,60
10_3109,89,pt,17,60
10_3125,488,pt,17,60
10_3145,245,pt,17,60
10_3148,21,pt,17,60
10_3173,1991,pt,17,60
10_3181,628,pt,17,60
10_3185,113,pt,17,60
12_3273,81,pt,17,60
12_3311,582,pt,17,60
12_3353,197,pt,17,60
12_3363,1070,pt,17,60
12_3391,164,pt,17,60
13_3409,15,pt,17,60
13_3417,58,pt,17,60
13_3429,1386,pt,17,60
13_3433,166,pt,17,60
13_3438,162,pt,17,60
13_3441,61,pt,17,60
13_3492,540,pt,17,60
13_3539,11,pt,17,60
13_3590,10,pt,17,60
14_3612,16,pt,17,60
14_3618,2772,pt,17,60
14_3624,2484,pt,17,60
14_3627,59,pt,17,60
14_3631,72,pt,17,60
14_3633,238,pt,17,60
14_3639,54,pt,17,60
14_3660,141,pt,17,60
14_3676,13,pt,17,60
14_3692,2824,pt,17,60
14_3695,692,pt,17,60
14_3729,197,pt,17,60
16_3753,61,pt,17,60
16_3794,811,pt,17,60
16_3797,6046,pt,17,60
16_3820,1056,pt,17,60
16_3828,1995,pt,17,60
16_3835,144,pt,17,60
16_3841,49,pt,17,60
16_3842,184,pt,17,60
16_3862,1071,pt,17,60
16_3881,136,pt,17,60
16_3887,63,pt,17,60
16_3893,93,pt,17,60
16_3906,149,pt,17,60
16_3919,48,pt,17,60
16_3922,166,pt,17,60
16_3934,668,pt,17,60
16_3949,286,pt,17,60
16_3971,8366,pt,17,60
16_3987,38,pt,17,60
16_4021,77,pt,17,60
16_4032,513,pt,17,60
16_4033,8826,pt,17,60
16_4034,641,pt,17,60
16_4037,18,pt,17,60
16_4039,27,pt,17,60
16_4041,146,pt,17,60
16_4046,7,pt,17,60
16_4059,378,pt,17,60
16_4060,39,pt,17,60
16_4074,42,pt,17,60
16_4091,28,pt,17,60
16_4099,7134,pt,17,60
16_4109,354,pt,17,60
2_1804,2,pt,17,60
2_1817,32,pt,17,60
2_1830,266,pt,17,60
2_1851,3,pt,17,60
2_1854,17,pt,17,60
2_1881,153,pt,17,60
2_1901,9,pt,17,60
2_1902,235,pt,17,60
2_1903,235,pt,17,60
2_1925,286,pt,17,60
2_1932,202,pt,17,60
2_1939,2,pt,17,60
2_1959,7,pt,17,60
2_1979,17,pt,17,60
2_2012,247,pt,17,60
3_2041,218,pt,17,60
3_2055,141,pt,17,60
3_2063,2029,pt,17,60
3_2066,3487,pt,17,60
3_2092,310,pt,17,60
3_2103,31,pt,17,60
3_2132,31,pt,17,60
3_2149,516,pt,17,60
3_2167,29,pt,17,60
42_0003,106,pt,17,60
42_0015,42,pt,17,60
42_0018,4,pt,17,60
42_0030,1534,pt,17,60
42_0031,76,pt,17,60
42_0060,156,pt,17,60
42_0077,18,pt,17,60
42_0106,7,pt,17,60
42_0112,12,pt,17,60
42_0195,12,pt,17,60
42_0214,22,pt,17,60
42_0233,31,pt,17,60
42_0236,615,pt,17,60
42_0246,40,pt,17,60
42_0250,599,pt,17,60
42_0264,144,pt,17,60
42_0273,281,pt,17,60
42_0286,15,pt,17,60
42_0300,12,pt,17,60
42_0356,138,pt,17,60
42_0411,46,pt,17,60
42_0419,4096,pt,17,60
42_0508,1330,pt,17,60
42_0530,144,pt,17,60
42_0543,835,pt,17,60
45_640,223,pt,17,60
45_646,5,pt,17,60
45_649,4,pt,17,60
45_729,147,pt,17,60
45_786,1,pt,17,60
46_0811,10,pt,17,60
46_0846,77,pt,17,60
46_0857,1585,pt,17,60
46_0858,1107,pt,17,60
46_0869,293,pt,17,60
46_0879,360,pt,17,60
46_0896,377,pt,17,60
46_0930,1154,pt,17,60
46_0948,65,pt,17,60
46_0979,215,pt,17,60
46_0991,312,pt,17,60
46_1001,6,pt,17,60
47_1027,1,pt,17,60
47_1056,54,pt,17,60
47_1063,153,pt,17,60
47_1096,38,pt,17,60
47_1119,1055,pt,17,60
47_1133,306,pt,17,60
47_1157,53,pt,17,60
47_1164,3,pt,17,60
48_1221,823,pt,17,60
48_1227,886,pt,17,60
48_1254,631,pt,17,60
48_1263,63,pt,17,60
48_1287,107,pt,17,60
48_1310,39,pt,17,60
48_1317,2,pt,17,60
48_1318,21,pt,17,60
48_1334,344,pt,17,60
48_1354,284,pt,17,60
48_1362,6894,pt,17,60
48_1382,43,pt,17,60
49_1395,92,pt,17,60
49_1397,110,pt,17,60
49_1418,451,pt,17,60
49_1435,141,pt,17,60
49_1448,4,pt,17,60
49_1457,112,pt,17,60
49_1477,376,pt,17,60
49_1488,73,pt,17,60
49_1500,3693,pt,17,60
49_1514,14,pt,17,60
49_1527,214,pt,17,60
49_1548,500,pt,17,60
49_1557,76,pt,17,60
4_2391,85,pt,17,60
4_2399,7,pt,17,60
4_2405,14,pt,17,60
50_1600,201,pt,17,60
50_1609,34,pt,17,60
50_1635,257,pt,17,60
50_1683,9,pt,17,60
50_1703,78,pt,17,60
50_1706,3540,pt,17,60
50_1737,2,pt,17,60
50_1747,140,pt,17,60
50_1765,697,pt,17,60
5_2467,127,pt,17,60
5_2513,27,pt,17,60
5_2541,90,pt,17,60
5_2585,386,pt,17,60
5_2599,130,pt,17,60
6_2640,7172,pt,17,60
6_2690,30,pt,17,60
6_2722,182,pt,17,60
6_2739,732,pt,17,60
7_2798,9,pt,17,60
7_2813,629,pt,17,60
7_2842,168,pt,17,60
7_2852,181,pt,17,60
7_2856,800,pt,17,60
7_2869,159,pt,17,60
7_2929,1020,pt,17,60
7_2936,226,pt,17,60
7_2945,11,pt,17,60
48_1271,0,pt,17,60
46_0832,0,pt,17,60
13_3572,0,pt,17,60
3_2099,0,pt,17,60
6_2728,0,pt,17,60
7_2833,0,pt,17,60
47_1101,0,pt,17,60
5_2539,0,pt,17,60
7_2925,0,pt,17,60
10_3011,0,pt,17,60
48_1270,0,pt,17,60
3_2072,0,pt,17,60
42_0534,0,pt,17,60
12_3299,0,pt,17,60
13_3464,0,pt,17,60
6_2658,0,pt,17,60
42_0369,0,pt,17,60
42_0342,0,pt,17,60
47_1088,0,pt,17,60
3_2098,0,pt,17,60
42_0316,0,pt,17,60
16_3891,0,pt,17,60
48_1251,0,pt,17,60
2_1911,0,pt,17,60
3_2035,0,pt,17,60
45_624,0,pt,17,60
10_2988,0,pt,17,60
2_2008,0,pt,17,60
47_1073,0,pt,17,60
42_0563,0,pt,17,60
16_3962,0,pt,17,60
16_4056,0,pt,17,60
3_2025,0,pt,17,60
6_2708,0,pt,17,60
10_3135,0,pt,17,60
42_0085,0,pt,17,60
7_2944,0,pt,17,60
12_3222,0,pt,17,60
42_0292,0,pt,17,60
6_2678,0,pt,17,60
10_2994,0,pt,17,60
45_717,0,pt,17,60
48_1316,0,pt,17,60
16_3983,0,pt,17,60
48_1243,0,pt,17,60
42_0376,0,pt,17,60
2_1798,0,pt,17,60
16_4057,0,pt,17,60
42_0443,0,pt,17,60
46_0876,0,pt,17,60
12_3310,0,pt,17,60
16_3856,0,pt,17,60
12_3232,0,pt,17,60
5_2542,0,pt,17,60
46_0885,0,pt,17,60
4_2283,0,pt,17,60
5_2451,0,pt,17,60
42_0067,0,pt,17,60
45_725,0,pt,17,60
14_3616,0,pt,17,60
50_1619,0,pt,17,60
10_3147,0,pt,17,60
12_3355,0,pt,17,60
47_1080,0,pt,17,60
46_1002,0,pt,17,60
7_2960,0,pt,17,60
6_2780,0,pt,17,60
4_2259,0,pt,17,60
16_3851,0,pt,17,60
47_1032,0,pt,17,60
13_3521,0,pt,17,60
16_4029,0,pt,17,60
46_0864,0,pt,17,60
5_2554,0,pt,17,60
12_3370,0,pt,17,60
42_0341,0,pt,17,60
12_3371,0,pt,17,60
6_2755,0,pt,17,60
5_2474,0,pt,17,60
49_1506,0,pt,17,60
42_0125,0,pt,17,60
49_1458,0,pt,17,60
10_3137,0,pt,17,60
4_2409,0,pt,17,60
4_2306,0,pt,17,60
16_4111,0,pt,17,60
4_2316,0,pt,17,60
2_1924,0,pt,17,60
4_2381,0,pt,17,60
42_0296,0,pt,17,60
42_0348,0,pt,17,60
4_2374,0,pt,17,60
45_641,0,pt,17,60
45_702,0,pt,17,60
42_0239,0,pt,17,60
48_1215,0,pt,17,60
4_2403,0,pt,17,60
50_1780,0,pt,17,60
13_3575,0,pt,17,60
47_1034,0,pt,17,60
49_1576,0,pt,17,60
10_3130,0,pt,17,60
45_654,0,pt,17,60
48_1224,0,pt,17,60
3_2061,0,pt,17,60
10_3033,0,pt,17,60
48_1273,0,pt,17,60
45_606,0,pt,17,60
49_1482,0,pt,17,60
50_1653,0,pt,17,60
16_3957,0,pt,17,60
3_2197,0,pt,17,60
42_0320,0,pt,17,60
47_1158,0,pt,17,60
7_2922,0,pt,17,60
50_1672,0,pt,17,60
2_1950,0,pt,17,60
10_3059,0,pt,17,60
46_0797,0,pt,17,60
46_0987,0,pt,17,60
6_2683,0,pt,17,60
16_3981,0,pt,17,60
4_2385,0,pt,17,60
6_2637,0,pt,17,60
16_3937,0,pt,17,60
7_2817,0,pt,17,60
5_2500,0,pt,17,60
16_3873,0,pt,17,60
3_2163,0,pt,17,60
42_0428,0,pt,17,60
16_3926,0,pt,17,60
4_2417,0,pt,17,60
42_0262,0,pt,17,60
49_1580,0,pt,17,60
48_1252,0,pt,17,60
48_1261,0,pt,17,60
16_4042,0,pt,17,60
5_2530,0,pt,17,60
5_2557,0,pt,17,60
49_1405,0,pt,17,60
2_1915,0,pt,17,60
12_3356,0,pt,17,60
6_2602,0,pt,17,60
16_3988,0,pt,17,60
42_0005,0,pt,17,60
14_3617,0,pt,17,60
16_3784,0,pt,17,60
2_2007,0,pt,17,60
47_1060,0,pt,17,60
10_3067,0,pt,17,60
6_2743,0,pt,17,60
6_2645,0,pt,17,60
48_1380,0,pt,17,60
45_635,0,pt,17,60
5_2490,0,pt,17,60
42_0263,0,pt,17,60
7_2800,0,pt,17,60
12_3301,0,pt,17,60
14_3623,0,pt,17,60
2_1864,0,pt,17,60
47_1069,0,pt,17,60
49_1470,0,pt,17,60
4_2231,0,pt,17,60
4_2344,0,pt,17,60
42_0188,0,pt,17,60
12_3194,0,pt,17,60
42_0537,0,pt,17,60
42_0417,0,pt,17,60
47_1172,0,pt,17,60
3_2053,0,pt,17,60
49_1413,0,pt,17,60
49_1560,0,pt,17,60
4_2257,0,pt,17,60
4_2284,0,pt,17,60
10_3143,0,pt,17,60
2_1961,0,pt,17,60
12_3283,0,pt,17,60
42_0086,0,pt,17,60
6_2622,0,pt,17,60
49_1494,0,pt,17,60
13_3534,0,pt,17,60
42_0051,0,pt,17,60
3_2050,0,pt,17,60
42_0579,0,pt,17,60
16_4019,0,pt,17,60
47_1120,0,pt,17,60
13_3583,0,pt,17,60
46_1006,0,pt,17,60
16_3877,0,pt,17,60
3_2028,0,pt,17,60
4_2261,0,pt,17,60
48_1279,0,pt,17,60
42_0576,0,pt,17,60
45_671,0,pt,17,60
42_0265,0,pt,17,60
2_1981,0,pt,17,60
49_1387,0,pt,17,60
16_3874,0,pt,17,60
49_1422,0,pt,17,60
4_2406,0,pt,17,60
45_756,0,pt,17,60
12_3291,0,pt,17,60
5_2582,0,pt,17,60
12_3233,0,pt,17,60
5_2598,0,pt,17,60
42_0282,0,pt,17,60
46_0911,0,pt,17,60
7_2858,0,pt,17,60
13_3466,0,pt,17,60
10_3116,0,pt,17,60
50_1684,0,pt,17,60
12_3336,0,pt,17,60
16_3982,0,pt,17,60
2_2006,0,pt,17,60
5_2499,0,pt,17,60
42_0301,0,pt,17,60
46_0854,0,pt,17,60
46_0852,0,pt,17,60
6_2624,0,pt,17,60
42_0059,0,pt,17,60
48_1241,0,pt,17,60
6_2760,0,pt,17,60
3_2064,0,pt,17,60
45_661,0,pt,17,60
10_3026,0,pt,17,60
13_3437,0,pt,17,60
5_2482,0,pt,17,60
2_1919,0,pt,17,60
45_785,0,pt,17,60
16_3986,0,pt,17,60
47_1058,0,pt,17,60
42_0013,0,pt,17,60
14_3685,0,pt,17,60
42_0117,0,pt,17,60
42_0234,0,pt,17,60
48_1324,0,pt,17,60
2_1807,0,pt,17,60
42_0237,0,pt,17,60
14_3659,0,pt,17,60
46_0946,0,pt,17,60
42_0073,0,pt,17,60
14_3709,0,pt,17,60
4_2322,0,pt,17,60
10_3186,0,pt,17,60
45_731,0,pt,17,60
42_0065,0,pt,17,60
14_3663,0,pt,17,60
2_1890,0,pt,17,60
45_699,0,pt,17,60
7_2890,0,pt,17,60
14_3673,0,pt,17,60
13_3424,0,pt,17,60
46_0841,0,pt,17,60
16_3951,0,pt,17,60
16_4078,0,pt,17,60
2_1930,0,pt,17,60
48_1365,0,pt,17,60
5_2447,0,pt,17,60
2_1995,0,pt,17,60
4_2359,0,pt,17,60
45_637,0,pt,17,60
45_625,0,pt,17,60
49_1539,0,pt,17,60
46_0934,0,pt,17,60
7_2940,0,pt,17,60
5_2478,0,pt,17,60
12_3213,0,pt,17,60
10_3030,0,pt,17,60
45_622,0,pt,17,60
50_1606,0,pt,17,60
42_0449,0,pt,17,60
5_2498,0,pt,17,60
6_2776,0,pt,17,60
7_2903,0,pt,17,60
42_0363,0,pt,17,60
50_1781,0,pt,17,60
2_1983,0,pt,17,60
46_0862,0,pt,17,60
10_3041,0,pt,17,60
49_1467,0,pt,17,60
4_2408,0,pt,17,60
7_2827,0,pt,17,60
42_0525,0,pt,17,60
4_2311,0,pt,17,60
7_2891,0,pt,17,60
45_596,0,pt,17,60
10_3179,0,pt,17,60
42_0472,0,pt,17,60
12_3237,0,pt,17,60
42_0229,0,pt,17,60
47_1043,0,pt,17,60
5_2571,0,pt,17,60
45_723,0,pt,17,60
14_3688,0,pt,17,60
4_2363,0,pt,17,60
42_0580,0,pt,17,60
10_3090,0,pt,17,60
2_1856,0,pt,17,60
13_3573,0,pt,17,60
12_3221,0,pt,17,60
13_3456,0,pt,17,60
2_1949,0,pt,17,60
42_0560,0,pt,17,60
46_0880,0,pt,17,60
42_0244,0,pt,17,60
50_1754,0,pt,17,60
10_3000,0,pt,17,60
2_1947,0,pt,17,60
2_1828,0,pt,17,60
14_3608,0,pt,17,60
42_0293,0,pt,17,60
16_3967,0,pt,17,60
12_3274,0,pt,17,60
13_3457,0,pt,17,60
49_1585,0,pt,17,60
6_2694,0,pt,17,60
49_1431,0,pt,17,60
4_2362,0,pt,17,60
50_1695,0,pt,17,60
42_0406,0,pt,17,60
16_4082,0,pt,17,60
7_2845,0,pt,17,60
48_1307,0,pt,17,60
6_2723,0,pt,17,60
49_1559,0,pt,17,60
48_1350,0,pt,17,60
16_3947,0,pt,17,60
42_0442,0,pt,17,60
50_1588,0,pt,17,60
45_618,0,pt,17,60
42_0513,0,pt,17,60
14_3731,0,pt,17,60
42_0401,0,pt,17,60
45_669,0,pt,17,60
6_2689,0,pt,17,60
16_3996,0,pt,17,60
45_774,0,pt,17,60
10_3174,0,pt,17,60
4_2240,0,pt,17,60
42_0240,0,pt,17,60
16_3940,0,pt,17,60
13_3523,0,pt,17,60
45_749,0,pt,17,60
10_3178,0,pt,17,60
42_0404,0,pt,17,60
3_2204,0,pt,17,60
45_675,0,pt,17,60
48_1208,0,pt,17,60
49_1396,0,pt,17,60
46_0877,0,pt,17,60
2_1968,0,pt,17,60
10_2978,0,pt,17,60
48_1294,0,pt,17,60
14_3597,0,pt,17,60
14_3720,0,pt,17,60
13_3551,0,pt,17,60
6_2684,0,pt,17,60
50_1772,0,pt,17,60
3_2174,0,pt,17,60
47_1142,0,pt,17,60
2_1841,0,pt,17,60
16_4079,0,pt,17,60
49_1391,0,pt,17,60
48_1258,0,pt,17,60
10_3091,0,pt,17,60
12_3342,0,pt,17,60
4_2254,0,pt,17,60
3_2142,0,pt,17,60
2_1800,0,pt,17,60
3_2143,0,pt,17,60
42_0275,0,pt,17,60
48_1280,0,pt,17,60
10_3124,0,pt,17,60
45_648,0,pt,17,60
45_652,0,pt,17,60
42_0242,0,pt,17,60
46_0949,0,pt,17,60
42_0054,0,pt,17,60
46_0976,0,pt,17,60
16_4011,0,pt,17,60
7_2939,0,pt,17,60
16_3925,0,pt,17,60
16_3888,0,pt,17,60
49_1409,0,pt,17,60
5_2601,0,pt,17,60
3_2207,0,pt,17,60
48_1376,0,pt,17,60
12_3364,0,pt,17,60
4_2303,0,pt,17,60
6_2736,0,pt,17,60
5_2435,0,pt,17,60
10_3073,0,pt,17,60
50_1604,0,pt,17,60
50_1735,0,pt,17,60
42_0447,0,pt,17,60
10_3164,0,pt,17,60
2_2018,0,pt,17,60
42_0258,0,pt,17,60
10_3095,0,pt,17,60
6_2668,0,pt,17,60
16_3995,0,pt,17,60
42_0412,0,pt,17,60
10_3107,0,pt,17,60
7_2906,0,pt,17,60
16_3796,0,pt,17,60
4_2310,0,pt,17,60
50_1674,0,pt,17,60
50_1602,0,pt,17,60
47_1081,0,pt,17,60
16_3867,0,pt,17,60
16_4071,0,pt,17,60
4_2360,0,pt,17,60
47_1039,0,pt,17,60
3_2212,0,pt,17,60
47_1068,0,pt,17,60
50_1723,0,pt,17,60
13_3520,0,pt,17,60
2_1872,0,pt,17,60
4_2232,0,pt,17,60
47_1114,0,pt,17,60
16_3830,0,pt,17,60
48_1255,0,pt,17,60
46_0798,0,pt,17,60
46_0838,0,pt,17,60
46_0966,0,pt,17,60
47_1123,0,pt,17,60
5_2434,0,pt,17,60
16_3793,0,pt,17,60
5_2441,0,pt,17,60
7_2822,0,pt,17,60
2_1858,0,pt,17,60
50_1596,0,pt,17,60
7_2976,0,pt,17,60
42_0507,0,pt,17,60
50_1776,0,pt,17,60
5_2555,0,pt,17,60
2_1934,0,pt,17,60
5_2595,0,pt,17,60
14_3610,0,pt,17,60
42_0470,0,pt,17,60
45_701,0,pt,17,60
16_4003,0,pt,17,60
42_0075,0,pt,17,60
6_2762,0,pt,17,60
48_1268,0,pt,17,60
50_1727,0,pt,17,60
5_2519,0,pt,17,60
13_3479,0,pt,17,60
14_3694,0,pt,17,60
42_0373,0,pt,17,60
6_2685,0,pt,17,60
6_2652,0,pt,17,60
49_1523,0,pt,17,60
48_1242,0,pt,17,60
50_1625,0,pt,17,60
50_1654,0,pt,17,60
42_0542,0,pt,17,60
49_1440,0,pt,17,60
7_2835,0,pt,17,60
13_3472,0,pt,17,60
7_2878,0,pt,17,60
42_0479,0,pt,17,60
50_1687,0,pt,17,60
49_1569,0,pt,17,60
12_3358,0,pt,17,60
3_2121,0,pt,17,60
12_3219,0,pt,17,60
10_3057,0,pt,17,60
4_2269,0,pt,17,60
7_2946,0,pt,17,60
46_0977,0,pt,17,60
42_0009,0,pt,17,60
2_1992,0,pt,17,60
16_3935,0,pt,17,60
7_2791,0,pt,17,60
50_1753,0,pt,17,60
13_3420,0,pt,17,60
42_0379,0,pt,17,60
50_1689,0,pt,17,60
14_3741,0,pt,17,60
48_1328,0,pt,17,60
45_744,0,pt,17,60
42_0593,0,pt,17,60
42_0562,0,pt,17,60
13_3440,0,pt,17,60
14_3684,0,pt,17,60
48_1216,0,pt,17,60
42_0330,0,pt,17,60
5_2540,0,pt,17,60
4_2392,0,pt,17,60
3_2206,0,pt,17,60
48_1369,0,pt,17,60
42_0358,0,pt,17,60
42_0464,0,pt,17,60
3_2082,0,pt,17,60
16_3943,0,pt,17,60
49_1536,0,pt,17,60
6_2726,0,pt,17,60
2_1823,0,pt,17,60
16_3939,0,pt,17,60
10_3017,0,pt,17,60
16_3890,0,pt,17,60
13_3570,0,pt,17,60
3_2057,0,pt,17,60
49_1515,0,pt,17,60
42_0426,0,pt,17,60
7_2898,0,pt,17,60
3_2191,0,pt,17,60
42_0061,0,pt,17,60
12_3201,0,pt,17,60
42_0360,0,pt,17,60
48_1386,0,pt,17,60
42_0446,0,pt,17,60
5_2486,0,pt,17,60
50_1749,0,pt,17,60
16_3823,0,pt,17,60
50_1671,0,pt,17,60
6_2733,0,pt,17,60
5_2464,0,pt,17,60
16_4070,0,pt,17,60
50_1777,0,pt,17,60
50_1762,0,pt,17,60
42_0138,0,pt,17,60
5_2564,0,pt,17,60
16_3999,0,pt,17,60
47_1010,0,pt,17,60
5_2421,0,pt,17,60
12_3312,0,pt,17,60
45_747,0,pt,17,60
12_3236,0,pt,17,60
42_0021,0,pt,17,60
6_2720,0,pt,17,60
45_735,0,pt,17,60
10_3085,0,pt,17,60
47_1061,0,pt,17,60
13_3559,0,pt,17,60
46_0834,0,pt,17,60
49_1577,0,pt,17,60
10_3058,0,pt,17,60
42_0253,0,pt,17,60
12_3255,0,pt,17,60
42_0231,0,pt,17,60
46_0917,0,pt,17,60
16_3894,0,pt,17,60
12_3295,0,pt,17,60
47_1011,0,pt,17,60
45_751,0,pt,17,60
4_2274,0,pt,17,60
47_1082,0,pt,17,60
42_0393,0,pt,17,60
10_3082,0,pt,17,60
14_3674,0,pt,17,60
5_2439,0,pt,17,60
42_0444,0,pt,17,60
45_666,0,pt,17,60
47_1194,0,pt,17,60
12_3337,0,pt,17,60
6_2660,0,pt,17,60
3_2137,0,pt,17,60
12_3212,0,pt,17,60
42_0157,0,pt,17,60
42_0345,0,pt,17,60
3_2131,0,pt,17,60
12_3326,0,pt,17,60
16_3840,0,pt,17,60
42_0493,0,pt,17,60
7_2961,0,pt,17,60
3_2201,0,pt,17,60
4_2387,0,pt,17,60
13_3509,0,pt,17,60
49_1493,0,pt,17,60
42_0503,0,pt,17,60
12_3191,0,pt,17,60
7_2862,0,pt,17,60
46_0793,0,pt,17,60
16_3807,0,pt,17,60
10_3156,0,pt,17,60
49_1530,0,pt,17,60
16_3849,0,pt,17,60
13_3515,0,pt,17,60
7_2883,0,pt,17,60
16_3952,0,pt,17,60
50_1726,0,pt,17,60
16_4101,0,pt,17,60
10_3111,0,pt,17,60
2_1832,0,pt,17,60
4_2291,0,pt,17,60
45_757,0,pt,17,60
4_2279,0,pt,17,60
48_1364,0,pt,17,60
2_2001,0,pt,17,60
46_0872,0,pt,17,60
48_1247,0,pt,17,60
42_0004,0,pt,17,60
16_4093,0,pt,17,60
47_1013,0,pt,17,60
49_1475,0,pt,17,60
16_4020,0,pt,17,60
49_1551,0,pt,17,60
45_698,0,pt,17,60
7_2857,0,pt,17,60
46_0814,0,pt,17,60
47_1031,0,pt,17,60
45_684,0,pt,17,60
7_2790,0,pt,17,60
47_1018,0,pt,17,60
14_3702,0,pt,17,60
50_1714,0,pt,17,60
47_1026,0,pt,17,60
48_1228,0,pt,17,60
10_3138,0,pt,17,60
7_2914,0,pt,17,60
42_0280,0,pt,17,60
6_2754,0,pt,17,60
14_3630,0,pt,17,60
46_1003,0,pt,17,60
5_2587,0,pt,17,60
46_0959,0,pt,17,60
3_2221,0,pt,17,60
49_1556,0,pt,17,60
42_0324,0,pt,17,60
16_4004,0,pt,17,60
46_0861,0,pt,17,60
5_2596,0,pt,17,60
48_1256,0,pt,17,60
6_2608,0,pt,17,60
16_3852,0,pt,17,60
2_1998,0,pt,17,60
50_1751,0,pt,17,60
42_0043,0,pt,17,60
5_2563,0,pt,17,60
49_1417,0,pt,17,60
42_0370,0,pt,17,60
16_3976,0,pt,17,60
5_2496,0,pt,17,60
14_3622,0,pt,17,60
16_3970,0,pt,17,60
3_2110,0,pt,17,60
6_2772,0,pt,17,60
46_0792,0,pt,17,60
48_1314,0,pt,17,60
16_3846,0,pt,17,60
10_3035,0,pt,17,60
46_0821,0,pt,17,60
12_3382,0,pt,17,60
47_1176,0,pt,17,60
45_703,0,pt,17,60
2_1806,0,pt,17,60
10_3114,0,pt,17,60
16_3969,0,pt,17,60
48_1235,0,pt,17,60
3_2042,0,pt,17,60
7_2795,0,pt,17,60
4_2368,0,pt,17,60
48_1361,0,pt,17,60
49_1489,0,pt,17,60
16_4096,0,pt,17,60
5_2473,0,pt,17,60
49_1544,0,pt,17,60
14_3677,0,pt,17,60
16_3921,0,pt,17,60
10_3036,0,pt,17,60
45_680,0,pt,17,60
14_3650,0,pt,17,60
48_1333,0,pt,17,60
2_1893,0,pt,17,60
12_3318,0,pt,17,60
13_3548,0,pt,17,60
42_0169,0,pt,17,60
48_1339,0,pt,17,60
2_1984,0,pt,17,60
49_1425,0,pt,17,60
14_3687,0,pt,17,60
49_1501,0,pt,17,60
14_3713,0,pt,17,60
49_1420,0,pt,17,60
13_3476,0,pt,17,60
7_2934,0,pt,17,60
7_2963,0,pt,17,60
49_1572,0,pt,17,60
49_1533,0,pt,17,60
2_1965,0,pt,17,60
42_0529,0,pt,17,60
42_0057,0,pt,17,60
46_0971,0,pt,17,60
6_2609,0,pt,17,60
49_1571,0,pt,17,60
3_2216,0,pt,17,60
42_0574,0,pt,17,60
49_1454,0,pt,17,60
6_2657,0,pt,17,60
12_3269,0,pt,17,60
49_1578,0,pt,17,60
16_3924,0,pt,17,60
42_0397,0,pt,17,60
42_0055,0,pt,17,60
42_0147,0,pt,17,60
7_2837,0,pt,17,60
42_0586,0,pt,17,60
2_1975,0,pt,17,60
10_3112,0,pt,17,60
7_2958,0,pt,17,60
16_3871,0,pt,17,60
6_2623,0,pt,17,60
3_2105,0,pt,17,60
48_1236,0,pt,17,60
50_1612,0,pt,17,60
13_3431,0,pt,17,60
16_4012,0,pt,17,60
6_2713,0,pt,17,60
42_0436,0,pt,17,60
16_4023,0,pt,17,60
13_3400,0,pt,17,60
50_1658,0,pt,17,60
3_2136,0,pt,17,60
3_2115,0,pt,17,60
2_1941,0,pt,17,60
6_2673,0,pt,17,60
16_3792,0,pt,17,60
3_2150,0,pt,17,60
42_0480,0,pt,17,60
47_1179,0,pt,17,60
49_1449,0,pt,17,60
16_4044,0,pt,17,60
46_0922,0,pt,17,60
48_1248,0,pt,17,60
42_0331,0,pt,17,60
48_1332,0,pt,17,60
47_1094,0,pt,17,60
49_1549,0,pt,17,60
45_755,0,pt,17,60
12_3231,0,pt,17,60
5_2568,0,pt,17,60
14_3594,0,pt,17,60
45_721,0,pt,17,60
2_1824,0,pt,17,60
49_1570,0,pt,17,60
42_0554,0,pt,17,60
3_2097,0,pt,17,60
16_4018,0,pt,17,60
4_2412,0,pt,17,60
50_1785,0,pt,17,60
42_0460,0,pt,17,60
45_658,0,pt,17,60
16_3756,0,pt,17,60
47_1185,0,pt,17,60
49_1521,0,pt,17,60
16_4024,0,pt,17,60
2_1875,0,pt,17,60
49_1474,0,pt,17,60
16_3863,0,pt,17,60
48_1225,0,pt,17,60
49_1512,0,pt,17,60
6_2771,0,pt,17,60
12_3296,0,pt,17,60
2_1960,0,pt,17,60
7_2792,0,pt,17,60
48_1206,0,pt,17,60
46_0978,0,pt,17,60
14_3662,0,pt,17,60
16_4006,0,pt,17,60
48_1301,0,pt,17,60
10_3014,0,pt,17,60
10_3121,0,pt,17,60
4_2318,0,pt,17,60
14_3649,0,pt,17,60
50_1756,0,pt,17,60
7_2900,0,pt,17,60
16_4035,0,pt,17,60
47_1112,0,pt,17,60
46_0965,0,pt,17,60
5_2572,0,pt,17,60
16_3968,0,pt,17,60
5_2463,0,pt,17,60
42_0035,0,pt,17,60
42_0245,0,pt,17,60
6_2672,0,pt,17,60
42_0319,0,pt,17,60
48_1356,0,pt,17,60
49_1416,0,pt,17,60
10_3084,0,pt,17,60
16_3803,0,pt,17,60
2_1969,0,pt,17,60
42_0050,0,pt,17,60
10_3113,0,pt,17,60
48_1342,0,pt,17,60
49_1480,0,pt,17,60
48_1265,0,pt,17,60
45_633,0,pt,17,60
42_0414,0,pt,17,60
4_2233,0,pt,17,60
46_0868,0,pt,17,60
46_0998,0,pt,17,60
16_4061,0,pt,17,60
16_3895,0,pt,17,60
46_0828,0,pt,17,60
12_3349,0,pt,17,60
42_0220,0,pt,17,60
7_2954,0,pt,17,60
46_0848,0,pt,17,60
42_0375,0,pt,17,60
4_2329,0,pt,17,60
45_632,0,pt,17,60
6_2686,0,pt,17,60
14_3625,0,pt,17,60
7_2910,0,pt,17,60
14_3601,0,pt,17,60
48_1253,0,pt,17,60
49_1481,0,pt,17,60
50_1771,0,pt,17,60
50_1628,0,pt,17,60
16_3875,0,pt,17,60
46_0874,0,pt,17,60
7_2932,0,pt,17,60
50_1637,0,pt,17,60
50_1729,0,pt,17,60
46_0826,0,pt,17,60
6_2741,0,pt,17,60
47_1067,0,pt,17,60
12_3293,0,pt,17,60
42_0217,0,pt,17,60
48_1352,0,pt,17,60
16_3997,0,pt,17,60
49_1534,0,pt,17,60
2_1789,0,pt,17,60
2_1953,0,pt,17,60
5_2566,0,pt,17,60
50_1651,0,pt,17,60
10_2980,0,pt,17,60
49_1452,0,pt,17,60
42_0302,0,pt,17,60
48_1212,0,pt,17,60
5_2429,0,pt,17,60
7_2971,0,pt,17,60
3_2038,0,pt,17,60
14_3681,0,pt,17,60
42_0491,0,pt,17,60
5_2544,0,pt,17,60
4_2330,0,pt,17,60
6_2628,0,pt,17,60
3_2171,0,pt,17,60
42_0307,0,pt,17,60
7_2921,0,pt,17,60
45_682,0,pt,17,60
16_3824,0,pt,17,60
14_3628,0,pt,17,60
14_3712,0,pt,17,60
49_1562,0,pt,17,60
2_2016,0,pt,17,60
45_609,0,pt,17,60
3_2029,0,pt,17,60
5_2577,0,pt,17,60
42_0541,0,pt,17,60
42_0304,0,pt,17,60
6_2612,0,pt,17,60
6_2748,0,pt,17,60
7_2902,0,pt,17,60
7_2850,0,pt,17,60
42_0551,0,pt,17,60
42_0089,0,pt,17,60
2_2004,0,pt,17,60
10_3120,0,pt,17,60
47_1165,0,pt,17,60
14_3611,0,pt,17,60
42_0378,0,pt,17,60
45_659,0,pt,17,60
16_3918,0,pt,17,60
13_3526,0,pt,17,60
5_2548,0,pt,17,60
46_0804,0,pt,17,60
10_3050,0,pt,17,60
16_3900,0,pt,17,60
42_0565,0,pt,17,60
50_1620,0,pt,17,60
42_0326,0,pt,17,60
16_3811,0,pt,17,60
10_3096,0,pt,17,60
7_2818,0,pt,17,60
16_3829,0,pt,17,60
47_1021,0,pt,17,60
4_2234,0,pt,17,60
2_1821,0,pt,17,60
46_0800,0,pt,17,60
2_1829,0,pt,17,60
49_1504,0,pt,17,60
16_3802,0,pt,17,60
12_3316,0,pt,17,60
42_0350,0,pt,17,60
45_782,0,pt,17,60
48_1371,0,pt,17,60
3_2226,0,pt,17,60
10_3092,0,pt,17,60
6_2664,0,pt,17,60
4_2289,0,pt,17,60
47_1111,0,pt,17,60
10_3118,0,pt,17,60
2_1895,0,pt,17,60
45_630,0,pt,17,60
5_2430,0,pt,17,60
6_2773,0,pt,17,60
10_3163,0,pt,17,60
10_3097,0,pt,17,60
6_2757,0,pt,17,60
10_2996,0,pt,17,60
45_728,0,pt,17,60
48_1249,0,pt,17,60
47_1024,0,pt,17,60
16_4036,0,pt,17,60
48_1335,0,pt,17,60
46_0856,0,pt,17,60
46_0982,0,pt,17,60
14_3739,0,pt,17,60
7_2796,0,pt,17,60
14_3672,0,pt,17,60
42_0183,0,pt,17,60
7_2844,0,pt,17,60
42_0467,0,pt,17,60
48_1360,0,pt,17,60
42_0141,0,pt,17,60
10_3032,0,pt,17,60
48_1383,0,pt,17,60
48_1320,0,pt,17,60
6_2740,0,pt,17,60
3_2043,0,pt,17,60
49_1526,0,pt,17,60
46_0952,0,pt,17,60
42_0040,0,pt,17,60
3_2170,0,pt,17,60
48_1306,0,pt,17,60
42_0243,0,pt,17,60
42_0204,0,pt,17,60
16_3808,0,pt,17,60
45_733,0,pt,17,60
42_0539,0,pt,17,60
42_0535,0,pt,17,60
47_1055,0,pt,17,60
10_3168,0,pt,17,60
16_3961,0,pt,17,60
16_3901,0,pt,17,60
12_3250,0,pt,17,60
13_3423,0,pt,17,60
16_3944,0,pt,17,60
50_1764,0,pt,17,60
45_608,0,pt,17,60
6_2647,0,pt,17,60
49_1550,0,pt,17,60
46_0844,0,pt,17,60
10_3065,0,pt,17,60
47_1136,0,pt,17,60
49_1518,0,pt,17,60
13_3513,0,pt,17,60
12_3328,0,pt,17,60
16_4094,0,pt,17,60
6_2784,0,pt,17,60
50_1659,0,pt,17,60
16_3773,0,pt,17,60
47_1154,0,pt,17,60
47_1109,0,pt,17,60
3_2034,0,pt,17,60
48_1381,0,pt,17,60
4_2268,0,pt,17,60
42_0255,0,pt,17,60
42_0160,0,pt,17,60
42_0014,0,pt,17,60
12_3142,0,pt,17,60
50_1636,0,pt,17,60
42_0038,0,pt,17,60
2_1843,0,pt,17,60
5_2466,0,pt,17,60
16_4104,0,pt,17,60
48_1266,0,pt,17,60
42_0445,0,pt,17,60
13_3525,0,pt,17,60
16_3822,0,pt,17,60
14_3619,0,pt,17,60
50_1768,0,pt,17,60
5_2433,0,pt,17,60
42_0287,0,pt,17,60
6_2783,0,pt,17,60
14_3596,0,pt,17,60
6_2625,0,pt,17,60
10_3025,0,pt,17,60
3_2049,0,pt,17,60
10_3040,0,pt,17,60
16_4089,0,pt,17,60
16_4084,0,pt,17,60
46_0875,0,pt,17,60
42_0458,0,pt,17,60
46_0898,0,pt,17,60
49_1535,0,pt,17,60
49_1469,0,pt,17,60
16_4008,0,pt,17,60
42_0515,0,pt,17,60
6_2747,0,pt,17,60
4_2263,0,pt,17,60
49_1492,0,pt,17,60
7_2865,0,pt,17,60
3_2058,0,pt,17,60
10_3077,0,pt,17,60
46_0799,0,pt,17,60
46_0795,0,pt,17,60
16_4110,0,pt,17,60
45_761,0,pt,17,60
2_1826,0,pt,17,60
10_3158,0,pt,17,60
42_0046,0,pt,17,60
12_3263,0,pt,17,60
46_0907,0,pt,17,60
10_3004,0,pt,17,60
4_2358,0,pt,17,60
49_1509,0,pt,17,60
46_0950,0,pt,17,60
47_1117,0,pt,17,60
50_1722,0,pt,17,60
5_2583,0,pt,17,60
46_0913,0,pt,17,60
2_1988,0,pt,17,60
16_3927,0,pt,17,60
16_4112,0,pt,17,60
46_0956,0,pt,17,60
14_3719,0,pt,17,60
16_3761,0,pt,17,60
5_2534,0,pt,17,60
48_1219,0,pt,17,60
16_4085,0,pt,17,60
42_0137,0,pt,17,60
14_3735,0,pt,17,60
47_1145,0,pt,17,60
46_0939,0,pt,17,60
16_4107,0,pt,17,60
16_4069,0,pt,17,60
16_3832,0,pt,17,60
42_0180,0,pt,17,60
7_2915,0,pt,17,60
14_3609,0,pt,17,60
16_3765,0,pt,17,60
48_1204,0,pt,17,60
45_627,0,pt,17,60
49_1546,0,pt,17,60
46_0791,0,pt,17,60
49_1472,0,pt,17,60
6_2604,0,pt,17,60
47_1083,0,pt,17,60
13_3399,0,pt,17,60
48_1330,0,pt,17,60
42_0261,0,pt,17,60
42_0158,0,pt,17,60
16_3980,0,pt,17,60
13_3481,0,pt,17,60
3_2039,0,pt,17,60
42_0552,0,pt,17,60
47_1017,0,pt,17,60
50_1621,0,pt,17,60
50_1731,0,pt,17,60
49_1404,0,pt,17,60
42_0294,0,pt,17,60
42_0322,0,pt,17,60
42_0339,0,pt,17,60
13_3545,0,pt,17,60
6_2769,0,pt,17,60
46_0836,0,pt,17,60
12_3388,0,pt,17,60
16_3854,0,pt,17,60
3_2108,0,pt,17,60
45_688,0,pt,17,60
3_2125,0,pt,17,60
47_1100,0,pt,17,60
47_1129,0,pt,17,60
14_3621,0,pt,17,60
16_3917,0,pt,17,60
5_2581,0,pt,17,60
48_1209,0,pt,17,60
16_3897,0,pt,17,60
49_1496,0,pt,17,60
16_4007,0,pt,17,60
6_2633,0,pt,17,60
50_1644,0,pt,17,60
50_1655,0,pt,17,60
50_1645,0,pt,17,60
6_2646,0,pt,17,60
46_0888,0,pt,17,60
48_1198,0,pt,17,60
7_2815,0,pt,17,60
6_2749,0,pt,17,60
45_611,0,pt,17,60
48_1368,0,pt,17,60
5_2449,0,pt,17,60
12_3357,0,pt,17,60
50_1717,0,pt,17,60
48_1327,0,pt,17,60
42_0235,0,pt,17,60
14_3657,0,pt,17,60
14_3635,0,pt,17,60
47_1030,0,pt,17,60
7_2887,0,pt,17,60
12_3205,0,pt,17,60
16_3985,0,pt,17,60
42_0549,0,pt,17,60
45_767,0,pt,17,60
6_2634,0,pt,17,60
49_1436,0,pt,17,60
7_2864,0,pt,17,60
46_0918,0,pt,17,60
49_1541,0,pt,17,60
16_3800,0,pt,17,60
16_3936,0,pt,17,60
7_2841,0,pt,17,60
16_3946,0,pt,17,60
2_1974,0,pt,17,60
42_0425,0,pt,17,60
42_0395,0,pt,17,60
3_2062,0,pt,17,60
48_1285,0,pt,17,60
14_3675,0,pt,17,60
45_709,0,pt,17,60
42_0159,0,pt,17,60
42_0153,0,pt,17,60
5_2560,0,pt,17,60
42_0451,0,pt,17,60
16_3963,0,pt,17,60
10_3023,0,pt,17,60
42_0032,0,pt,17,60
12_3234,0,pt,17,60
5_2592,0,pt,17,60
42_0094,0,pt,17,60
48_1197,0,pt,17,60
46_0794,0,pt,17,60
49_1520,0,pt,17,60
2_1985,0,pt,17,60
4_2325,0,pt,17,60
2_1918,0,pt,17,60
2_1938,0,pt,17,60
6_2710,0,pt,17,60
47_1171,0,pt,17,60
46_0970,0,pt,17,60
42_0528,0,pt,17,60
42_0353,0,pt,17,60
6_2700,0,pt,17,60
46_0790,0,pt,17,60
46_0997,0,pt,17,60
5_2510,0,pt,17,60
6_2702,0,pt,17,60
47_1156,0,pt,17,60
2_1877,0,pt,17,60
45_781,0,pt,17,60
2_1810,0,pt,17,60
50_1627,0,pt,17,60
12_3286,0,pt,17,60
42_0465,0,pt,17,60
45_678,0,pt,17,60
2_1882,0,pt,17,60
42_0283,0,pt,17,60
48_1232,0,pt,17,60
50_1784,0,pt,17,60
13_3517,0,pt,17,60
14_3599,0,pt,17,60
42_0184,0,pt,17,60
46_0909,0,pt,17,60
48_1300,0,pt,17,60
49_1462,0,pt,17,60
42_0104,0,pt,17,60
42_0042,0,pt,17,60
3_2205,0,pt,17,60
49_1484,0,pt,17,60
50_1746,0,pt,17,60
49_1543,0,pt,17,60
12_3198,0,pt,17,60
13_3458,0,pt,17,60
5_2477,0,pt,17,60
50_1673,0,pt,17,60
49_1487,0,pt,17,60
42_0037,0,pt,17,60
7_2868,0,pt,17,60
46_0883,0,pt,17,60
50_1599,0,pt,17,60
47_1173,0,pt,17,60
13_3528,0,pt,17,60
4_2314,0,pt,17,60
4_2394,0,pt,17,60
47_1066,0,pt,17,60
7_2938,0,pt,17,60
2_1987,0,pt,17,60
46_0842,0,pt,17,60
4_2388,0,pt,17,60
14_3746,0,pt,17,60
42_0252,0,pt,17,60
42_0533,0,pt,17,60
16_3954,0,pt,17,60
49_1508,0,pt,17,60
42_0010,0,pt,17,60
2_1849,0,pt,17,60
45_769,0,pt,17,60
6_2781,0,pt,17,60
46_0985,0,pt,17,60
7_2848,0,pt,17,60
7_2948,0,pt,17,60
10_2992,0,pt,17,60
50_1633,0,pt,17,60
42_0453,0,pt,17,60
4_2228,0,pt,17,60
2_1808,0,pt,17,60
16_3751,0,pt,17,60
3_2065,0,pt,17,60
16_3799,0,pt,17,60
49_1575,0,pt,17,60
7_2838,0,pt,17,60
7_2949,0,pt,17,60
3_2116,0,pt,17,60
50_1608,0,pt,17,60
16_4043,0,pt,17,60
47_1147,0,pt,17,60
3_2180,0,pt,17,60
42_0521,0,pt,17,60
49_1463,0,pt,17,60
14_3670,0,pt,17,60
2_1839,0,pt,17,60
45_651,0,pt,17,60
16_3836,0,pt,17,60
7_2967,0,pt,17,60
13_3435,0,pt,17,60
47_1023,0,pt,17,60
10_3170,0,pt,17,60
42_0068,0,pt,17,60
13_3500,0,pt,17,60
12_3359,0,pt,17,60
10_3162,0,pt,17,60
42_0452,0,pt,17,60
48_1196,0,pt,17,60
7_2917,0,pt,17,60
50_1639,0,pt,17,60
49_1491,0,pt,17,60
42_0025,0,pt,17,60
47_1048,0,pt,17,60
48_1347,0,pt,17,60
6_2707,0,pt,17,60
2_1860,0,pt,17,60
6_2687,0,pt,17,60
12_3322,0,pt,17,60
14_3606,0,pt,17,60
42_0381,0,pt,17,60
6_2682,0,pt,17,60
3_2128,0,pt,17,60
16_3868,0,pt,17,60
48_1281,0,pt,17,60
45_613,0,pt,17,60
49_1450,0,pt,17,60
46_0827,0,pt,17,60
46_0973,0,pt,17,60
46_0981,0,pt,17,60
6_2706,0,pt,17,60
6_2654,0,pt,17,60
12_3298,0,pt,17,60
10_3131,0,pt,17,60
13_3469,0,pt,17,60
4_2357,0,pt,17,60
42_0466,0,pt,17,60
42_0024,0,pt,17,60
2_1973,0,pt,17,60
10_3117,0,pt,17,60
42_0413,0,pt,17,60
5_2523,0,pt,17,60
47_1033,0,pt,17,60
42_0056,0,pt,17,60
46_1005,0,pt,17,60
49_1497,0,pt,17,60
14_3613,0,pt,17,60
49_1574,0,pt,17,60
2_1920,0,pt,17,60
5_2569,0,pt,17,60
5_2538,0,pt,17,60
47_1020,0,pt,17,60
42_0058,0,pt,17,60
48_1345,0,pt,17,60
2_1912,0,pt,17,60
3_2177,0,pt,17,60
48_1264,0,pt,17,60
46_0944,0,pt,17,60
10_3038,0,pt,17,60
2_1958,0,pt,17,60
10_2995,0,pt,17,60
10_3074,0,pt,17,60
49_1461,0,pt,17,60
4_2400,0,pt,17,60
50_1640,0,pt,17,60
50_1711,0,pt,17,60
47_1028,0,pt,17,60
7_2947,0,pt,17,60
42_0218,0,pt,17,60
46_0943,0,pt,17,60
16_3915,0,pt,17,60
46_0910,0,pt,17,60
16_3892,0,pt,17,60
42_0201,0,pt,17,60
42_0518,0,pt,17,60
45_672,0,pt,17,60
6_2679,0,pt,17,60
47_1038,0,pt,17,60
6_2671,0,pt,17,60
42_0230,0,pt,17,60
4_2266,0,pt,17,60
12_3368,0,pt,17,60
12_3362,0,pt,17,60
42_0343,0,pt,17,60
46_0899,0,pt,17,60
47_1188,0,pt,17,60
5_2556,0,pt,17,60
7_2867,0,pt,17,60
14_3724,0,pt,17,60
42_0561,0,pt,17,60
3_2193,0,pt,17,60
49_1567,0,pt,17,60
12_3303,0,pt,17,60
49_1433,0,pt,17,60
12_3365,0,pt,17,60
2_1929,0,pt,17,60
6_2699,0,pt,17,60
42_0355,0,pt,17,60
42_0150,0,pt,17,60
16_3876,0,pt,17,60
42_0372,0,pt,17,60
48_1319,0,pt,17,60
10_2981,0,pt,17,60
12_3281,0,pt,17,60
13_3524,0,pt,17,60
48_1229,0,pt,17,60
42_0007,0,pt,17,60
5_2428,0,pt,17,60
50_1598,0,pt,17,60
2_1900,0,pt,17,60
47_1076,0,pt,17,60
48_1201,0,pt,17,60
45_748,0,pt,17,60
42_0318,0,pt,17,60
5_2594,0,pt,17,60
2_1813,0,pt,17,60
50_1607,0,pt,17,60
14_3726,0,pt,17,60
16_4000,0,pt,17,60
16_4088,0,pt,17,60
42_0367,0,pt,17,60
13_3550,0,pt,17,60
10_2980,2863,pt,17,75
10_3003,65,pt,17,75
10_3014,29,pt,17,75
10_3018,101,pt,17,75
10_3034,5881,pt,17,75
10_3038,30,pt,17,75
10_3047,348,pt,17,75
10_3055,399,pt,17,75
10_3078,155,pt,17,75
10_3102,9313,pt,17,75
10_3109,440,pt,17,75
10_3125,4607,pt,17,75
10_3145,355,pt,17,75
10_3148,2111,pt,17,75
10_3173,7415,pt,17,75
10_3178,582,pt,17,75
10_3181,1330,pt,17,75
10_3185,169,pt,17,75
12_3142,725,pt,17,75
12_3234,337,pt,17,75
12_3273,729,pt,17,75
12_3293,14,pt,17,75
12_3311,2729,pt,17,75
12_3353,2456,pt,17,75
12_3359,437,pt,17,75
12_3362,604,pt,17,75
12_3363,5016,pt,17,75
12_3391,747,pt,17,75
13_3399,110,pt,17,75
13_3409,46,pt,17,75
13_3417,823,pt,17,75
13_3424,9,pt,17,75
13_3429,7516,pt,17,75
13_3433,353,pt,17,75
13_3438,403,pt,17,75
13_3441,318,pt,17,75
13_3476,91,pt,17,75
13_3492,2546,pt,17,75
13_3520,30,pt,17,75
13_3539,132,pt,17,75
13_3590,58,pt,17,75
14_3612,16,pt,17,75
14_3618,9383,pt,17,75
14_3619,44,pt,17,75
14_3622,340,pt,17,75
14_3624,8186,pt,17,75
14_3627,205,pt,17,75
14_3630,327,pt,17,75
14_3631,260,pt,17,75
14_3633,1142,pt,17,75
14_3639,1532,pt,17,75
14_3657,177,pt,17,75
14_3660,587,pt,17,75
14_3676,95,pt,17,75
14_3692,10140,pt,17,75
14_3695,3044,pt,17,75
14_3712,49,pt,17,75
14_3713,59,pt,17,75
14_3724,184,pt,17,75
14_3729,1333,pt,17,75
14_3735,630,pt,17,75
14_3739,45,pt,17,75
14_3746,43,pt,17,75
16_3753,3612,pt,17,75
16_3793,186,pt,17,75
16_3794,2337,pt,17,75
16_3797,12957,pt,17,75
16_3803,60,pt,17,75
16_3807,92,pt,17,75
16_3820,4247,pt,17,75
16_3828,8018,pt,17,75
16_3829,157,pt,17,75
16_3835,1394,pt,17,75
16_3841,1105,pt,17,75
16_3842,1904,pt,17,75
16_3846,188,pt,17,75
16_3856,14,pt,17,75
16_3862,4719,pt,17,75
16_3881,647,pt,17,75
16_3887,126,pt,17,75
16_3893,227,pt,17,75
16_3894,52,pt,17,75
16_3900,11,pt,17,75
16_3906,1458,pt,17,75
16_3915,108,pt,17,75
16_3918,35,pt,17,75
16_3919,625,pt,17,75
16_3922,1097,pt,17,75
16_3927,68,pt,17,75
16_3934,8139,pt,17,75
16_3947,1,pt,17,75
16_3949,768,pt,17,75
16_3969,1205,pt,17,75
16_3970,27,pt,17,75
16_3971,15589,pt,17,75
16_3976,310,pt,17,75
16_3983,411,pt,17,75
16_3987,982,pt,17,75
16_4007,55,pt,17,75
16_4008,1,pt,17,75
16_4021,179,pt,17,75
16_4032,2685,pt,17,75
16_4033,14725,pt,17,75
16_4034,6804,pt,17,75
16_4037,161,pt,17,75
16_4039,970,pt,17,75
16_4041,645,pt,17,75
16_4046,209,pt,17,75
16_4059,2134,pt,17,75
16_4060,123,pt,17,75
16_4074,70,pt,17,75
16_4088,119,pt,17,75
16_4091,184,pt,17,75
16_4099,13912,pt,17,75
16_4109,3207,pt,17,75
2_1804,1790,pt,17,75
2_1806,342,pt,17,75
2_1817,46,pt,17,75
2_1823,18,pt,17,75
2_1828,327,pt,17,75
2_1830,457,pt,17,75
2_1851,6,pt,17,75
2_1854,411,pt,17,75
2_1858,45,pt,17,75
2_1881,232,pt,17,75
2_1890,1,pt,17,75
2_1895,23,pt,17,75
2_1901,158,pt,17,75
2_1902,555,pt,17,75
2_1903,685,pt,17,75
2_1925,1037,pt,17,75
2_1932,2467,pt,17,75
2_1939,2468,pt,17,75
2_1949,554,pt,17,75
2_1959,3302,pt,17,75
2_1975,58,pt,17,75
2_1979,3448,pt,17,75
2_1981,209,pt,17,75
2_1992,19,pt,17,75
2_2006,127,pt,17,75
2_2012,3031,pt,17,75
2_2018,71,pt,17,75
3_2035,73,pt,17,75
3_2041,2469,pt,17,75
3_2055,202,pt,17,75
3_2057,35,pt,17,75
3_2061,142,pt,17,75
3_2063,9214,pt,17,75
3_2066,11611,pt,17,75
3_2092,2173,pt,17,75
3_2103,95,pt,17,75
3_2132,123,pt,17,75
3_2149,4357,pt,17,75
3_2167,84,pt,17,75
3_2170,78,pt,17,75
3_2221,4,pt,17,75
3_2226,23,pt,17,75
42_0003,1355,pt,17,75
42_0015,3521,pt,17,75
42_0018,3871,pt,17,75
42_0021,29,pt,17,75
42_0030,7876,pt,17,75
42_0031,1462,pt,17,75
42_0054,969,pt,17,75
42_0057,21,pt,17,75
42_0059,83,pt,17,75
42_0060,1234,pt,17,75
42_0067,40,pt,17,75
42_0077,102,pt,17,75
42_0106,56,pt,17,75
42_0112,57,pt,17,75
42_0147,41,pt,17,75
42_0195,23,pt,17,75
42_0214,191,pt,17,75
42_0220,100,pt,17,75
42_0233,69,pt,17,75
42_0234,14,pt,17,75
42_0235,259,pt,17,75
42_0236,3878,pt,17,75
42_0237,5,pt,17,75
42_0242,570,pt,17,75
42_0246,198,pt,17,75
42_0250,2449,pt,17,75
42_0258,31,pt,17,75
42_0261,23,pt,17,75
42_0264,1369,pt,17,75
42_0273,1776,pt,17,75
42_0283,14,pt,17,75
42_0286,242,pt,17,75
42_0300,190,pt,17,75
42_0355,10,pt,17,75
42_0356,335,pt,17,75
42_0370,136,pt,17,75
42_0393,35,pt,17,75
42_0411,215,pt,17,75
42_0419,11029,pt,17,75
42_0436,55,pt,17,75
42_0442,44,pt,17,75
42_0479,3,pt,17,75
42_0508,4768,pt,17,75
42_0529,2557,pt,17,75
42_0530,332,pt,17,75
42_0534,278,pt,17,75
42_0542,133,pt,17,75
42_0543,4604,pt,17,75
42_0593,2027,pt,17,75
45_611,62,pt,17,75
45_637,2015,pt,17,75
45_640,1029,pt,17,75
45_641,131,pt,17,75
45_646,136,pt,17,75
45_649,26,pt,17,75
45_651,17,pt,17,75
45_725,1,pt,17,75
45_729,318,pt,17,75
45_751,40,pt,17,75
45_774,1,pt,17,75
45_785,90,pt,17,75
45_786,392,pt,17,75
46_0811,56,pt,17,75
46_0826,255,pt,17,75
46_0836,4,pt,17,75
46_0846,125,pt,17,75
46_0856,17,pt,17,75
46_0857,7749,pt,17,75
46_0858,4153,pt,17,75
46_0864,49,pt,17,75
46_0869,1123,pt,17,75
46_0879,3679,pt,17,75
46_0880,3,pt,17,75
46_0883,908,pt,17,75
46_0896,1521,pt,17,75
46_0898,6,pt,17,75
46_0910,636,pt,17,75
46_0930,7287,pt,17,75
46_0944,6,pt,17,75
46_0948,1640,pt,17,75
46_0973,150,pt,17,75
46_0979,2346,pt,17,75
46_0991,2239,pt,17,75
46_1001,68,pt,17,75
46_1003,69,pt,17,75
47_1010,20,pt,17,75
47_1013,5,pt,17,75
47_1027,32,pt,17,75
47_1033,14,pt,17,75
47_1056,774,pt,17,75
47_1063,4966,pt,17,75
47_1096,102,pt,17,75
47_1109,432,pt,17,75
47_1119,6817,pt,17,75
47_1133,1517,pt,17,75
47_1145,4,pt,17,75
47_1157,322,pt,17,75
47_1164,318,pt,17,75
48_1221,5028,pt,17,75
48_1227,8468,pt,17,75
48_1242,4381,pt,17,75
48_1249,171,pt,17,75
48_1254,3326,pt,17,75
48_1263,141,pt,17,75
48_1287,557,pt,17,75
48_1300,16,pt,17,75
48_1310,2517,pt,17,75
48_1317,90,pt,17,75
48_1318,43,pt,17,75
48_1328,4,pt,17,75
48_1334,2333,pt,17,75
48_1354,1725,pt,17,75
48_1356,6,pt,17,75
48_1362,13578,pt,17,75
48_1382,399,pt,17,75
49_1395,2732,pt,17,75
49_1397,3097,pt,17,75
49_1418,2659,pt,17,75
49_1435,292,pt,17,75
49_1448,18,pt,17,75
49_1457,1544,pt,17,75
49_1477,2081,pt,17,75
49_1488,319,pt,17,75
49_1494,25,pt,17,75
49_1500,11169,pt,17,75
49_1514,27,pt,17,75
49_1523,44,pt,17,75
49_1527,531,pt,17,75
49_1548,4334,pt,17,75
49_1557,182,pt,17,75
49_1560,8,pt,17,75
49_1569,22,pt,17,75
4_2314,3,pt,17,75
4_2381,261,pt,17,75
4_2385,80,pt,17,75
4_2391,193,pt,17,75
4_2399,313,pt,17,75
4_2405,138,pt,17,75
4_2417,340,pt,17,75
50_1599,26,pt,17,75
50_1600,1209,pt,17,75
50_1606,26,pt,17,75
50_1609,101,pt,17,75
50_1619,748,pt,17,75
50_1635,1899,pt,17,75
50_1673,34,pt,17,75
50_1683,38,pt,17,75
50_1695,69,pt,17,75
50_1703,126,pt,17,75
50_1706,12397,pt,17,75
50_1729,43,pt,17,75
50_1737,64,pt,17,75
50_1747,562,pt,17,75
50_1751,2,pt,17,75
50_1754,38,pt,17,75
50_1762,69,pt,17,75
50_1765,5106,pt,17,75
5_2467,398,pt,17,75
5_2513,169,pt,17,75
5_2541,379,pt,17,75
5_2566,10,pt,17,75
5_2585,2546,pt,17,75
5_2599,266,pt,17,75
6_2612,23,pt,17,75
6_2640,13449,pt,17,75
6_2647,28,pt,17,75
6_2668,2179,pt,17,75
6_2690,456,pt,17,75
6_2722,1295,pt,17,75
6_2739,5430,pt,17,75
6_2760,10,pt,17,75
7_2798,98,pt,17,75
7_2813,5198,pt,17,75
7_2842,412,pt,17,75
7_2845,61,pt,17,75
7_2852,725,pt,17,75
7_2856,2952,pt,17,75
7_2857,474,pt,17,75
7_2869,661,pt,17,75
7_2906,21,pt,17,75
7_2929,4868,pt,17,75
7_2936,2379,pt,17,75
7_2938,563,pt,17,75
7_2945,77,pt,17,75
7_2963,4,pt,17,75
48_1271,0,pt,17,75
46_0832,0,pt,17,75
13_3572,0,pt,17,75
3_2099,0,pt,17,75
6_2728,0,pt,17,75
7_2833,0,pt,17,75
47_1101,0,pt,17,75
5_2539,0,pt,17,75
7_2925,0,pt,17,75
10_3011,0,pt,17,75
48_1270,0,pt,17,75
3_2072,0,pt,17,75
12_3299,0,pt,17,75
13_3464,0,pt,17,75
6_2658,0,pt,17,75
42_0369,0,pt,17,75
42_0342,0,pt,17,75
47_1088,0,pt,17,75
3_2098,0,pt,17,75
42_0316,0,pt,17,75
16_3891,0,pt,17,75
48_1251,0,pt,17,75
2_1911,0,pt,17,75
45_624,0,pt,17,75
10_2988,0,pt,17,75
2_2008,0,pt,17,75
47_1073,0,pt,17,75
42_0563,0,pt,17,75
16_3962,0,pt,17,75
16_4056,0,pt,17,75
3_2025,0,pt,17,75
6_2708,0,pt,17,75
10_3135,0,pt,17,75
42_0085,0,pt,17,75
7_2944,0,pt,17,75
12_3222,0,pt,17,75
42_0292,0,pt,17,75
6_2678,0,pt,17,75
10_2994,0,pt,17,75
45_717,0,pt,17,75
48_1316,0,pt,17,75
48_1243,0,pt,17,75
42_0376,0,pt,17,75
2_1798,0,pt,17,75
16_4057,0,pt,17,75
42_0443,0,pt,17,75
46_0876,0,pt,17,75
12_3310,0,pt,17,75
12_3232,0,pt,17,75
5_2542,0,pt,17,75
46_0885,0,pt,17,75
4_2283,0,pt,17,75
5_2451,0,pt,17,75
14_3616,0,pt,17,75
10_3147,0,pt,17,75
12_3355,0,pt,17,75
47_1080,0,pt,17,75
46_1002,0,pt,17,75
7_2960,0,pt,17,75
6_2780,0,pt,17,75
4_2259,0,pt,17,75
16_3851,0,pt,17,75
47_1032,0,pt,17,75
13_3521,0,pt,17,75
16_4029,0,pt,17,75
5_2554,0,pt,17,75
12_3370,0,pt,17,75
42_0341,0,pt,17,75
12_3371,0,pt,17,75
6_2755,0,pt,17,75
5_2474,0,pt,17,75
49_1506,0,pt,17,75
42_0125,0,pt,17,75
49_1458,0,pt,17,75
10_3137,0,pt,17,75
4_2409,0,pt,17,75
4_2306,0,pt,17,75
16_4111,0,pt,17,75
4_2316,0,pt,17,75
2_1924,0,pt,17,75
42_0296,0,pt,17,75
42_0348,0,pt,17,75
4_2374,0,pt,17,75
45_702,0,pt,17,75
42_0239,0,pt,17,75
48_1215,0,pt,17,75
4_2403,0,pt,17,75
50_1780,0,pt,17,75
13_3575,0,pt,17,75
47_1034,0,pt,17,75
49_1576,0,pt,17,75
10_3130,0,pt,17,75
45_654,0,pt,17,75
48_1224,0,pt,17,75
10_3033,0,pt,17,75
48_1273,0,pt,17,75
45_606,0,pt,17,75
49_1482,0,pt,17,75
50_1653,0,pt,17,75
16_3957,0,pt,17,75
3_2197,0,pt,17,75
42_0320,0,pt,17,75
47_1158,0,pt,17,75
7_2922,0,pt,17,75
50_1672,0,pt,17,75
2_1950,0,pt,17,75
10_3059,0,pt,17,75
46_0797,0,pt,17,75
46_0987,0,pt,17,75
6_2683,0,pt,17,75
16_3981,0,pt,17,75
6_2637,0,pt,17,75
16_3937,0,pt,17,75
7_2817,0,pt,17,75
5_2500,0,pt,17,75
16_3873,0,pt,17,75
3_2163,0,pt,17,75
42_0428,0,pt,17,75
16_3926,0,pt,17,75
42_0262,0,pt,17,75
49_1580,0,pt,17,75
48_1252,0,pt,17,75
48_1261,0,pt,17,75
16_4042,0,pt,17,75
5_2530,0,pt,17,75
5_2557,0,pt,17,75
49_1405,0,pt,17,75
2_1915,0,pt,17,75
12_3356,0,pt,17,75
6_2602,0,pt,17,75
16_3988,0,pt,17,75
42_0005,0,pt,17,75
14_3617,0,pt,17,75
16_3784,0,pt,17,75
2_2007,0,pt,17,75
47_1060,0,pt,17,75
10_3067,0,pt,17,75
6_2743,0,pt,17,75
6_2645,0,pt,17,75
48_1380,0,pt,17,75
45_635,0,pt,17,75
5_2490,0,pt,17,75
42_0263,0,pt,17,75
7_2800,0,pt,17,75
12_3301,0,pt,17,75
14_3623,0,pt,17,75
2_1864,0,pt,17,75
47_1069,0,pt,17,75
49_1470,0,pt,17,75
4_2231,0,pt,17,75
4_2344,0,pt,17,75
42_0188,0,pt,17,75
12_3194,0,pt,17,75
42_0537,0,pt,17,75
42_0417,0,pt,17,75
47_1172,0,pt,17,75
3_2053,0,pt,17,75
49_1413,0,pt,17,75
4_2257,0,pt,17,75
4_2284,0,pt,17,75
10_3143,0,pt,17,75
2_1961,0,pt,17,75
12_3283,0,pt,17,75
42_0086,0,pt,17,75
6_2622,0,pt,17,75
13_3534,0,pt,17,75
42_0051,0,pt,17,75
3_2050,0,pt,17,75
42_0579,0,pt,17,75
16_4019,0,pt,17,75
47_1120,0,pt,17,75
13_3583,0,pt,17,75
46_1006,0,pt,17,75
16_3877,0,pt,17,75
3_2028,0,pt,17,75
4_2261,0,pt,17,75
48_1279,0,pt,17,75
42_0576,0,pt,17,75
45_671,0,pt,17,75
42_0265,0,pt,17,75
49_1387,0,pt,17,75
16_3874,0,pt,17,75
49_1422,0,pt,17,75
4_2406,0,pt,17,75
45_756,0,pt,17,75
12_3291,0,pt,17,75
5_2582,0,pt,17,75
12_3233,0,pt,17,75
5_2598,0,pt,17,75
42_0282,0,pt,17,75
46_0911,0,pt,17,75
7_2858,0,pt,17,75
13_3466,0,pt,17,75
10_3116,0,pt,17,75
50_1684,0,pt,17,75
12_3336,0,pt,17,75
16_3982,0,pt,17,75
5_2499,0,pt,17,75
42_0301,0,pt,17,75
46_0854,0,pt,17,75
46_0852,0,pt,17,75
6_2624,0,pt,17,75
48_1241,0,pt,17,75
3_2064,0,pt,17,75
45_661,0,pt,17,75
10_3026,0,pt,17,75
13_3437,0,pt,17,75
5_2482,0,pt,17,75
2_1919,0,pt,17,75
16_3986,0,pt,17,75
47_1058,0,pt,17,75
42_0013,0,pt,17,75
14_3685,0,pt,17,75
42_0117,0,pt,17,75
48_1324,0,pt,17,75
2_1807,0,pt,17,75
14_3659,0,pt,17,75
46_0946,0,pt,17,75
42_0073,0,pt,17,75
14_3709,0,pt,17,75
4_2322,0,pt,17,75
10_3186,0,pt,17,75
45_731,0,pt,17,75
42_0065,0,pt,17,75
14_3663,0,pt,17,75
45_699,0,pt,17,75
7_2890,0,pt,17,75
14_3673,0,pt,17,75
46_0841,0,pt,17,75
16_3951,0,pt,17,75
16_4078,0,pt,17,75
2_1930,0,pt,17,75
48_1365,0,pt,17,75
5_2447,0,pt,17,75
2_1995,0,pt,17,75
4_2359,0,pt,17,75
45_625,0,pt,17,75
49_1539,0,pt,17,75
46_0934,0,pt,17,75
7_2940,0,pt,17,75
5_2478,0,pt,17,75
12_3213,0,pt,17,75
10_3030,0,pt,17,75
45_622,0,pt,17,75
42_0449,0,pt,17,75
5_2498,0,pt,17,75
6_2776,0,pt,17,75
7_2903,0,pt,17,75
42_0363,0,pt,17,75
50_1781,0,pt,17,75
2_1983,0,pt,17,75
46_0862,0,pt,17,75
10_3041,0,pt,17,75
49_1467,0,pt,17,75
4_2408,0,pt,17,75
7_2827,0,pt,17,75
42_0525,0,pt,17,75
4_2311,0,pt,17,75
7_2891,0,pt,17,75
45_596,0,pt,17,75
10_3179,0,pt,17,75
42_0472,0,pt,17,75
12_3237,0,pt,17,75
42_0229,0,pt,17,75
47_1043,0,pt,17,75
5_2571,0,pt,17,75
45_723,0,pt,17,75
14_3688,0,pt,17,75
4_2363,0,pt,17,75
42_0580,0,pt,17,75
10_3090,0,pt,17,75
2_1856,0,pt,17,75
13_3573,0,pt,17,75
12_3221,0,pt,17,75
13_3456,0,pt,17,75
42_0560,0,pt,17,75
42_0244,0,pt,17,75
10_3000,0,pt,17,75
2_1947,0,pt,17,75
14_3608,0,pt,17,75
42_0293,0,pt,17,75
16_3967,0,pt,17,75
12_3274,0,pt,17,75
13_3457,0,pt,17,75
49_1585,0,pt,17,75
6_2694,0,pt,17,75
49_1431,0,pt,17,75
4_2362,0,pt,17,75
42_0406,0,pt,17,75
16_4082,0,pt,17,75
48_1307,0,pt,17,75
6_2723,0,pt,17,75
49_1559,0,pt,17,75
48_1350,0,pt,17,75
50_1588,0,pt,17,75
45_618,0,pt,17,75
42_0513,0,pt,17,75
14_3731,0,pt,17,75
42_0401,0,pt,17,75
45_669,0,pt,17,75
6_2689,0,pt,17,75
16_3996,0,pt,17,75
10_3174,0,pt,17,75
4_2240,0,pt,17,75
42_0240,0,pt,17,75
16_3940,0,pt,17,75
13_3523,0,pt,17,75
45_749,0,pt,17,75
42_0404,0,pt,17,75
3_2204,0,pt,17,75
45_675,0,pt,17,75
48_1208,0,pt,17,75
49_1396,0,pt,17,75
46_0877,0,pt,17,75
2_1968,0,pt,17,75
10_2978,0,pt,17,75
48_1294,0,pt,17,75
14_3597,0,pt,17,75
14_3720,0,pt,17,75
13_3551,0,pt,17,75
6_2684,0,pt,17,75
50_1772,0,pt,17,75
3_2174,0,pt,17,75
47_1142,0,pt,17,75
2_1841,0,pt,17,75
16_4079,0,pt,17,75
49_1391,0,pt,17,75
48_1258,0,pt,17,75
10_3091,0,pt,17,75
12_3342,0,pt,17,75
4_2254,0,pt,17,75
3_2142,0,pt,17,75
2_1800,0,pt,17,75
3_2143,0,pt,17,75
42_0275,0,pt,17,75
48_1280,0,pt,17,75
10_3124,0,pt,17,75
45_648,0,pt,17,75
45_652,0,pt,17,75
46_0949,0,pt,17,75
46_0976,0,pt,17,75
16_4011,0,pt,17,75
7_2939,0,pt,17,75
16_3925,0,pt,17,75
16_3888,0,pt,17,75
49_1409,0,pt,17,75
5_2601,0,pt,17,75
3_2207,0,pt,17,75
48_1376,0,pt,17,75
12_3364,0,pt,17,75
4_2303,0,pt,17,75
6_2736,0,pt,17,75
5_2435,0,pt,17,75
10_3073,0,pt,17,75
50_1604,0,pt,17,75
50_1735,0,pt,17,75
42_0447,0,pt,17,75
10_3164,0,pt,17,75
10_3095,0,pt,17,75
16_3995,0,pt,17,75
42_0412,0,pt,17,75
10_3107,0,pt,17,75
16_3796,0,pt,17,75
4_2310,0,pt,17,75
50_1674,0,pt,17,75
50_1602,0,pt,17,75
47_1081,0,pt,17,75
16_3867,0,pt,17,75
16_4071,0,pt,17,75
4_2360,0,pt,17,75
47_1039,0,pt,17,75
3_2212,0,pt,17,75
47_1068,0,pt,17,75
50_1723,0,pt,17,75
2_1872,0,pt,17,75
4_2232,0,pt,17,75
47_1114,0,pt,17,75
16_3830,0,pt,17,75
48_1255,0,pt,17,75
46_0798,0,pt,17,75
46_0838,0,pt,17,75
46_0966,0,pt,17,75
47_1123,0,pt,17,75
5_2434,0,pt,17,75
5_2441,0,pt,17,75
7_2822,0,pt,17,75
50_1596,0,pt,17,75
7_2976,0,pt,17,75
42_0507,0,pt,17,75
50_1776,0,pt,17,75
5_2555,0,pt,17,75
2_1934,0,pt,17,75
5_2595,0,pt,17,75
14_3610,0,pt,17,75
42_0470,0,pt,17,75
45_701,0,pt,17,75
16_4003,0,pt,17,75
42_0075,0,pt,17,75
6_2762,0,pt,17,75
48_1268,0,pt,17,75
50_1727,0,pt,17,75
5_2519,0,pt,17,75
13_3479,0,pt,17,75
14_3694,0,pt,17,75
42_0373,0,pt,17,75
6_2685,0,pt,17,75
6_2652,0,pt,17,75
50_1625,0,pt,17,75
50_1654,0,pt,17,75
49_1440,0,pt,17,75
7_2835,0,pt,17,75
13_3472,0,pt,17,75
7_2878,0,pt,17,75
50_1687,0,pt,17,75
12_3358,0,pt,17,75
3_2121,0,pt,17,75
12_3219,0,pt,17,75
10_3057,0,pt,17,75
4_2269,0,pt,17,75
7_2946,0,pt,17,75
46_0977,0,pt,17,75
42_0009,0,pt,17,75
16_3935,0,pt,17,75
7_2791,0,pt,17,75
50_1753,0,pt,17,75
13_3420,0,pt,17,75
42_0379,0,pt,17,75
50_1689,0,pt,17,75
14_3741,0,pt,17,75
45_744,0,pt,17,75
42_0562,0,pt,17,75
13_3440,0,pt,17,75
14_3684,0,pt,17,75
48_1216,0,pt,17,75
42_0330,0,pt,17,75
5_2540,0,pt,17,75
4_2392,0,pt,17,75
3_2206,0,pt,17,75
48_1369,0,pt,17,75
42_0358,0,pt,17,75
42_0464,0,pt,17,75
3_2082,0,pt,17,75
16_3943,0,pt,17,75
49_1536,0,pt,17,75
6_2726,0,pt,17,75
16_3939,0,pt,17,75
10_3017,0,pt,17,75
16_3890,0,pt,17,75
13_3570,0,pt,17,75
49_1515,0,pt,17,75
42_0426,0,pt,17,75
7_2898,0,pt,17,75
3_2191,0,pt,17,75
42_0061,0,pt,17,75
12_3201,0,pt,17,75
42_0360,0,pt,17,75
48_1386,0,pt,17,75
42_0446,0,pt,17,75
5_2486,0,pt,17,75
50_1749,0,pt,17,75
16_3823,0,pt,17,75
50_1671,0,pt,17,75
6_2733,0,pt,17,75
5_2464,0,pt,17,75
16_4070,0,pt,17,75
50_1777,0,pt,17,75
42_0138,0,pt,17,75
5_2564,0,pt,17,75
16_3999,0,pt,17,75
5_2421,0,pt,17,75
12_3312,0,pt,17,75
45_747,0,pt,17,75
12_3236,0,pt,17,75
6_2720,0,pt,17,75
45_735,0,pt,17,75
10_3085,0,pt,17,75
47_1061,0,pt,17,75
13_3559,0,pt,17,75
46_0834,0,pt,17,75
49_1577,0,pt,17,75
10_3058,0,pt,17,75
42_0253,0,pt,17,75
12_3255,0,pt,17,75
42_0231,0,pt,17,75
46_0917,0,pt,17,75
12_3295,0,pt,17,75
47_1011,0,pt,17,75
4_2274,0,pt,17,75
47_1082,0,pt,17,75
10_3082,0,pt,17,75
14_3674,0,pt,17,75
5_2439,0,pt,17,75
42_0444,0,pt,17,75
45_666,0,pt,17,75
47_1194,0,pt,17,75
12_3337,0,pt,17,75
6_2660,0,pt,17,75
3_2137,0,pt,17,75
12_3212,0,pt,17,75
42_0157,0,pt,17,75
42_0345,0,pt,17,75
3_2131,0,pt,17,75
12_3326,0,pt,17,75
16_3840,0,pt,17,75
42_0493,0,pt,17,75
7_2961,0,pt,17,75
3_2201,0,pt,17,75
4_2387,0,pt,17,75
13_3509,0,pt,17,75
49_1493,0,pt,17,75
42_0503,0,pt,17,75
12_3191,0,pt,17,75
7_2862,0,pt,17,75
46_0793,0,pt,17,75
10_3156,0,pt,17,75
49_1530,0,pt,17,75
16_3849,0,pt,17,75
13_3515,0,pt,17,75
7_2883,0,pt,17,75
16_3952,0,pt,17,75
50_1726,0,pt,17,75
16_4101,0,pt,17,75
10_3111,0,pt,17,75
2_1832,0,pt,17,75
4_2291,0,pt,17,75
45_757,0,pt,17,75
4_2279,0,pt,17,75
48_1364,0,pt,17,75
2_2001,0,pt,17,75
46_0872,0,pt,17,75
48_1247,0,pt,17,75
42_0004,0,pt,17,75
16_4093,0,pt,17,75
49_1475,0,pt,17,75
16_4020,0,pt,17,75
49_1551,0,pt,17,75
45_698,0,pt,17,75
46_0814,0,pt,17,75
47_1031,0,pt,17,75
45_684,0,pt,17,75
7_2790,0,pt,17,75
47_1018,0,pt,17,75
14_3702,0,pt,17,75
50_1714,0,pt,17,75
47_1026,0,pt,17,75
48_1228,0,pt,17,75
10_3138,0,pt,17,75
7_2914,0,pt,17,75
42_0280,0,pt,17,75
6_2754,0,pt,17,75
5_2587,0,pt,17,75
46_0959,0,pt,17,75
49_1556,0,pt,17,75
42_0324,0,pt,17,75
16_4004,0,pt,17,75
46_0861,0,pt,17,75
5_2596,0,pt,17,75
48_1256,0,pt,17,75
6_2608,0,pt,17,75
16_3852,0,pt,17,75
2_1998,0,pt,17,75
42_0043,0,pt,17,75
5_2563,0,pt,17,75
49_1417,0,pt,17,75
5_2496,0,pt,17,75
3_2110,0,pt,17,75
6_2772,0,pt,17,75
46_0792,0,pt,17,75
48_1314,0,pt,17,75
10_3035,0,pt,17,75
46_0821,0,pt,17,75
12_3382,0,pt,17,75
47_1176,0,pt,17,75
45_703,0,pt,17,75
10_3114,0,pt,17,75
48_1235,0,pt,17,75
3_2042,0,pt,17,75
7_2795,0,pt,17,75
4_2368,0,pt,17,75
48_1361,0,pt,17,75
49_1489,0,pt,17,75
16_4096,0,pt,17,75
5_2473,0,pt,17,75
49_1544,0,pt,17,75
14_3677,0,pt,17,75
16_3921,0,pt,17,75
10_3036,0,pt,17,75
45_680,0,pt,17,75
14_3650,0,pt,17,75
48_1333,0,pt,17,75
2_1893,0,pt,17,75
12_3318,0,pt,17,75
13_3548,0,pt,17,75
42_0169,0,pt,17,75
48_1339,0,pt,17,75
2_1984,0,pt,17,75
49_1425,0,pt,17,75
14_3687,0,pt,17,75
49_1501,0,pt,17,75
49_1420,0,pt,17,75
7_2934,0,pt,17,75
49_1572,0,pt,17,75
49_1533,0,pt,17,75
2_1965,0,pt,17,75
46_0971,0,pt,17,75
6_2609,0,pt,17,75
49_1571,0,pt,17,75
3_2216,0,pt,17,75
42_0574,0,pt,17,75
49_1454,0,pt,17,75
6_2657,0,pt,17,75
12_3269,0,pt,17,75
49_1578,0,pt,17,75
16_3924,0,pt,17,75
42_0397,0,pt,17,75
42_0055,0,pt,17,75
7_2837,0,pt,17,75
42_0586,0,pt,17,75
10_3112,0,pt,17,75
7_2958,0,pt,17,75
16_3871,0,pt,17,75
6_2623,0,pt,17,75
3_2105,0,pt,17,75
48_1236,0,pt,17,75
50_1612,0,pt,17,75
13_3431,0,pt,17,75
16_4012,0,pt,17,75
6_2713,0,pt,17,75
16_4023,0,pt,17,75
13_3400,0,pt,17,75
50_1658,0,pt,17,75
3_2136,0,pt,17,75
3_2115,0,pt,17,75
2_1941,0,pt,17,75
6_2673,0,pt,17,75
16_3792,0,pt,17,75
3_2150,0,pt,17,75
42_0480,0,pt,17,75
47_1179,0,pt,17,75
49_1449,0,pt,17,75
16_4044,0,pt,17,75
46_0922,0,pt,17,75
48_1248,0,pt,17,75
42_0331,0,pt,17,75
48_1332,0,pt,17,75
47_1094,0,pt,17,75
49_1549,0,pt,17,75
45_755,0,pt,17,75
12_3231,0,pt,17,75
5_2568,0,pt,17,75
14_3594,0,pt,17,75
45_721,0,pt,17,75
2_1824,0,pt,17,75
49_1570,0,pt,17,75
42_0554,0,pt,17,75
3_2097,0,pt,17,75
16_4018,0,pt,17,75
4_2412,0,pt,17,75
50_1785,0,pt,17,75
42_0460,0,pt,17,75
45_658,0,pt,17,75
16_3756,0,pt,17,75
47_1185,0,pt,17,75
49_1521,0,pt,17,75
16_4024,0,pt,17,75
2_1875,0,pt,17,75
49_1474,0,pt,17,75
16_3863,0,pt,17,75
48_1225,0,pt,17,75
49_1512,0,pt,17,75
6_2771,0,pt,17,75
12_3296,0,pt,17,75
2_1960,0,pt,17,75
7_2792,0,pt,17,75
48_1206,0,pt,17,75
46_0978,0,pt,17,75
14_3662,0,pt,17,75
16_4006,0,pt,17,75
48_1301,0,pt,17,75
10_3121,0,pt,17,75
4_2318,0,pt,17,75
14_3649,0,pt,17,75
50_1756,0,pt,17,75
7_2900,0,pt,17,75
16_4035,0,pt,17,75
47_1112,0,pt,17,75
46_0965,0,pt,17,75
5_2572,0,pt,17,75
16_3968,0,pt,17,75
5_2463,0,pt,17,75
42_0035,0,pt,17,75
42_0245,0,pt,17,75
6_2672,0,pt,17,75
42_0319,0,pt,17,75
49_1416,0,pt,17,75
10_3084,0,pt,17,75
2_1969,0,pt,17,75
42_0050,0,pt,17,75
10_3113,0,pt,17,75
48_1342,0,pt,17,75
49_1480,0,pt,17,75
48_1265,0,pt,17,75
45_633,0,pt,17,75
42_0414,0,pt,17,75
4_2233,0,pt,17,75
46_0868,0,pt,17,75
46_0998,0,pt,17,75
16_4061,0,pt,17,75
16_3895,0,pt,17,75
46_0828,0,pt,17,75
12_3349,0,pt,17,75
7_2954,0,pt,17,75
46_0848,0,pt,17,75
42_0375,0,pt,17,75
4_2329,0,pt,17,75
45_632,0,pt,17,75
6_2686,0,pt,17,75
14_3625,0,pt,17,75
7_2910,0,pt,17,75
14_3601,0,pt,17,75
48_1253,0,pt,17,75
49_1481,0,pt,17,75
50_1771,0,pt,17,75
50_1628,0,pt,17,75
16_3875,0,pt,17,75
46_0874,0,pt,17,75
7_2932,0,pt,17,75
50_1637,0,pt,17,75
6_2741,0,pt,17,75
47_1067,0,pt,17,75
42_0217,0,pt,17,75
48_1352,0,pt,17,75
16_3997,0,pt,17,75
49_1534,0,pt,17,75
2_1789,0,pt,17,75
2_1953,0,pt,17,75
50_1651,0,pt,17,75
49_1452,0,pt,17,75
42_0302,0,pt,17,75
48_1212,0,pt,17,75
5_2429,0,pt,17,75
7_2971,0,pt,17,75
3_2038,0,pt,17,75
14_3681,0,pt,17,75
42_0491,0,pt,17,75
5_2544,0,pt,17,75
4_2330,0,pt,17,75
6_2628,0,pt,17,75
3_2171,0,pt,17,75
42_0307,0,pt,17,75
7_2921,0,pt,17,75
45_682,0,pt,17,75
16_3824,0,pt,17,75
14_3628,0,pt,17,75
49_1562,0,pt,17,75
2_2016,0,pt,17,75
45_609,0,pt,17,75
3_2029,0,pt,17,75
5_2577,0,pt,17,75
42_0541,0,pt,17,75
42_0304,0,pt,17,75
6_2748,0,pt,17,75
7_2902,0,pt,17,75
7_2850,0,pt,17,75
42_0551,0,pt,17,75
42_0089,0,pt,17,75
2_2004,0,pt,17,75
10_3120,0,pt,17,75
47_1165,0,pt,17,75
14_3611,0,pt,17,75
42_0378,0,pt,17,75
45_659,0,pt,17,75
13_3526,0,pt,17,75
5_2548,0,pt,17,75
46_0804,0,pt,17,75
10_3050,0,pt,17,75
42_0565,0,pt,17,75
50_1620,0,pt,17,75
42_0326,0,pt,17,75
16_3811,0,pt,17,75
10_3096,0,pt,17,75
7_2818,0,pt,17,75
47_1021,0,pt,17,75
4_2234,0,pt,17,75
2_1821,0,pt,17,75
46_0800,0,pt,17,75
2_1829,0,pt,17,75
49_1504,0,pt,17,75
16_3802,0,pt,17,75
12_3316,0,pt,17,75
42_0350,0,pt,17,75
45_782,0,pt,17,75
48_1371,0,pt,17,75
10_3092,0,pt,17,75
6_2664,0,pt,17,75
4_2289,0,pt,17,75
47_1111,0,pt,17,75
10_3118,0,pt,17,75
45_630,0,pt,17,75
5_2430,0,pt,17,75
6_2773,0,pt,17,75
10_3163,0,pt,17,75
10_3097,0,pt,17,75
6_2757,0,pt,17,75
10_2996,0,pt,17,75
45_728,0,pt,17,75
47_1024,0,pt,17,75
16_4036,0,pt,17,75
48_1335,0,pt,17,75
46_0982,0,pt,17,75
7_2796,0,pt,17,75
14_3672,0,pt,17,75
42_0183,0,pt,17,75
7_2844,0,pt,17,75
42_0467,0,pt,17,75
48_1360,0,pt,17,75
42_0141,0,pt,17,75
10_3032,0,pt,17,75
48_1383,0,pt,17,75
48_1320,0,pt,17,75
6_2740,0,pt,17,75
3_2043,0,pt,17,75
49_1526,0,pt,17,75
46_0952,0,pt,17,75
42_0040,0,pt,17,75
48_1306,0,pt,17,75
42_0243,0,pt,17,75
42_0204,0,pt,17,75
16_3808,0,pt,17,75
45_733,0,pt,17,75
42_0539,0,pt,17,75
42_0535,0,pt,17,75
47_1055,0,pt,17,75
10_3168,0,pt,17,75
16_3961,0,pt,17,75
16_3901,0,pt,17,75
12_3250,0,pt,17,75
13_3423,0,pt,17,75
16_3944,0,pt,17,75
50_1764,0,pt,17,75
45_608,0,pt,17,75
49_1550,0,pt,17,75
46_0844,0,pt,17,75
10_3065,0,pt,17,75
47_1136,0,pt,17,75
49_1518,0,pt,17,75
13_3513,0,pt,17,75
12_3328,0,pt,17,75
16_4094,0,pt,17,75
6_2784,0,pt,17,75
50_1659,0,pt,17,75
16_3773,0,pt,17,75
47_1154,0,pt,17,75
3_2034,0,pt,17,75
48_1381,0,pt,17,75
4_2268,0,pt,17,75
42_0255,0,pt,17,75
42_0160,0,pt,17,75
42_0014,0,pt,17,75
50_1636,0,pt,17,75
42_0038,0,pt,17,75
2_1843,0,pt,17,75
5_2466,0,pt,17,75
16_4104,0,pt,17,75
48_1266,0,pt,17,75
42_0445,0,pt,17,75
13_3525,0,pt,17,75
16_3822,0,pt,17,75
50_1768,0,pt,17,75
5_2433,0,pt,17,75
42_0287,0,pt,17,75
6_2783,0,pt,17,75
14_3596,0,pt,17,75
6_2625,0,pt,17,75
10_3025,0,pt,17,75
3_2049,0,pt,17,75
10_3040,0,pt,17,75
16_4089,0,pt,17,75
16_4084,0,pt,17,75
46_0875,0,pt,17,75
42_0458,0,pt,17,75
49_1535,0,pt,17,75
49_1469,0,pt,17,75
42_0515,0,pt,17,75
6_2747,0,pt,17,75
4_2263,0,pt,17,75
49_1492,0,pt,17,75
7_2865,0,pt,17,75
3_2058,0,pt,17,75
10_3077,0,pt,17,75
46_0799,0,pt,17,75
46_0795,0,pt,17,75
16_4110,0,pt,17,75
45_761,0,pt,17,75
2_1826,0,pt,17,75
10_3158,0,pt,17,75
42_0046,0,pt,17,75
12_3263,0,pt,17,75
46_0907,0,pt,17,75
10_3004,0,pt,17,75
4_2358,0,pt,17,75
49_1509,0,pt,17,75
46_0950,0,pt,17,75
47_1117,0,pt,17,75
50_1722,0,pt,17,75
5_2583,0,pt,17,75
46_0913,0,pt,17,75
2_1988,0,pt,17,75
16_4112,0,pt,17,75
46_0956,0,pt,17,75
14_3719,0,pt,17,75
16_3761,0,pt,17,75
5_2534,0,pt,17,75
48_1219,0,pt,17,75
16_4085,0,pt,17,75
42_0137,0,pt,17,75
46_0939,0,pt,17,75
16_4107,0,pt,17,75
16_4069,0,pt,17,75
16_3832,0,pt,17,75
42_0180,0,pt,17,75
7_2915,0,pt,17,75
14_3609,0,pt,17,75
16_3765,0,pt,17,75
48_1204,0,pt,17,75
45_627,0,pt,17,75
49_1546,0,pt,17,75
46_0791,0,pt,17,75
49_1472,0,pt,17,75
6_2604,0,pt,17,75
47_1083,0,pt,17,75
48_1330,0,pt,17,75
42_0158,0,pt,17,75
16_3980,0,pt,17,75
13_3481,0,pt,17,75
3_2039,0,pt,17,75
42_0552,0,pt,17,75
47_1017,0,pt,17,75
50_1621,0,pt,17,75
50_1731,0,pt,17,75
49_1404,0,pt,17,75
42_0294,0,pt,17,75
42_0322,0,pt,17,75
42_0339,0,pt,17,75
13_3545,0,pt,17,75
6_2769,0,pt,17,75
12_3388,0,pt,17,75
16_3854,0,pt,17,75
3_2108,0,pt,17,75
45_688,0,pt,17,75
3_2125,0,pt,17,75
47_1100,0,pt,17,75
47_1129,0,pt,17,75
14_3621,0,pt,17,75
16_3917,0,pt,17,75
5_2581,0,pt,17,75
48_1209,0,pt,17,75
16_3897,0,pt,17,75
49_1496,0,pt,17,75
6_2633,0,pt,17,75
50_1644,0,pt,17,75
50_1655,0,pt,17,75
50_1645,0,pt,17,75
6_2646,0,pt,17,75
46_0888,0,pt,17,75
48_1198,0,pt,17,75
7_2815,0,pt,17,75
6_2749,0,pt,17,75
48_1368,0,pt,17,75
5_2449,0,pt,17,75
12_3357,0,pt,17,75
50_1717,0,pt,17,75
48_1327,0,pt,17,75
14_3635,0,pt,17,75
47_1030,0,pt,17,75
7_2887,0,pt,17,75
12_3205,0,pt,17,75
16_3985,0,pt,17,75
42_0549,0,pt,17,75
45_767,0,pt,17,75
6_2634,0,pt,17,75
49_1436,0,pt,17,75
7_2864,0,pt,17,75
46_0918,0,pt,17,75
49_1541,0,pt,17,75
16_3800,0,pt,17,75
16_3936,0,pt,17,75
7_2841,0,pt,17,75
16_3946,0,pt,17,75
2_1974,0,pt,17,75
42_0425,0,pt,17,75
42_0395,0,pt,17,75
3_2062,0,pt,17,75
48_1285,0,pt,17,75
14_3675,0,pt,17,75
45_709,0,pt,17,75
42_0159,0,pt,17,75
42_0153,0,pt,17,75
5_2560,0,pt,17,75
42_0451,0,pt,17,75
16_3963,0,pt,17,75
10_3023,0,pt,17,75
42_0032,0,pt,17,75
5_2592,0,pt,17,75
42_0094,0,pt,17,75
48_1197,0,pt,17,75
46_0794,0,pt,17,75
49_1520,0,pt,17,75
2_1985,0,pt,17,75
4_2325,0,pt,17,75
2_1918,0,pt,17,75
2_1938,0,pt,17,75
6_2710,0,pt,17,75
47_1171,0,pt,17,75
46_0970,0,pt,17,75
42_0528,0,pt,17,75
42_0353,0,pt,17,75
6_2700,0,pt,17,75
46_0790,0,pt,17,75
46_0997,0,pt,17,75
5_2510,0,pt,17,75
6_2702,0,pt,17,75
47_1156,0,pt,17,75
2_1877,0,pt,17,75
45_781,0,pt,17,75
2_1810,0,pt,17,75
50_1627,0,pt,17,75
12_3286,0,pt,17,75
42_0465,0,pt,17,75
45_678,0,pt,17,75
2_1882,0,pt,17,75
48_1232,0,pt,17,75
50_1784,0,pt,17,75
13_3517,0,pt,17,75
14_3599,0,pt,17,75
42_0184,0,pt,17,75
46_0909,0,pt,17,75
49_1462,0,pt,17,75
42_0104,0,pt,17,75
42_0042,0,pt,17,75
3_2205,0,pt,17,75
49_1484,0,pt,17,75
50_1746,0,pt,17,75
49_1543,0,pt,17,75
12_3198,0,pt,17,75
13_3458,0,pt,17,75
5_2477,0,pt,17,75
49_1487,0,pt,17,75
42_0037,0,pt,17,75
7_2868,0,pt,17,75
47_1173,0,pt,17,75
13_3528,0,pt,17,75
4_2394,0,pt,17,75
47_1066,0,pt,17,75
2_1987,0,pt,17,75
46_0842,0,pt,17,75
4_2388,0,pt,17,75
42_0252,0,pt,17,75
42_0533,0,pt,17,75
16_3954,0,pt,17,75
49_1508,0,pt,17,75
42_0010,0,pt,17,75
2_1849,0,pt,17,75
45_769,0,pt,17,75
6_2781,0,pt,17,75
46_0985,0,pt,17,75
7_2848,0,pt,17,75
7_2948,0,pt,17,75
10_2992,0,pt,17,75
50_1633,0,pt,17,75
42_0453,0,pt,17,75
4_2228,0,pt,17,75
2_1808,0,pt,17,75
16_3751,0,pt,17,75
3_2065,0,pt,17,75
16_3799,0,pt,17,75
49_1575,0,pt,17,75
7_2838,0,pt,17,75
7_2949,0,pt,17,75
3_2116,0,pt,17,75
50_1608,0,pt,17,75
16_4043,0,pt,17,75
47_1147,0,pt,17,75
3_2180,0,pt,17,75
42_0521,0,pt,17,75
49_1463,0,pt,17,75
14_3670,0,pt,17,75
2_1839,0,pt,17,75
16_3836,0,pt,17,75
7_2967,0,pt,17,75
13_3435,0,pt,17,75
47_1023,0,pt,17,75
10_3170,0,pt,17,75
42_0068,0,pt,17,75
13_3500,0,pt,17,75
10_3162,0,pt,17,75
42_0452,0,pt,17,75
48_1196,0,pt,17,75
7_2917,0,pt,17,75
50_1639,0,pt,17,75
49_1491,0,pt,17,75
42_0025,0,pt,17,75
47_1048,0,pt,17,75
48_1347,0,pt,17,75
6_2707,0,pt,17,75
2_1860,0,pt,17,75
6_2687,0,pt,17,75
12_3322,0,pt,17,75
14_3606,0,pt,17,75
42_0381,0,pt,17,75
6_2682,0,pt,17,75
3_2128,0,pt,17,75
16_3868,0,pt,17,75
48_1281,0,pt,17,75
45_613,0,pt,17,75
49_1450,0,pt,17,75
46_0827,0,pt,17,75
46_0981,0,pt,17,75
6_2706,0,pt,17,75
6_2654,0,pt,17,75
12_3298,0,pt,17,75
10_3131,0,pt,17,75
13_3469,0,pt,17,75
4_2357,0,pt,17,75
42_0466,0,pt,17,75
42_0024,0,pt,17,75
2_1973,0,pt,17,75
10_3117,0,pt,17,75
42_0413,0,pt,17,75
5_2523,0,pt,17,75
42_0056,0,pt,17,75
46_1005,0,pt,17,75
49_1497,0,pt,17,75
14_3613,0,pt,17,75
49_1574,0,pt,17,75
2_1920,0,pt,17,75
5_2569,0,pt,17,75
5_2538,0,pt,17,75
47_1020,0,pt,17,75
42_0058,0,pt,17,75
48_1345,0,pt,17,75
2_1912,0,pt,17,75
3_2177,0,pt,17,75
48_1264,0,pt,17,75
2_1958,0,pt,17,75
10_2995,0,pt,17,75
10_3074,0,pt,17,75
49_1461,0,pt,17,75
4_2400,0,pt,17,75
50_1640,0,pt,17,75
50_1711,0,pt,17,75
47_1028,0,pt,17,75
7_2947,0,pt,17,75
42_0218,0,pt,17,75
46_0943,0,pt,17,75
16_3892,0,pt,17,75
42_0201,0,pt,17,75
42_0518,0,pt,17,75
45_672,0,pt,17,75
6_2679,0,pt,17,75
47_1038,0,pt,17,75
6_2671,0,pt,17,75
42_0230,0,pt,17,75
4_2266,0,pt,17,75
12_3368,0,pt,17,75
42_0343,0,pt,17,75
46_0899,0,pt,17,75
47_1188,0,pt,17,75
5_2556,0,pt,17,75
7_2867,0,pt,17,75
42_0561,0,pt,17,75
3_2193,0,pt,17,75
49_1567,0,pt,17,75
12_3303,0,pt,17,75
49_1433,0,pt,17,75
12_3365,0,pt,17,75
2_1929,0,pt,17,75
6_2699,0,pt,17,75
42_0150,0,pt,17,75
16_3876,0,pt,17,75
42_0372,0,pt,17,75
48_1319,0,pt,17,75
10_2981,0,pt,17,75
12_3281,0,pt,17,75
13_3524,0,pt,17,75
48_1229,0,pt,17,75
42_0007,0,pt,17,75
5_2428,0,pt,17,75
50_1598,0,pt,17,75
2_1900,0,pt,17,75
47_1076,0,pt,17,75
48_1201,0,pt,17,75
45_748,0,pt,17,75
42_0318,0,pt,17,75
5_2594,0,pt,17,75
2_1813,0,pt,17,75
50_1607,0,pt,17,75
14_3726,0,pt,17,75
16_4000,0,pt,17,75
42_0367,0,pt,17,75
13_3550,0,pt,17,75
10_2980,10934,pt,17,90
10_3003,128,pt,17,90
10_3014,3930,pt,17,90
10_3018,239,pt,17,90
10_3034,13397,pt,17,90
10_3038,190,pt,17,90
10_3040,960,pt,17,90
10_3047,2275,pt,17,90
10_3055,2144,pt,17,90
10_3065,697,pt,17,90
10_3078,367,pt,17,90
10_3102,17706,pt,17,90
10_3109,1473,pt,17,90
10_3112,869,pt,17,90
10_3125,11713,pt,17,90
10_3145,601,pt,17,90
10_3147,44,pt,17,90
10_3148,8568,pt,17,90
10_3170,257,pt,17,90
10_3173,13666,pt,17,90
10_3178,6741,pt,17,90
10_3179,25,pt,17,90
10_3181,3660,pt,17,90
10_3185,279,pt,17,90
10_3186,155,pt,17,90
12_3142,6031,pt,17,90
12_3212,781,pt,17,90
12_3221,367,pt,17,90
12_3234,3075,pt,17,90
12_3273,2823,pt,17,90
12_3293,110,pt,17,90
12_3303,3267,pt,17,90
12_3311,9826,pt,17,90
12_3336,12,pt,17,90
12_3342,6,pt,17,90
12_3353,8798,pt,17,90
12_3355,32,pt,17,90
12_3358,1230,pt,17,90
12_3359,7265,pt,17,90
12_3362,4333,pt,17,90
12_3363,12868,pt,17,90
12_3365,13,pt,17,90
12_3391,4301,pt,17,90
13_3399,3253,pt,17,90
13_3409,57,pt,17,90
13_3417,4109,pt,17,90
13_3424,85,pt,17,90
13_3429,15962,pt,17,90
13_3431,216,pt,17,90
13_3433,509,pt,17,90
13_3438,2377,pt,17,90
13_3441,941,pt,17,90
13_3456,98,pt,17,90
13_3457,316,pt,17,90
13_3472,543,pt,17,90
13_3476,731,pt,17,90
13_3492,9021,pt,17,90
13_3520,380,pt,17,90
13_3539,602,pt,17,90
13_3548,214,pt,17,90
13_3590,116,pt,17,90
14_3612,19,pt,17,90
14_3618,16522,pt,17,90
14_3619,453,pt,17,90
14_3622,5682,pt,17,90
14_3624,14461,pt,17,90
14_3627,472,pt,17,90
14_3628,275,pt,17,90
14_3630,1492,pt,17,90
14_3631,1002,pt,17,90
14_3633,4779,pt,17,90
14_3639,6761,pt,17,90
14_3657,2112,pt,17,90
14_3660,2241,pt,17,90
14_3673,119,pt,17,90
14_3674,47,pt,17,90
14_3675,177,pt,17,90
14_3676,360,pt,17,90
14_3692,17016,pt,17,90
14_3695,10637,pt,17,90
14_3712,177,pt,17,90
14_3713,2767,pt,17,90
14_3720,903,pt,17,90
14_3724,2550,pt,17,90
14_3729,6007,pt,17,90
14_3735,6257,pt,17,90
14_3739,191,pt,17,90
14_3741,99,pt,17,90
14_3746,622,pt,17,90
16_3753,12183,pt,17,90
16_3793,2814,pt,17,90
16_3794,7715,pt,17,90
16_3797,18820,pt,17,90
16_3803,573,pt,17,90
16_3807,646,pt,17,90
16_3820,10515,pt,17,90
16_3823,29,pt,17,90
16_3828,16522,pt,17,90
16_3829,1216,pt,17,90
16_3835,5800,pt,17,90
16_3841,5609,pt,17,90
16_3842,7284,pt,17,90
16_3846,2152,pt,17,90
16_3851,82,pt,17,90
16_3856,305,pt,17,90
16_3862,10692,pt,17,90
16_3868,22,pt,17,90
16_3881,1905,pt,17,90
16_3887,287,pt,17,90
16_3891,2,pt,17,90
16_3892,135,pt,17,90
16_3893,852,pt,17,90
16_3894,957,pt,17,90
16_3900,165,pt,17,90
16_3906,6841,pt,17,90
16_3915,4339,pt,17,90
16_3918,408,pt,17,90
16_3919,3592,pt,17,90
16_3922,4558,pt,17,90
16_3924,15,pt,17,90
16_3927,218,pt,17,90
16_3934,15499,pt,17,90
16_3946,301,pt,17,90
16_3947,53,pt,17,90
16_3949,1748,pt,17,90
16_3954,604,pt,17,90
16_3961,2608,pt,17,90
16_3969,6959,pt,17,90
16_3970,777,pt,17,90
16_3971,19882,pt,17,90
16_3976,2205,pt,17,90
16_3983,3506,pt,17,90
16_3987,4949,pt,17,90
16_4000,57,pt,17,90
16_4006,4,pt,17,90
16_4007,457,pt,17,90
16_4008,140,pt,17,90
16_4020,57,pt,17,90
16_4021,595,pt,17,90
16_4024,597,pt,17,90
16_4032,8194,pt,17,90
16_4033,19672,pt,17,90
16_4034,14837,pt,17,90
16_4037,660,pt,17,90
16_4039,3364,pt,17,90
16_4041,3531,pt,17,90
16_4046,1387,pt,17,90
16_4057,7,pt,17,90
16_4059,8486,pt,17,90
16_4060,422,pt,17,90
16_4069,10,pt,17,90
16_4074,90,pt,17,90
16_4088,3187,pt,17,90
16_4091,737,pt,17,90
16_4099,19149,pt,17,90
16_4109,8714,pt,17,90
16_4110,5,pt,17,90
16_4111,166,pt,17,90
2_1800,1053,pt,17,90
2_1804,9823,pt,17,90
2_1806,2773,pt,17,90
2_1810,26,pt,17,90
2_1817,77,pt,17,90
2_1823,66,pt,17,90
2_1824,204,pt,17,90
2_1828,3142,pt,17,90
2_1830,659,pt,17,90
2_1851,79,pt,17,90
2_1854,2440,pt,17,90
2_1858,6139,pt,17,90
2_1864,123,pt,17,90
2_1875,3,pt,17,90
2_1881,368,pt,17,90
2_1890,650,pt,17,90
2_1893,803,pt,17,90
2_1895,182,pt,17,90
2_1901,417,pt,17,90
2_1902,2123,pt,17,90
2_1903,2396,pt,17,90
2_1911,130,pt,17,90
2_1925,3560,pt,17,90
2_1932,9419,pt,17,90
2_1939,8658,pt,17,90
2_1949,2586,pt,17,90
2_1958,113,pt,17,90
2_1959,14371,pt,17,90
2_1960,523,pt,17,90
2_1973,35,pt,17,90
2_1975,1294,pt,17,90
2_1979,10835,pt,17,90
2_1981,1830,pt,17,90
2_1992,3648,pt,17,90
2_2001,732,pt,17,90
2_2006,894,pt,17,90
2_2012,10622,pt,17,90
2_2018,396,pt,17,90
3_2035,650,pt,17,90
3_2041,9952,pt,17,90
3_2055,264,pt,17,90
3_2057,1367,pt,17,90
3_2058,21,pt,17,90
3_2061,938,pt,17,90
3_2063,17663,pt,17,90
3_2064,243,pt,17,90
3_2066,18004,pt,17,90
3_2092,8783,pt,17,90
3_2098,39,pt,17,90
3_2103,666,pt,17,90
3_2131,7,pt,17,90
3_2132,329,pt,17,90
3_2149,11214,pt,17,90
3_2167,185,pt,17,90
3_2170,2377,pt,17,90
3_2177,50,pt,17,90
3_2205,233,pt,17,90
3_2221,32,pt,17,90
3_2226,66,pt,17,90
42_0003,6211,pt,17,90
42_0015,12252,pt,17,90
42_0018,13006,pt,17,90
42_0021,335,pt,17,90
42_0030,15707,pt,17,90
42_0031,8229,pt,17,90
42_0035,27,pt,17,90
42_0054,4537,pt,17,90
42_0057,1838,pt,17,90
42_0059,6856,pt,17,90
42_0060,4449,pt,17,90
42_0067,616,pt,17,90
42_0068,108,pt,17,90
42_0073,1350,pt,17,90
42_0077,780,pt,17,90
42_0106,66,pt,17,90
42_0112,215,pt,17,90
42_0147,147,pt,17,90
42_0153,1,pt,17,90
42_0195,114,pt,17,90
42_0214,1123,pt,17,90
42_0220,596,pt,17,90
42_0233,153,pt,17,90
42_0234,91,pt,17,90
42_0235,1146,pt,17,90
42_0236,10204,pt,17,90
42_0237,1051,pt,17,90
42_0242,7273,pt,17,90
42_0246,623,pt,17,90
42_0250,7726,pt,17,90
42_0253,37,pt,17,90
42_0258,187,pt,17,90
42_0261,79,pt,17,90
42_0264,6566,pt,17,90
42_0265,674,pt,17,90
42_0273,6828,pt,17,90
42_0283,500,pt,17,90
42_0286,982,pt,17,90
42_0300,3749,pt,17,90
42_0326,21,pt,17,90
42_0350,206,pt,17,90
42_0355,149,pt,17,90
42_0356,861,pt,17,90
42_0360,235,pt,17,90
42_0370,1158,pt,17,90
42_0393,113,pt,17,90
42_0411,1108,pt,17,90
42_0419,16906,pt,17,90
42_0436,907,pt,17,90
42_0442,862,pt,17,90
42_0479,990,pt,17,90
42_0508,10548,pt,17,90
42_0529,8452,pt,17,90
42_0530,2054,pt,17,90
42_0534,4381,pt,17,90
42_0535,10,pt,17,90
42_0537,1507,pt,17,90
42_0542,3896,pt,17,90
42_0543,12736,pt,17,90
42_0551,11,pt,17,90
42_0562,951,pt,17,90
42_0565,23,pt,17,90
42_0574,3245,pt,17,90
42_0593,10961,pt,17,90
45_611,4358,pt,17,90
45_625,21,pt,17,90
45_627,14,pt,17,90
45_632,80,pt,17,90
45_637,8051,pt,17,90
45_640,5368,pt,17,90
45_641,5131,pt,17,90
45_646,371,pt,17,90
45_649,94,pt,17,90
45_651,120,pt,17,90
45_684,97,pt,17,90
45_699,1141,pt,17,90
45_717,1,pt,17,90
45_723,8,pt,17,90
45_725,139,pt,17,90
45_729,747,pt,17,90
45_751,2976,pt,17,90
45_774,634,pt,17,90
45_781,42,pt,17,90
45_782,1,pt,17,90
45_785,635,pt,17,90
45_786,2977,pt,17,90
46_0793,376,pt,17,90
46_0794,26,pt,17,90
46_0811,166,pt,17,90
46_0826,1913,pt,17,90
46_0827,19,pt,17,90
46_0836,373,pt,17,90
46_0846,301,pt,17,90
46_0856,226,pt,17,90
46_0857,15599,pt,17,90
46_0858,11079,pt,17,90
46_0861,175,pt,17,90
46_0864,73,pt,17,90
46_0869,3196,pt,17,90
46_0879,10571,pt,17,90
46_0880,270,pt,17,90
46_0883,6326,pt,17,90
46_0896,6715,pt,17,90
46_0898,3708,pt,17,90
46_0899,23,pt,17,90
46_0910,5246,pt,17,90
46_0913,43,pt,17,90
46_0930,14857,pt,17,90
46_0944,186,pt,17,90
46_0948,8041,pt,17,90
46_0965,10,pt,17,90
46_0966,1,pt,17,90
46_0973,3363,pt,17,90
46_0979,10284,pt,17,90
46_0991,8236,pt,17,90
46_0998,68,pt,17,90
46_1001,128,pt,17,90
46_1003,809,pt,17,90
46_1006,1527,pt,17,90
47_1010,263,pt,17,90
47_1013,16,pt,17,90
47_1021,63,pt,17,90
47_1024,189,pt,17,90
47_1027,74,pt,17,90
47_1033,327,pt,17,90
47_1034,12,pt,17,90
47_1056,3242,pt,17,90
47_1058,8,pt,17,90
47_1063,14421,pt,17,90
47_1067,268,pt,17,90
47_1069,36,pt,17,90
47_1076,48,pt,17,90
47_1094,172,pt,17,90
47_1096,211,pt,17,90
47_1109,4021,pt,17,90
47_1117,10,pt,17,90
47_1119,13825,pt,17,90
47_1133,6196,pt,17,90
47_1145,64,pt,17,90
47_1157,1778,pt,17,90
47_1158,44,pt,17,90
47_1164,1020,pt,17,90
47_1165,12,pt,17,90
48_1219,285,pt,17,90
48_1221,13620,pt,17,90
48_1224,53,pt,17,90
48_1227,17134,pt,17,90
48_1242,11611,pt,17,90
48_1249,5659,pt,17,90
48_1254,9536,pt,17,90
48_1256,20,pt,17,90
48_1263,351,pt,17,90
48_1285,438,pt,17,90
48_1287,1894,pt,17,90
48_1300,122,pt,17,90
48_1307,7,pt,17,90
48_1310,8912,pt,17,90
48_1317,142,pt,17,90
48_1318,89,pt,17,90
48_1328,1950,pt,17,90
48_1334,7535,pt,17,90
48_1345,32,pt,17,90
48_1354,6400,pt,17,90
48_1356,1450,pt,17,90
48_1360,164,pt,17,90
48_1362,18919,pt,17,90
48_1364,1252,pt,17,90
48_1376,15,pt,17,90
48_1382,2492,pt,17,90
49_1395,9823,pt,17,90
49_1397,10266,pt,17,90
49_1416,211,pt,17,90
49_1418,8427,pt,17,90
49_1420,17,pt,17,90
49_1435,455,pt,17,90
49_1436,7,pt,17,90
49_1448,32,pt,17,90
49_1457,8115,pt,17,90
49_1458,1554,pt,17,90
49_1461,44,pt,17,90
49_1477,7687,pt,17,90
49_1488,1154,pt,17,90
49_1494,1021,pt,17,90
49_1496,252,pt,17,90
49_1497,613,pt,17,90
49_1500,17559,pt,17,90
49_1514,125,pt,17,90
49_1523,2130,pt,17,90
49_1527,2094,pt,17,90
49_1534,1,pt,17,90
49_1543,2223,pt,17,90
49_1548,11610,pt,17,90
49_1556,2,pt,17,90
49_1557,423,pt,17,90
49_1559,463,pt,17,90
49_1560,2356,pt,17,90
49_1569,975,pt,17,90
4_2261,91,pt,17,90
4_2266,205,pt,17,90
4_2269,12,pt,17,90
4_2291,6,pt,17,90
4_2303,25,pt,17,90
4_2314,31,pt,17,90
4_2359,977,pt,17,90
4_2381,3698,pt,17,90
4_2385,3782,pt,17,90
4_2391,375,pt,17,90
4_2399,1629,pt,17,90
4_2405,922,pt,17,90
4_2417,3094,pt,17,90
50_1599,495,pt,17,90
50_1600,4774,pt,17,90
50_1606,830,pt,17,90
50_1609,331,pt,17,90
50_1619,5762,pt,17,90
50_1621,19,pt,17,90
50_1635,6639,pt,17,90
50_1636,350,pt,17,90
50_1637,76,pt,17,90
50_1645,15,pt,17,90
50_1654,133,pt,17,90
50_1673,192,pt,17,90
50_1683,79,pt,17,90
50_1695,3266,pt,17,90
50_1703,212,pt,17,90
50_1706,18866,pt,17,90
50_1717,40,pt,17,90
50_1729,2359,pt,17,90
50_1737,120,pt,17,90
50_1747,3684,pt,17,90
50_1751,2717,pt,17,90
50_1754,573,pt,17,90
50_1762,1941,pt,17,90
50_1765,13607,pt,17,90
5_2467,3207,pt,17,90
5_2477,25,pt,17,90
5_2490,17,pt,17,90
5_2499,87,pt,17,90
5_2513,1231,pt,17,90
5_2530,372,pt,17,90
5_2541,1335,pt,17,90
5_2566,12,pt,17,90
5_2571,169,pt,17,90
5_2585,8508,pt,17,90
5_2592,51,pt,17,90
5_2599,812,pt,17,90
6_2612,634,pt,17,90
6_2640,19209,pt,17,90
6_2647,109,pt,17,90
6_2654,214,pt,17,90
6_2664,4,pt,17,90
6_2668,11898,pt,17,90
6_2678,12,pt,17,90
6_2690,1698,pt,17,90
6_2706,101,pt,17,90
6_2707,2218,pt,17,90
6_2722,5738,pt,17,90
6_2739,12258,pt,17,90
6_2760,606,pt,17,90
6_2780,178,pt,17,90
7_2798,219,pt,17,90
7_2813,11652,pt,17,90
7_2842,1172,pt,17,90
7_2845,318,pt,17,90
7_2852,2224,pt,17,90
7_2856,7601,pt,17,90
7_2857,6637,pt,17,90
7_2869,2506,pt,17,90
7_2903,84,pt,17,90
7_2906,619,pt,17,90
7_2914,81,pt,17,90
7_2929,13122,pt,17,90
7_2936,9500,pt,17,90
7_2938,3257,pt,17,90
7_2945,324,pt,17,90
7_2947,17,pt,17,90
7_2949,88,pt,17,90
7_2963,321,pt,17,90
7_2976,97,pt,17,90
48_1339,0,pt,17,90
2_1984,0,pt,17,90
49_1425,0,pt,17,90
14_3687,0,pt,17,90
49_1501,0,pt,17,90
48_1271,0,pt,17,90
46_0832,0,pt,17,90
13_3572,0,pt,17,90
3_2099,0,pt,17,90
6_2728,0,pt,17,90
7_2833,0,pt,17,90
7_2934,0,pt,17,90
47_1101,0,pt,17,90
5_2539,0,pt,17,90
49_1572,0,pt,17,90
49_1533,0,pt,17,90
2_1965,0,pt,17,90
46_0971,0,pt,17,90
7_2925,0,pt,17,90
6_2609,0,pt,17,90
49_1571,0,pt,17,90
10_3011,0,pt,17,90
48_1270,0,pt,17,90
3_2216,0,pt,17,90
6_2657,0,pt,17,90
49_1454,0,pt,17,90
12_3269,0,pt,17,90
3_2072,0,pt,17,90
49_1578,0,pt,17,90
12_3299,0,pt,17,90
13_3464,0,pt,17,90
6_2658,0,pt,17,90
42_0369,0,pt,17,90
42_0397,0,pt,17,90
42_0342,0,pt,17,90
42_0055,0,pt,17,90
47_1088,0,pt,17,90
7_2837,0,pt,17,90
42_0586,0,pt,17,90
42_0316,0,pt,17,90
10_2988,0,pt,17,90
48_1251,0,pt,17,90
45_624,0,pt,17,90
2_2008,0,pt,17,90
7_2958,0,pt,17,90
16_3871,0,pt,17,90
6_2623,0,pt,17,90
48_1236,0,pt,17,90
47_1073,0,pt,17,90
42_0563,0,pt,17,90
3_2105,0,pt,17,90
3_2025,0,pt,17,90
6_2708,0,pt,17,90
16_3962,0,pt,17,90
16_4056,0,pt,17,90
10_3135,0,pt,17,90
42_0085,0,pt,17,90
7_2944,0,pt,17,90
16_4012,0,pt,17,90
50_1612,0,pt,17,90
6_2713,0,pt,17,90
42_0292,0,pt,17,90
12_3222,0,pt,17,90
10_2994,0,pt,17,90
16_4023,0,pt,17,90
48_1316,0,pt,17,90
13_3400,0,pt,17,90
50_1658,0,pt,17,90
48_1243,0,pt,17,90
3_2136,0,pt,17,90
42_0376,0,pt,17,90
2_1798,0,pt,17,90
3_2115,0,pt,17,90
2_1941,0,pt,17,90
42_0443,0,pt,17,90
6_2673,0,pt,17,90
16_3792,0,pt,17,90
46_0876,0,pt,17,90
12_3310,0,pt,17,90
3_2150,0,pt,17,90
12_3232,0,pt,17,90
5_2542,0,pt,17,90
42_0480,0,pt,17,90
46_0885,0,pt,17,90
47_1179,0,pt,17,90
49_1449,0,pt,17,90
4_2283,0,pt,17,90
5_2451,0,pt,17,90
16_4044,0,pt,17,90
46_0922,0,pt,17,90
48_1248,0,pt,17,90
42_0331,0,pt,17,90
14_3616,0,pt,17,90
47_1080,0,pt,17,90
48_1332,0,pt,17,90
49_1549,0,pt,17,90
12_3231,0,pt,17,90
45_755,0,pt,17,90
46_1002,0,pt,17,90
7_2960,0,pt,17,90
5_2568,0,pt,17,90
14_3594,0,pt,17,90
45_721,0,pt,17,90
49_1570,0,pt,17,90
4_2259,0,pt,17,90
47_1032,0,pt,17,90
13_3521,0,pt,17,90
42_0554,0,pt,17,90
16_4029,0,pt,17,90
3_2097,0,pt,17,90
16_4018,0,pt,17,90
4_2412,0,pt,17,90
5_2554,0,pt,17,90
50_1785,0,pt,17,90
42_0460,0,pt,17,90
45_658,0,pt,17,90
16_3756,0,pt,17,90
47_1185,0,pt,17,90
49_1521,0,pt,17,90
12_3370,0,pt,17,90
42_0341,0,pt,17,90
12_3371,0,pt,17,90
6_2755,0,pt,17,90
5_2474,0,pt,17,90
16_3863,0,pt,17,90
49_1506,0,pt,17,90
48_1225,0,pt,17,90
6_2771,0,pt,17,90
49_1512,0,pt,17,90
42_0125,0,pt,17,90
49_1474,0,pt,17,90
12_3296,0,pt,17,90
10_3137,0,pt,17,90
4_2409,0,pt,17,90
7_2792,0,pt,17,90
48_1206,0,pt,17,90
4_2306,0,pt,17,90
4_2316,0,pt,17,90
46_0978,0,pt,17,90
2_1924,0,pt,17,90
14_3662,0,pt,17,90
48_1301,0,pt,17,90
42_0296,0,pt,17,90
42_0348,0,pt,17,90
4_2374,0,pt,17,90
45_702,0,pt,17,90
42_0239,0,pt,17,90
48_1215,0,pt,17,90
4_2403,0,pt,17,90
10_3121,0,pt,17,90
50_1780,0,pt,17,90
14_3649,0,pt,17,90
50_1756,0,pt,17,90
13_3575,0,pt,17,90
49_1576,0,pt,17,90
4_2318,0,pt,17,90
10_3130,0,pt,17,90
45_654,0,pt,17,90
7_2900,0,pt,17,90
16_4035,0,pt,17,90
47_1112,0,pt,17,90
5_2572,0,pt,17,90
16_3968,0,pt,17,90
5_2463,0,pt,17,90
10_3033,0,pt,17,90
42_0245,0,pt,17,90
6_2672,0,pt,17,90
48_1273,0,pt,17,90
42_0319,0,pt,17,90
45_606,0,pt,17,90
49_1482,0,pt,17,90
50_1653,0,pt,17,90
16_3957,0,pt,17,90
3_2197,0,pt,17,90
42_0320,0,pt,17,90
7_2922,0,pt,17,90
50_1672,0,pt,17,90
42_0050,0,pt,17,90
10_3084,0,pt,17,90
2_1969,0,pt,17,90
2_1950,0,pt,17,90
10_3113,0,pt,17,90
10_3059,0,pt,17,90
48_1342,0,pt,17,90
49_1480,0,pt,17,90
46_0797,0,pt,17,90
46_0987,0,pt,17,90
6_2683,0,pt,17,90
16_3981,0,pt,17,90
48_1265,0,pt,17,90
45_633,0,pt,17,90
42_0414,0,pt,17,90
6_2637,0,pt,17,90
4_2233,0,pt,17,90
16_3937,0,pt,17,90
46_0868,0,pt,17,90
16_4061,0,pt,17,90
7_2817,0,pt,17,90
16_3895,0,pt,17,90
5_2500,0,pt,17,90
12_3349,0,pt,17,90
16_3873,0,pt,17,90
46_0828,0,pt,17,90
3_2163,0,pt,17,90
7_2954,0,pt,17,90
42_0428,0,pt,17,90
46_0848,0,pt,17,90
16_3926,0,pt,17,90
42_0262,0,pt,17,90
42_0375,0,pt,17,90
4_2329,0,pt,17,90
49_1580,0,pt,17,90
48_1252,0,pt,17,90
48_1261,0,pt,17,90
6_2686,0,pt,17,90
16_4042,0,pt,17,90
14_3625,0,pt,17,90
7_2910,0,pt,17,90
14_3601,0,pt,17,90
48_1253,0,pt,17,90
49_1481,0,pt,17,90
50_1771,0,pt,17,90
5_2557,0,pt,17,90
49_1405,0,pt,17,90
50_1628,0,pt,17,90
16_3875,0,pt,17,90
46_0874,0,pt,17,90
12_3356,0,pt,17,90
6_2602,0,pt,17,90
2_1915,0,pt,17,90
7_2932,0,pt,17,90
16_3988,0,pt,17,90
42_0005,0,pt,17,90
14_3617,0,pt,17,90
16_3784,0,pt,17,90
2_2007,0,pt,17,90
47_1060,0,pt,17,90
10_3067,0,pt,17,90
6_2741,0,pt,17,90
16_3997,0,pt,17,90
42_0217,0,pt,17,90
48_1352,0,pt,17,90
2_1789,0,pt,17,90
2_1953,0,pt,17,90
6_2743,0,pt,17,90
6_2645,0,pt,17,90
50_1651,0,pt,17,90
48_1380,0,pt,17,90
45_635,0,pt,17,90
42_0302,0,pt,17,90
49_1452,0,pt,17,90
48_1212,0,pt,17,90
42_0263,0,pt,17,90
5_2429,0,pt,17,90
7_2971,0,pt,17,90
3_2038,0,pt,17,90
14_3681,0,pt,17,90
7_2800,0,pt,17,90
12_3301,0,pt,17,90
14_3623,0,pt,17,90
49_1470,0,pt,17,90
4_2231,0,pt,17,90
4_2344,0,pt,17,90
42_0188,0,pt,17,90
42_0491,0,pt,17,90
12_3194,0,pt,17,90
5_2544,0,pt,17,90
42_0417,0,pt,17,90
47_1172,0,pt,17,90
3_2053,0,pt,17,90
49_1413,0,pt,17,90
4_2330,0,pt,17,90
4_2257,0,pt,17,90
4_2284,0,pt,17,90
6_2628,0,pt,17,90
3_2171,0,pt,17,90
42_0307,0,pt,17,90
10_3143,0,pt,17,90
2_1961,0,pt,17,90
12_3283,0,pt,17,90
42_0086,0,pt,17,90
7_2921,0,pt,17,90
45_682,0,pt,17,90
6_2622,0,pt,17,90
16_3824,0,pt,17,90
13_3534,0,pt,17,90
42_0051,0,pt,17,90
3_2050,0,pt,17,90
49_1562,0,pt,17,90
42_0579,0,pt,17,90
45_609,0,pt,17,90
3_2029,0,pt,17,90
16_4019,0,pt,17,90
47_1120,0,pt,17,90
13_3583,0,pt,17,90
5_2577,0,pt,17,90
42_0541,0,pt,17,90
2_2016,0,pt,17,90
42_0304,0,pt,17,90
16_3877,0,pt,17,90
3_2028,0,pt,17,90
48_1279,0,pt,17,90
6_2748,0,pt,17,90
7_2902,0,pt,17,90
42_0576,0,pt,17,90
7_2850,0,pt,17,90
45_671,0,pt,17,90
42_0089,0,pt,17,90
2_2004,0,pt,17,90
49_1387,0,pt,17,90
10_3120,0,pt,17,90
14_3611,0,pt,17,90
16_3874,0,pt,17,90
49_1422,0,pt,17,90
42_0378,0,pt,17,90
4_2406,0,pt,17,90
45_756,0,pt,17,90
45_659,0,pt,17,90
13_3526,0,pt,17,90
5_2548,0,pt,17,90
12_3291,0,pt,17,90
46_0804,0,pt,17,90
5_2582,0,pt,17,90
10_3050,0,pt,17,90
12_3233,0,pt,17,90
50_1620,0,pt,17,90
5_2598,0,pt,17,90
42_0282,0,pt,17,90
16_3811,0,pt,17,90
46_0911,0,pt,17,90
7_2858,0,pt,17,90
10_3096,0,pt,17,90
7_2818,0,pt,17,90
4_2234,0,pt,17,90
13_3466,0,pt,17,90
10_3116,0,pt,17,90
50_1684,0,pt,17,90
2_1821,0,pt,17,90
46_0800,0,pt,17,90
2_1829,0,pt,17,90
49_1504,0,pt,17,90
16_3982,0,pt,17,90
16_3802,0,pt,17,90
42_0301,0,pt,17,90
46_0854,0,pt,17,90
46_0852,0,pt,17,90
6_2624,0,pt,17,90
12_3316,0,pt,17,90
48_1241,0,pt,17,90
48_1371,0,pt,17,90
10_3092,0,pt,17,90
45_661,0,pt,17,90
10_3026,0,pt,17,90
13_3437,0,pt,17,90
5_2482,0,pt,17,90
2_1919,0,pt,17,90
4_2289,0,pt,17,90
16_3986,0,pt,17,90
47_1111,0,pt,17,90
10_3118,0,pt,17,90
45_630,0,pt,17,90
42_0013,0,pt,17,90
5_2430,0,pt,17,90
6_2773,0,pt,17,90
14_3685,0,pt,17,90
42_0117,0,pt,17,90
10_3163,0,pt,17,90
2_1807,0,pt,17,90
48_1324,0,pt,17,90
10_3097,0,pt,17,90
14_3659,0,pt,17,90
46_0946,0,pt,17,90
6_2757,0,pt,17,90
14_3709,0,pt,17,90
10_2996,0,pt,17,90
4_2322,0,pt,17,90
45_728,0,pt,17,90
45_731,0,pt,17,90
42_0065,0,pt,17,90
14_3663,0,pt,17,90
16_4036,0,pt,17,90
7_2890,0,pt,17,90
48_1335,0,pt,17,90
46_0982,0,pt,17,90
46_0841,0,pt,17,90
16_3951,0,pt,17,90
7_2796,0,pt,17,90
16_4078,0,pt,17,90
14_3672,0,pt,17,90
5_2447,0,pt,17,90
2_1930,0,pt,17,90
2_1995,0,pt,17,90
48_1365,0,pt,17,90
42_0183,0,pt,17,90
7_2844,0,pt,17,90
42_0467,0,pt,17,90
49_1539,0,pt,17,90
7_2940,0,pt,17,90
46_0934,0,pt,17,90
10_3032,0,pt,17,90
5_2478,0,pt,17,90
48_1320,0,pt,17,90
42_0141,0,pt,17,90
48_1383,0,pt,17,90
6_2740,0,pt,17,90
3_2043,0,pt,17,90
49_1526,0,pt,17,90
46_0952,0,pt,17,90
12_3213,0,pt,17,90
10_3030,0,pt,17,90
42_0040,0,pt,17,90
45_622,0,pt,17,90
48_1229,0,pt,17,90
48_1306,0,pt,17,90
42_0204,0,pt,17,90
42_0243,0,pt,17,90
42_0449,0,pt,17,90
16_3808,0,pt,17,90
45_733,0,pt,17,90
5_2498,0,pt,17,90
42_0539,0,pt,17,90
6_2776,0,pt,17,90
47_1055,0,pt,17,90
10_3168,0,pt,17,90
42_0363,0,pt,17,90
16_3901,0,pt,17,90
50_1781,0,pt,17,90
2_1983,0,pt,17,90
46_0862,0,pt,17,90
13_3423,0,pt,17,90
12_3250,0,pt,17,90
16_3944,0,pt,17,90
50_1764,0,pt,17,90
10_3041,0,pt,17,90
45_608,0,pt,17,90
49_1467,0,pt,17,90
4_2408,0,pt,17,90
49_1550,0,pt,17,90
7_2827,0,pt,17,90
42_0525,0,pt,17,90
4_2311,0,pt,17,90
46_0844,0,pt,17,90
7_2891,0,pt,17,90
45_596,0,pt,17,90
47_1136,0,pt,17,90
42_0472,0,pt,17,90
12_3237,0,pt,17,90
42_0229,0,pt,17,90
47_1043,0,pt,17,90
49_1518,0,pt,17,90
13_3513,0,pt,17,90
12_3328,0,pt,17,90
16_4094,0,pt,17,90
6_2784,0,pt,17,90
50_1659,0,pt,17,90
14_3688,0,pt,17,90
4_2363,0,pt,17,90
42_0580,0,pt,17,90
10_3090,0,pt,17,90
2_1856,0,pt,17,90
47_1154,0,pt,17,90
13_3573,0,pt,17,90
3_2034,0,pt,17,90
48_1381,0,pt,17,90
4_2268,0,pt,17,90
42_0255,0,pt,17,90
42_0160,0,pt,17,90
42_0014,0,pt,17,90
42_0560,0,pt,17,90
42_0244,0,pt,17,90
10_3000,0,pt,17,90
42_0038,0,pt,17,90
2_1947,0,pt,17,90
2_1843,0,pt,17,90
5_2466,0,pt,17,90
16_4104,0,pt,17,90
48_1266,0,pt,17,90
42_0445,0,pt,17,90
14_3608,0,pt,17,90
13_3525,0,pt,17,90
42_0293,0,pt,17,90
16_3822,0,pt,17,90
16_3967,0,pt,17,90
50_1768,0,pt,17,90
5_2433,0,pt,17,90
42_0287,0,pt,17,90
12_3274,0,pt,17,90
49_1585,0,pt,17,90
6_2783,0,pt,17,90
6_2694,0,pt,17,90
3_2049,0,pt,17,90
14_3596,0,pt,17,90
6_2625,0,pt,17,90
49_1431,0,pt,17,90
10_3025,0,pt,17,90
4_2362,0,pt,17,90
16_4089,0,pt,17,90
42_0406,0,pt,17,90
16_4084,0,pt,17,90
46_0875,0,pt,17,90
42_0458,0,pt,17,90
49_1535,0,pt,17,90
16_4082,0,pt,17,90
49_1469,0,pt,17,90
6_2723,0,pt,17,90
42_0515,0,pt,17,90
48_1350,0,pt,17,90
6_2747,0,pt,17,90
4_2263,0,pt,17,90
50_1588,0,pt,17,90
49_1492,0,pt,17,90
45_618,0,pt,17,90
7_2865,0,pt,17,90
42_0513,0,pt,17,90
14_3731,0,pt,17,90
42_0401,0,pt,17,90
46_0799,0,pt,17,90
46_0795,0,pt,17,90
45_669,0,pt,17,90
6_2689,0,pt,17,90
16_3996,0,pt,17,90
10_3077,0,pt,17,90
45_761,0,pt,17,90
2_1826,0,pt,17,90
10_3158,0,pt,17,90
10_3174,0,pt,17,90
42_0046,0,pt,17,90
12_3263,0,pt,17,90
46_0907,0,pt,17,90
4_2240,0,pt,17,90
10_3004,0,pt,17,90
49_1509,0,pt,17,90
42_0240,0,pt,17,90
16_3940,0,pt,17,90
4_2358,0,pt,17,90
5_2583,0,pt,17,90
46_0950,0,pt,17,90
50_1722,0,pt,17,90
13_3523,0,pt,17,90
2_1988,0,pt,17,90
45_749,0,pt,17,90
16_4112,0,pt,17,90
46_0956,0,pt,17,90
42_0404,0,pt,17,90
3_2204,0,pt,17,90
14_3719,0,pt,17,90
45_675,0,pt,17,90
16_3761,0,pt,17,90
48_1208,0,pt,17,90
49_1396,0,pt,17,90
5_2534,0,pt,17,90
16_4085,0,pt,17,90
42_0137,0,pt,17,90
46_0877,0,pt,17,90
2_1968,0,pt,17,90
46_0939,0,pt,17,90
10_2978,0,pt,17,90
16_4107,0,pt,17,90
48_1294,0,pt,17,90
14_3597,0,pt,17,90
16_3832,0,pt,17,90
42_0180,0,pt,17,90
7_2915,0,pt,17,90
14_3609,0,pt,17,90
16_3765,0,pt,17,90
13_3551,0,pt,17,90
6_2684,0,pt,17,90
48_1204,0,pt,17,90
3_2174,0,pt,17,90
50_1772,0,pt,17,90
47_1142,0,pt,17,90
2_1841,0,pt,17,90
49_1546,0,pt,17,90
16_4079,0,pt,17,90
49_1391,0,pt,17,90
48_1258,0,pt,17,90
46_0791,0,pt,17,90
10_3091,0,pt,17,90
49_1472,0,pt,17,90
4_2254,0,pt,17,90
6_2604,0,pt,17,90
47_1083,0,pt,17,90
48_1330,0,pt,17,90
42_0158,0,pt,17,90
3_2142,0,pt,17,90
3_2143,0,pt,17,90
16_3980,0,pt,17,90
48_1280,0,pt,17,90
42_0275,0,pt,17,90
3_2039,0,pt,17,90
13_3481,0,pt,17,90
42_0552,0,pt,17,90
47_1017,0,pt,17,90
10_3124,0,pt,17,90
45_648,0,pt,17,90
45_652,0,pt,17,90
50_1731,0,pt,17,90
49_1404,0,pt,17,90
46_0949,0,pt,17,90
42_0294,0,pt,17,90
46_0976,0,pt,17,90
42_0322,0,pt,17,90
42_0339,0,pt,17,90
16_4011,0,pt,17,90
7_2939,0,pt,17,90
16_3925,0,pt,17,90
13_3545,0,pt,17,90
6_2769,0,pt,17,90
16_3888,0,pt,17,90
3_2207,0,pt,17,90
16_3854,0,pt,17,90
49_1409,0,pt,17,90
5_2601,0,pt,17,90
12_3388,0,pt,17,90
3_2125,0,pt,17,90
47_1100,0,pt,17,90
12_3364,0,pt,17,90
3_2108,0,pt,17,90
47_1129,0,pt,17,90
6_2736,0,pt,17,90
5_2435,0,pt,17,90
16_3917,0,pt,17,90
10_3073,0,pt,17,90
14_3621,0,pt,17,90
5_2581,0,pt,17,90
48_1209,0,pt,17,90
50_1604,0,pt,17,90
50_1735,0,pt,17,90
42_0447,0,pt,17,90
16_3897,0,pt,17,90
10_3164,0,pt,17,90
10_3095,0,pt,17,90
6_2633,0,pt,17,90
50_1644,0,pt,17,90
50_1655,0,pt,17,90
16_3995,0,pt,17,90
6_2646,0,pt,17,90
46_0888,0,pt,17,90
48_1198,0,pt,17,90
7_2815,0,pt,17,90
6_2749,0,pt,17,90
48_1368,0,pt,17,90
5_2449,0,pt,17,90
42_0412,0,pt,17,90
10_3107,0,pt,17,90
12_3357,0,pt,17,90
45_688,0,pt,17,90
16_3796,0,pt,17,90
4_2310,0,pt,17,90
50_1674,0,pt,17,90
50_1602,0,pt,17,90
48_1327,0,pt,17,90
47_1081,0,pt,17,90
16_3867,0,pt,17,90
16_4071,0,pt,17,90
4_2360,0,pt,17,90
47_1039,0,pt,17,90
3_2212,0,pt,17,90
14_3635,0,pt,17,90
47_1068,0,pt,17,90
50_1723,0,pt,17,90
2_1872,0,pt,17,90
47_1030,0,pt,17,90
7_2887,0,pt,17,90
12_3205,0,pt,17,90
4_2232,0,pt,17,90
16_3985,0,pt,17,90
42_0549,0,pt,17,90
45_767,0,pt,17,90
6_2634,0,pt,17,90
47_1114,0,pt,17,90
16_3830,0,pt,17,90
48_1255,0,pt,17,90
7_2864,0,pt,17,90
46_0798,0,pt,17,90
46_0838,0,pt,17,90
47_1123,0,pt,17,90
46_0918,0,pt,17,90
5_2434,0,pt,17,90
49_1541,0,pt,17,90
5_2441,0,pt,17,90
7_2822,0,pt,17,90
16_3800,0,pt,17,90
16_3936,0,pt,17,90
7_2841,0,pt,17,90
42_0425,0,pt,17,90
2_1974,0,pt,17,90
42_0395,0,pt,17,90
3_2062,0,pt,17,90
50_1596,0,pt,17,90
42_0507,0,pt,17,90
50_1776,0,pt,17,90
5_2555,0,pt,17,90
2_1934,0,pt,17,90
5_2595,0,pt,17,90
14_3610,0,pt,17,90
45_709,0,pt,17,90
42_0470,0,pt,17,90
45_701,0,pt,17,90
42_0159,0,pt,17,90
16_4003,0,pt,17,90
42_0075,0,pt,17,90
6_2762,0,pt,17,90
5_2560,0,pt,17,90
42_0451,0,pt,17,90
48_1268,0,pt,17,90
50_1727,0,pt,17,90
16_3963,0,pt,17,90
10_3023,0,pt,17,90
42_0032,0,pt,17,90
5_2519,0,pt,17,90
13_3479,0,pt,17,90
14_3694,0,pt,17,90
42_0373,0,pt,17,90
42_0094,0,pt,17,90
48_1197,0,pt,17,90
6_2685,0,pt,17,90
6_2652,0,pt,17,90
50_1625,0,pt,17,90
49_1520,0,pt,17,90
49_1440,0,pt,17,90
7_2835,0,pt,17,90
2_1985,0,pt,17,90
4_2325,0,pt,17,90
2_1918,0,pt,17,90
2_1938,0,pt,17,90
6_2710,0,pt,17,90
7_2878,0,pt,17,90
47_1171,0,pt,17,90
46_0970,0,pt,17,90
42_0528,0,pt,17,90
42_0353,0,pt,17,90
6_2700,0,pt,17,90
46_0790,0,pt,17,90
46_0997,0,pt,17,90
50_1687,0,pt,17,90
3_2121,0,pt,17,90
5_2510,0,pt,17,90
6_2702,0,pt,17,90
47_1156,0,pt,17,90
2_1877,0,pt,17,90
12_3219,0,pt,17,90
10_3057,0,pt,17,90
7_2946,0,pt,17,90
46_0977,0,pt,17,90
50_1627,0,pt,17,90
42_0009,0,pt,17,90
12_3286,0,pt,17,90
16_3935,0,pt,17,90
42_0465,0,pt,17,90
7_2791,0,pt,17,90
45_678,0,pt,17,90
2_1882,0,pt,17,90
50_1784,0,pt,17,90
48_1232,0,pt,17,90
13_3517,0,pt,17,90
42_0184,0,pt,17,90
14_3599,0,pt,17,90
46_0909,0,pt,17,90
49_1462,0,pt,17,90
42_0104,0,pt,17,90
50_1753,0,pt,17,90
13_3420,0,pt,17,90
42_0042,0,pt,17,90
49_1484,0,pt,17,90
50_1746,0,pt,17,90
42_0379,0,pt,17,90
12_3198,0,pt,17,90
13_3458,0,pt,17,90
50_1689,0,pt,17,90
49_1487,0,pt,17,90
45_744,0,pt,17,90
42_0037,0,pt,17,90
7_2868,0,pt,17,90
13_3440,0,pt,17,90
14_3684,0,pt,17,90
48_1216,0,pt,17,90
42_0330,0,pt,17,90
5_2540,0,pt,17,90
4_2392,0,pt,17,90
3_2206,0,pt,17,90
48_1369,0,pt,17,90
47_1173,0,pt,17,90
13_3528,0,pt,17,90
4_2394,0,pt,17,90
42_0358,0,pt,17,90
42_0464,0,pt,17,90
47_1066,0,pt,17,90
2_1987,0,pt,17,90
3_2082,0,pt,17,90
6_2726,0,pt,17,90
16_3943,0,pt,17,90
49_1536,0,pt,17,90
46_0842,0,pt,17,90
16_3939,0,pt,17,90
4_2388,0,pt,17,90
10_3017,0,pt,17,90
16_3890,0,pt,17,90
13_3570,0,pt,17,90
42_0252,0,pt,17,90
49_1515,0,pt,17,90
42_0533,0,pt,17,90
49_1508,0,pt,17,90
42_0010,0,pt,17,90
2_1849,0,pt,17,90
7_2898,0,pt,17,90
42_0426,0,pt,17,90
3_2191,0,pt,17,90
45_769,0,pt,17,90
42_0061,0,pt,17,90
6_2781,0,pt,17,90
46_0985,0,pt,17,90
7_2848,0,pt,17,90
12_3201,0,pt,17,90
7_2948,0,pt,17,90
10_2992,0,pt,17,90
48_1386,0,pt,17,90
50_1633,0,pt,17,90
42_0446,0,pt,17,90
42_0453,0,pt,17,90
4_2228,0,pt,17,90
2_1808,0,pt,17,90
16_3751,0,pt,17,90
3_2065,0,pt,17,90
5_2486,0,pt,17,90
16_3799,0,pt,17,90
50_1749,0,pt,17,90
49_1575,0,pt,17,90
7_2838,0,pt,17,90
3_2116,0,pt,17,90
50_1608,0,pt,17,90
6_2733,0,pt,17,90
50_1671,0,pt,17,90
5_2464,0,pt,17,90
47_1147,0,pt,17,90
50_1777,0,pt,17,90
16_4070,0,pt,17,90
16_4043,0,pt,17,90
3_2180,0,pt,17,90
42_0521,0,pt,17,90
42_0138,0,pt,17,90
49_1463,0,pt,17,90
5_2564,0,pt,17,90
14_3670,0,pt,17,90
16_3999,0,pt,17,90
2_1839,0,pt,17,90
5_2421,0,pt,17,90
12_3312,0,pt,17,90
16_3836,0,pt,17,90
45_747,0,pt,17,90
12_3236,0,pt,17,90
7_2967,0,pt,17,90
13_3435,0,pt,17,90
6_2720,0,pt,17,90
47_1023,0,pt,17,90
45_735,0,pt,17,90
10_3085,0,pt,17,90
47_1061,0,pt,17,90
13_3500,0,pt,17,90
13_3559,0,pt,17,90
46_0834,0,pt,17,90
49_1577,0,pt,17,90
10_3162,0,pt,17,90
10_3058,0,pt,17,90
12_3255,0,pt,17,90
42_0452,0,pt,17,90
42_0231,0,pt,17,90
46_0917,0,pt,17,90
12_3295,0,pt,17,90
47_1011,0,pt,17,90
48_1196,0,pt,17,90
7_2917,0,pt,17,90
50_1639,0,pt,17,90
49_1491,0,pt,17,90
42_0025,0,pt,17,90
47_1048,0,pt,17,90
48_1347,0,pt,17,90
4_2274,0,pt,17,90
47_1082,0,pt,17,90
2_1860,0,pt,17,90
10_3082,0,pt,17,90
5_2439,0,pt,17,90
6_2687,0,pt,17,90
42_0444,0,pt,17,90
12_3322,0,pt,17,90
14_3606,0,pt,17,90
47_1194,0,pt,17,90
42_0381,0,pt,17,90
6_2682,0,pt,17,90
45_666,0,pt,17,90
12_3337,0,pt,17,90
3_2128,0,pt,17,90
6_2660,0,pt,17,90
48_1281,0,pt,17,90
45_613,0,pt,17,90
3_2137,0,pt,17,90
49_1450,0,pt,17,90
46_0981,0,pt,17,90
42_0157,0,pt,17,90
42_0345,0,pt,17,90
12_3298,0,pt,17,90
10_3131,0,pt,17,90
12_3326,0,pt,17,90
16_3840,0,pt,17,90
42_0493,0,pt,17,90
13_3469,0,pt,17,90
4_2357,0,pt,17,90
7_2961,0,pt,17,90
42_0466,0,pt,17,90
42_0024,0,pt,17,90
3_2201,0,pt,17,90
4_2387,0,pt,17,90
13_3509,0,pt,17,90
49_1493,0,pt,17,90
42_0503,0,pt,17,90
10_3117,0,pt,17,90
12_3191,0,pt,17,90
42_0413,0,pt,17,90
7_2862,0,pt,17,90
5_2523,0,pt,17,90
10_3156,0,pt,17,90
42_0056,0,pt,17,90
46_1005,0,pt,17,90
49_1530,0,pt,17,90
16_3849,0,pt,17,90
13_3515,0,pt,17,90
7_2883,0,pt,17,90
16_3952,0,pt,17,90
50_1726,0,pt,17,90
49_1574,0,pt,17,90
16_4101,0,pt,17,90
2_1832,0,pt,17,90
10_3111,0,pt,17,90
14_3613,0,pt,17,90
2_1920,0,pt,17,90
5_2569,0,pt,17,90
5_2538,0,pt,17,90
47_1020,0,pt,17,90
42_0058,0,pt,17,90
2_1912,0,pt,17,90
48_1264,0,pt,17,90
45_757,0,pt,17,90
4_2279,0,pt,17,90
10_2995,0,pt,17,90
10_3074,0,pt,17,90
46_0872,0,pt,17,90
48_1247,0,pt,17,90
42_0004,0,pt,17,90
4_2400,0,pt,17,90
16_4093,0,pt,17,90
49_1475,0,pt,17,90
50_1640,0,pt,17,90
50_1711,0,pt,17,90
47_1028,0,pt,17,90
49_1551,0,pt,17,90
45_698,0,pt,17,90
46_0814,0,pt,17,90
47_1031,0,pt,17,90
7_2790,0,pt,17,90
42_0218,0,pt,17,90
46_0943,0,pt,17,90
47_1018,0,pt,17,90
14_3702,0,pt,17,90
50_1714,0,pt,17,90
42_0201,0,pt,17,90
42_0518,0,pt,17,90
47_1026,0,pt,17,90
45_672,0,pt,17,90
48_1228,0,pt,17,90
6_2679,0,pt,17,90
10_3138,0,pt,17,90
42_0280,0,pt,17,90
6_2754,0,pt,17,90
47_1038,0,pt,17,90
6_2671,0,pt,17,90
5_2587,0,pt,17,90
42_0230,0,pt,17,90
46_0959,0,pt,17,90
12_3368,0,pt,17,90
42_0324,0,pt,17,90
42_0343,0,pt,17,90
16_4004,0,pt,17,90
5_2596,0,pt,17,90
6_2608,0,pt,17,90
47_1188,0,pt,17,90
5_2556,0,pt,17,90
16_3852,0,pt,17,90
7_2867,0,pt,17,90
2_1998,0,pt,17,90
42_0043,0,pt,17,90
42_0561,0,pt,17,90
5_2563,0,pt,17,90
49_1417,0,pt,17,90
3_2193,0,pt,17,90
49_1567,0,pt,17,90
5_2496,0,pt,17,90
49_1433,0,pt,17,90
3_2110,0,pt,17,90
2_1929,0,pt,17,90
6_2699,0,pt,17,90
46_0792,0,pt,17,90
48_1314,0,pt,17,90
6_2772,0,pt,17,90
42_0150,0,pt,17,90
16_3876,0,pt,17,90
42_0372,0,pt,17,90
10_3035,0,pt,17,90
46_0821,0,pt,17,90
48_1319,0,pt,17,90
12_3382,0,pt,17,90
47_1176,0,pt,17,90
45_703,0,pt,17,90
10_2981,0,pt,17,90
10_3114,0,pt,17,90
12_3281,0,pt,17,90
13_3524,0,pt,17,90
48_1235,0,pt,17,90
4_2368,0,pt,17,90
48_1361,0,pt,17,90
42_0007,0,pt,17,90
3_2042,0,pt,17,90
7_2795,0,pt,17,90
50_1598,0,pt,17,90
49_1489,0,pt,17,90
5_2428,0,pt,17,90
2_1900,0,pt,17,90
16_4096,0,pt,17,90
5_2473,0,pt,17,90
49_1544,0,pt,17,90
14_3677,0,pt,17,90
16_3921,0,pt,17,90
10_3036,0,pt,17,90
45_680,0,pt,17,90
48_1201,0,pt,17,90
14_3650,0,pt,17,90
45_748,0,pt,17,90
42_0318,0,pt,17,90
5_2594,0,pt,17,90
2_1813,0,pt,17,90
50_1607,0,pt,17,90
48_1333,0,pt,17,90
14_3726,0,pt,17,90
12_3318,0,pt,17,90
16_3773,0,pt,17,90
42_0367,0,pt,17,90
13_3550,0,pt,17,90
42_0169,0,pt,17,90
10_2978,308,pt,17,120
10_2980,21229,pt,17,120
10_2994,3711,pt,17,120
10_3003,396,pt,17,120
10_3004,4910,pt,17,120
10_3014,18828,pt,17,120
10_3017,94,pt,17,120
10_3018,1839,pt,17,120
10_3034,22531,pt,17,120
10_3038,6459,pt,17,120
10_3040,13853,pt,17,120
10_3041,62,pt,17,120
10_3047,17675,pt,17,120
10_3050,162,pt,17,120
10_3055,16264,pt,17,120
10_3065,15658,pt,17,120
10_3078,2248,pt,17,120
10_3085,15,pt,17,120
10_3090,325,pt,17,120
10_3096,8939,pt,17,120
10_3102,25722,pt,17,120
10_3109,10107,pt,17,120
10_3111,10,pt,17,120
10_3112,15006,pt,17,120
10_3113,1162,pt,17,120
10_3114,115,pt,17,120
10_3125,22308,pt,17,120
10_3145,1808,pt,17,120
10_3147,1722,pt,17,120
10_3148,20886,pt,17,120
10_3156,223,pt,17,120
10_3164,428,pt,17,120
10_3170,6753,pt,17,120
10_3173,21739,pt,17,120
10_3178,20593,pt,17,120
10_3179,449,pt,17,120
10_3181,16312,pt,17,120
10_3185,974,pt,17,120
10_3186,14459,pt,17,120
12_3142,17387,pt,17,120
12_3198,191,pt,17,120
12_3212,16082,pt,17,120
12_3221,8921,pt,17,120
12_3232,3222,pt,17,120
12_3234,15164,pt,17,120
12_3236,208,pt,17,120
12_3237,7323,pt,17,120
12_3250,8562,pt,17,120
12_3273,14658,pt,17,120
12_3293,222,pt,17,120
12_3296,426,pt,17,120
12_3299,1108,pt,17,120
12_3303,17237,pt,17,120
12_3311,22470,pt,17,120
12_3318,839,pt,17,120
12_3336,268,pt,17,120
12_3342,55,pt,17,120
12_3353,20590,pt,17,120
12_3355,168,pt,17,120
12_3358,13438,pt,17,120
12_3359,20496,pt,17,120
12_3362,17137,pt,17,120
12_3363,22679,pt,17,120
12_3365,70,pt,17,120
12_3368,9,pt,17,120
12_3391,16538,pt,17,120
13_3399,16632,pt,17,120
13_3409,370,pt,17,120
13_3417,18373,pt,17,120
13_3420,375,pt,17,120
13_3424,421,pt,17,120
13_3429,24285,pt,17,120
13_3431,14514,pt,17,120
13_3433,1108,pt,17,120
13_3437,166,pt,17,120
13_3438,18031,pt,17,120
13_3441,6183,pt,17,120
13_3456,3139,pt,17,120
13_3457,13722,pt,17,120
13_3466,163,pt,17,120
13_3472,16221,pt,17,120
13_3476,12420,pt,17,120
13_3481,1754,pt,17,120
13_3492,21490,pt,17,120
13_3513,136,pt,17,120
13_3517,458,pt,17,120
13_3520,5036,pt,17,120
13_3521,271,pt,17,120
13_3523,56,pt,17,120
13_3526,10312,pt,17,120
13_3539,13550,pt,17,120
13_3548,671,pt,17,120
13_3551,1502,pt,17,120
13_3559,79,pt,17,120
13_3590,5189,pt,17,120
14_3597,1232,pt,17,120
14_3599,1761,pt,17,120
14_3612,36,pt,17,120
14_3618,23925,pt,17,120
14_3619,10472,pt,17,120
14_3622,19504,pt,17,120
14_3624,22557,pt,17,120
14_3625,827,pt,17,120
14_3627,4407,pt,17,120
14_3628,6315,pt,17,120
14_3630,15377,pt,17,120
14_3631,9900,pt,17,120
14_3633,19428,pt,17,120
14_3639,19439,pt,17,120
14_3650,667,pt,17,120
14_3657,17061,pt,17,120
14_3660,15250,pt,17,120
14_3670,4652,pt,17,120
14_3673,12393,pt,17,120
14_3674,8324,pt,17,120
14_3675,8066,pt,17,120
14_3676,3971,pt,17,120
14_3681,146,pt,17,120
14_3684,1060,pt,17,120
14_3685,22,pt,17,120
14_3692,23954,pt,17,120
14_3695,22215,pt,17,120
14_3709,184,pt,17,120
14_3712,627,pt,17,120
14_3713,17928,pt,17,120
14_3720,14157,pt,17,120
14_3724,15138,pt,17,120
14_3726,65,pt,17,120
14_3729,19030,pt,17,120
14_3731,8796,pt,17,120
14_3735,18176,pt,17,120
14_3739,6640,pt,17,120
14_3741,12474,pt,17,120
14_3746,10610,pt,17,120
16_3753,22759,pt,17,120
16_3761,2523,pt,17,120
16_3765,8786,pt,17,120
16_3773,37,pt,17,120
16_3784,614,pt,17,120
16_3792,1537,pt,17,120
16_3793,14484,pt,17,120
16_3794,20818,pt,17,120
16_3797,25896,pt,17,120
16_3799,11926,pt,17,120
16_3800,22,pt,17,120
16_3803,9897,pt,17,120
16_3807,11528,pt,17,120
16_3820,22566,pt,17,120
16_3823,5861,pt,17,120
16_3828,24602,pt,17,120
16_3829,12172,pt,17,120
16_3835,19543,pt,17,120
16_3841,17420,pt,17,120
16_3842,19559,pt,17,120
16_3846,17142,pt,17,120
16_3851,4194,pt,17,120
16_3856,10249,pt,17,120
16_3862,20237,pt,17,120
16_3863,148,pt,17,120
16_3868,1742,pt,17,120
16_3871,7513,pt,17,120
16_3874,69,pt,17,120
16_3875,3467,pt,17,120
16_3881,13675,pt,17,120
16_3887,1201,pt,17,120
16_3890,229,pt,17,120
16_3891,2566,pt,17,120
16_3892,16438,pt,17,120
16_3893,11093,pt,17,120
16_3894,12834,pt,17,120
16_3897,29,pt,17,120
16_3900,9264,pt,17,120
16_3906,22469,pt,17,120
16_3915,17082,pt,17,120
16_3918,2996,pt,17,120
16_3919,19391,pt,17,120
16_3922,17520,pt,17,120
16_3924,12772,pt,17,120
16_3925,243,pt,17,120
16_3926,12,pt,17,120
16_3927,2543,pt,17,120
16_3934,23574,pt,17,120
16_3937,7619,pt,17,120
16_3944,75,pt,17,120
16_3946,5915,pt,17,120
16_3947,4433,pt,17,120
16_3949,11164,pt,17,120
16_3952,287,pt,17,120
16_3954,13464,pt,17,120
16_3961,17886,pt,17,120
16_3969,19122,pt,17,120
16_3970,11779,pt,17,120
16_3971,26200,pt,17,120
16_3976,14608,pt,17,120
16_3981,7401,pt,17,120
16_3982,36,pt,17,120
16_3983,16565,pt,17,120
16_3986,1,pt,17,120
16_3987,18874,pt,17,120
16_3995,2946,pt,17,120
16_3997,11266,pt,17,120
16_3999,1,pt,17,120
16_4000,3339,pt,17,120
16_4003,2427,pt,17,120
16_4006,1717,pt,17,120
16_4007,5286,pt,17,120
16_4008,833,pt,17,120
16_4011,932,pt,17,120
16_4019,4500,pt,17,120
16_4020,6595,pt,17,120
16_4021,4111,pt,17,120
16_4024,16454,pt,17,120
16_4032,18856,pt,17,120
16_4033,26449,pt,17,120
16_4034,23749,pt,17,120
16_4037,6968,pt,17,120
16_4039,17281,pt,17,120
16_4041,16556,pt,17,120
16_4042,323,pt,17,120
16_4043,2635,pt,17,120
16_4044,3507,pt,17,120
16_4046,15635,pt,17,120
16_4057,10101,pt,17,120
16_4059,21867,pt,17,120
16_4060,7046,pt,17,120
16_4061,8281,pt,17,120
16_4069,11935,pt,17,120
16_4071,543,pt,17,120
16_4074,275,pt,17,120
16_4078,1631,pt,17,120
16_4084,6005,pt,17,120
16_4085,2282,pt,17,120
16_4088,17233,pt,17,120
16_4091,10956,pt,17,120
16_4094,638,pt,17,120
16_4096,1823,pt,17,120
16_4099,26270,pt,17,120
16_4109,19802,pt,17,120
16_4110,10814,pt,17,120
16_4111,10692,pt,17,120
2_1798,415,pt,17,120
2_1800,15641,pt,17,120
2_1804,22330,pt,17,120
2_1806,16894,pt,17,120
2_1807,5170,pt,17,120
2_1808,4,pt,17,120
2_1810,12654,pt,17,120
2_1817,275,pt,17,120
2_1823,966,pt,17,120
2_1824,11560,pt,17,120
2_1826,115,pt,17,120
2_1828,19021,pt,17,120
2_1830,3817,pt,17,120
2_1841,1682,pt,17,120
2_1851,171,pt,17,120
2_1854,17307,pt,17,120
2_1858,20454,pt,17,120
2_1864,2924,pt,17,120
2_1872,2686,pt,17,120
2_1875,142,pt,17,120
2_1877,447,pt,17,120
2_1881,1199,pt,17,120
2_1890,10012,pt,17,120
2_1893,16262,pt,17,120
2_1895,4464,pt,17,120
2_1901,4417,pt,17,120
2_1902,15813,pt,17,120
2_1903,16656,pt,17,120
2_1911,6159,pt,17,120
2_1924,5253,pt,17,120
2_1925,17905,pt,17,120
2_1930,95,pt,17,120
2_1932,20580,pt,17,120
2_1939,20847,pt,17,120
2_1949,16161,pt,17,120
2_1958,2938,pt,17,120
2_1959,23333,pt,17,120
2_1960,11102,pt,17,120
2_1961,9,pt,17,120
2_1965,32,pt,17,120
2_1968,4007,pt,17,120
2_1973,1204,pt,17,120
2_1975,16240,pt,17,120
2_1979,21657,pt,17,120
2_1981,15277,pt,17,120
2_1987,1712,pt,17,120
2_1992,17085,pt,17,120
2_2001,13116,pt,17,120
2_2006,11656,pt,17,120
2_2012,22172,pt,17,120
2_2018,5265,pt,17,120
3_2029,672,pt,17,120
3_2035,10494,pt,17,120
3_2041,21545,pt,17,120
3_2055,584,pt,17,120
3_2057,16305,pt,17,120
3_2058,256,pt,17,120
3_2061,10286,pt,17,120
3_2063,25638,pt,17,120
3_2064,5642,pt,17,120
3_2066,25290,pt,17,120
3_2092,21402,pt,17,120
3_2098,225,pt,17,120
3_2103,13667,pt,17,120
3_2108,3191,pt,17,120
3_2131,1471,pt,17,120
3_2132,885,pt,17,120
3_2136,2955,pt,17,120
3_2137,4584,pt,17,120
3_2149,22300,pt,17,120
3_2163,5124,pt,17,120
3_2167,281,pt,17,120
3_2170,17749,pt,17,120
3_2171,683,pt,17,120
3_2174,83,pt,17,120
3_2177,6173,pt,17,120
3_2180,480,pt,17,120
3_2197,3,pt,17,120
3_2204,1320,pt,17,120
3_2205,15785,pt,17,120
3_2207,142,pt,17,120
3_2221,478,pt,17,120
3_2226,370,pt,17,120
42_0003,20963,pt,17,120
42_0010,227,pt,17,120
42_0014,4269,pt,17,120
42_0015,22518,pt,17,120
42_0018,22167,pt,17,120
42_0021,5164,pt,17,120
42_0024,7679,pt,17,120
42_0030,24498,pt,17,120
42_0031,21411,pt,17,120
42_0035,7046,pt,17,120
42_0050,3747,pt,17,120
42_0054,18785,pt,17,120
42_0055,188,pt,17,120
42_0057,14694,pt,17,120
42_0058,4036,pt,17,120
42_0059,20199,pt,17,120
42_0060,17149,pt,17,120
42_0065,1372,pt,17,120
42_0067,11669,pt,17,120
42_0068,6017,pt,17,120
42_0073,15320,pt,17,120
42_0077,12659,pt,17,120
42_0106,137,pt,17,120
42_0112,1455,pt,17,120
42_0147,466,pt,17,120
42_0153,321,pt,17,120
42_0183,16,pt,17,120
42_0188,59,pt,17,120
42_0195,419,pt,17,120
42_0201,47,pt,17,120
42_0214,14910,pt,17,120
42_0220,7486,pt,17,120
42_0229,379,pt,17,120
42_0230,6661,pt,17,120
42_0233,543,pt,17,120
42_0234,428,pt,17,120
42_0235,8383,pt,17,120
42_0236,22371,pt,17,120
42_0237,17649,pt,17,120
42_0239,173,pt,17,120
42_0242,20370,pt,17,120
42_0244,536,pt,17,120
42_0246,6307,pt,17,120
42_0250,20748,pt,17,120
42_0253,2295,pt,17,120
42_0255,721,pt,17,120
42_0258,1973,pt,17,120
42_0261,549,pt,17,120
42_0263,6077,pt,17,120
42_0264,22617,pt,17,120
42_0265,11703,pt,17,120
42_0273,20612,pt,17,120
42_0283,10544,pt,17,120
42_0286,11154,pt,17,120
42_0287,1405,pt,17,120
42_0292,702,pt,17,120
42_0293,34,pt,17,120
42_0300,18642,pt,17,120
42_0304,96,pt,17,120
42_0319,685,pt,17,120
42_0326,384,pt,17,120
42_0341,87,pt,17,120
42_0342,3525,pt,17,120
42_0348,4,pt,17,120
42_0350,7861,pt,17,120
42_0355,2191,pt,17,120
42_0356,6347,pt,17,120
42_0360,5773,pt,17,120
42_0370,14546,pt,17,120
42_0378,175,pt,17,120
42_0393,447,pt,17,120
42_0411,16303,pt,17,120
42_0412,90,pt,17,120
42_0419,24005,pt,17,120
42_0436,13152,pt,17,120
42_0442,13474,pt,17,120
42_0447,8873,pt,17,120
42_0451,14011,pt,17,120
42_0465,984,pt,17,120
42_0466,4,pt,17,120
42_0467,1039,pt,17,120
42_0479,13844,pt,17,120
42_0491,20,pt,17,120
42_0503,15,pt,17,120
42_0507,410,pt,17,120
42_0508,21369,pt,17,120
42_0529,19832,pt,17,120
42_0530,17757,pt,17,120
42_0533,5595,pt,17,120
42_0534,19141,pt,17,120
42_0535,142,pt,17,120
42_0537,18182,pt,17,120
42_0542,17889,pt,17,120
42_0543,22144,pt,17,120
42_0551,911,pt,17,120
42_0552,9,pt,17,120
42_0562,18453,pt,17,120
42_0565,9157,pt,17,120
42_0574,17501,pt,17,120
42_0593,22528,pt,17,120
45_611,17541,pt,17,120
45_625,199,pt,17,120
45_627,272,pt,17,120
45_630,63,pt,17,120
45_632,1473,pt,17,120
45_637,19072,pt,17,120
45_640,16604,pt,17,120
45_641,18693,pt,17,120
45_646,2252,pt,17,120
45_649,388,pt,17,120
45_651,1264,pt,17,120
45_654,378,pt,17,120
45_658,27,pt,17,120
45_684,321,pt,17,120
45_688,2,pt,17,120
45_699,17131,pt,17,120
45_717,287,pt,17,120
45_723,11314,pt,17,120
45_725,5022,pt,17,120
45_728,446,pt,17,120
45_729,6855,pt,17,120
45_735,120,pt,17,120
45_744,333,pt,17,120
45_748,1158,pt,17,120
45_751,17885,pt,17,120
45_774,12955,pt,17,120
45_781,414,pt,17,120
45_782,97,pt,17,120
45_785,7032,pt,17,120
45_786,15227,pt,17,120
46_0793,11197,pt,17,120
46_0794,2148,pt,17,120
46_0800,8237,pt,17,120
46_0804,13,pt,17,120
46_0811,553,pt,17,120
46_0814,1061,pt,17,120
46_0826,16851,pt,17,120
46_0827,316,pt,17,120
46_0836,6685,pt,17,120
46_0841,108,pt,17,120
46_0844,99,pt,17,120
46_0846,6749,pt,17,120
46_0852,5828,pt,17,120
46_0856,6410,pt,17,120
46_0857,24496,pt,17,120
46_0858,21679,pt,17,120
46_0861,5730,pt,17,120
46_0864,180,pt,17,120
46_0868,6815,pt,17,120
46_0869,14990,pt,17,120
46_0874,13041,pt,17,120
46_0879,22137,pt,17,120
46_0880,8278,pt,17,120
46_0883,19208,pt,17,120
46_0888,843,pt,17,120
46_0896,19480,pt,17,120
46_0898,18413,pt,17,120
46_0899,174,pt,17,120
46_0910,19040,pt,17,120
46_0913,12994,pt,17,120
46_0918,787,pt,17,120
46_0922,2430,pt,17,120
46_0930,23316,pt,17,120
46_0944,2625,pt,17,120
46_0946,6465,pt,17,120
46_0948,21009,pt,17,120
46_0949,2719,pt,17,120
46_0952,1121,pt,17,120
46_0965,558,pt,17,120
46_0966,10304,pt,17,120
46_0973,18748,pt,17,120
46_0976,2329,pt,17,120
46_0978,691,pt,17,120
46_0979,22101,pt,17,120
46_0985,1853,pt,17,120
46_0987,8667,pt,17,120
46_0991,22153,pt,17,120
46_0997,37,pt,17,120
46_0998,7520,pt,17,120
46_1001,475,pt,17,120
46_1002,147,pt,17,120
46_1003,9208,pt,17,120
46_1006,15976,pt,17,120
47_1010,10703,pt,17,120
47_1013,313,pt,17,120
47_1021,1724,pt,17,120
47_1023,4,pt,17,120
47_1024,6874,pt,17,120
47_1027,297,pt,17,120
47_1033,4326,pt,17,120
47_1034,167,pt,17,120
47_1043,189,pt,17,120
47_1056,17066,pt,17,120
47_1058,3542,pt,17,120
47_1063,23329,pt,17,120
47_1066,4813,pt,17,120
47_1067,10559,pt,17,120
47_1069,201,pt,17,120
47_1076,2548,pt,17,120
47_1088,10317,pt,17,120
47_1094,9863,pt,17,120
47_1096,1320,pt,17,120
47_1101,44,pt,17,120
47_1109,17872,pt,17,120
47_1111,5926,pt,17,120
47_1112,2062,pt,17,120
47_1117,761,pt,17,120
47_1119,22295,pt,17,120
47_1123,441,pt,17,120
47_1133,20232,pt,17,120
47_1142,7,pt,17,120
47_1145,304,pt,17,120
47_1147,1951,pt,17,120
47_1156,7484,pt,17,120
47_1157,15514,pt,17,120
47_1158,189,pt,17,120
47_1164,11158,pt,17,120
47_1165,7884,pt,17,120
48_1197,8520,pt,17,120
48_1209,3042,pt,17,120
48_1219,11294,pt,17,120
48_1221,22450,pt,17,120
48_1224,450,pt,17,120
48_1227,25267,pt,17,120
48_1229,1208,pt,17,120
48_1242,21879,pt,17,120
48_1247,184,pt,17,120
48_1249,19478,pt,17,120
48_1251,875,pt,17,120
48_1254,20670,pt,17,120
48_1256,2110,pt,17,120
48_1261,12585,pt,17,120
48_1263,3054,pt,17,120
48_1273,91,pt,17,120
48_1279,2524,pt,17,120
48_1285,15937,pt,17,120
48_1287,14897,pt,17,120
48_1300,1728,pt,17,120
48_1307,1507,pt,17,120
48_1310,20503,pt,17,120
48_1317,487,pt,17,120
48_1318,321,pt,17,120
48_1320,42,pt,17,120
48_1327,124,pt,17,120
48_1328,17216,pt,17,120
48_1330,1057,pt,17,120
48_1332,628,pt,17,120
48_1334,19435,pt,17,120
48_1345,322,pt,17,120
48_1347,1419,pt,17,120
48_1354,19057,pt,17,120
48_1356,17026,pt,17,120
48_1360,7808,pt,17,120
48_1362,25602,pt,17,120
48_1364,14914,pt,17,120
48_1369,615,pt,17,120
48_1376,2358,pt,17,120
48_1382,15858,pt,17,120
48_1386,2,pt,17,120
49_1391,902,pt,17,120
49_1395,20911,pt,17,120
49_1397,21187,pt,17,120
49_1413,71,pt,17,120
49_1416,9459,pt,17,120
49_1418,18975,pt,17,120
49_1420,2738,pt,17,120
49_1425,35,pt,17,120
49_1433,499,pt,17,120
49_1435,854,pt,17,120
49_1436,16249,pt,17,120
49_1448,136,pt,17,120
49_1449,3677,pt,17,120
49_1450,8767,pt,17,120
49_1457,21547,pt,17,120
49_1458,18538,pt,17,120
49_1461,2087,pt,17,120
49_1463,7331,pt,17,120
49_1472,36,pt,17,120
49_1477,19454,pt,17,120
49_1488,12345,pt,17,120
49_1491,814,pt,17,120
49_1494,12142,pt,17,120
49_1496,13507,pt,17,120
49_1497,16504,pt,17,120
49_1500,25225,pt,17,120
49_1501,19,pt,17,120
49_1504,338,pt,17,120
49_1514,3131,pt,17,120
49_1515,397,pt,17,120
49_1523,17304,pt,17,120
49_1527,16037,pt,17,120
49_1534,110,pt,17,120
49_1543,18595,pt,17,120
49_1548,21194,pt,17,120
49_1549,804,pt,17,120
49_1556,550,pt,17,120
49_1557,2021,pt,17,120
49_1559,8759,pt,17,120
49_1560,15850,pt,17,120
49_1569,12711,pt,17,120
4_2228,6,pt,17,120
4_2254,40,pt,17,120
4_2261,612,pt,17,120
4_2266,8037,pt,17,120
4_2269,5889,pt,17,120
4_2283,336,pt,17,120
4_2291,1499,pt,17,120
4_2303,10907,pt,17,120
4_2314,239,pt,17,120
4_2330,6184,pt,17,120
4_2359,15597,pt,17,120
4_2362,10,pt,17,120
4_2381,18439,pt,17,120
4_2385,18697,pt,17,120
4_2391,7244,pt,17,120
4_2399,15062,pt,17,120
4_2405,11554,pt,17,120
4_2408,5319,pt,17,120
4_2412,327,pt,17,120
4_2417,17666,pt,17,120
50_1598,506,pt,17,120
50_1599,8103,pt,17,120
50_1600,18757,pt,17,120
50_1606,13721,pt,17,120
50_1609,4620,pt,17,120
50_1619,19295,pt,17,120
50_1621,826,pt,17,120
50_1635,19605,pt,17,120
50_1636,12379,pt,17,120
50_1637,394,pt,17,120
50_1639,2873,pt,17,120
50_1640,190,pt,17,120
50_1645,7939,pt,17,120
50_1653,10,pt,17,120
50_1654,4580,pt,17,120
50_1673,6151,pt,17,120
50_1683,1105,pt,17,120
50_1684,3900,pt,17,120
50_1689,993,pt,17,120
50_1695,16487,pt,17,120
50_1703,718,pt,17,120
50_1706,25397,pt,17,120
50_1711,227,pt,17,120
50_1717,1039,pt,17,120
50_1726,4,pt,17,120
50_1729,17368,pt,17,120
50_1735,383,pt,17,120
50_1737,292,pt,17,120
50_1747,15820,pt,17,120
50_1749,531,pt,17,120
50_1751,18718,pt,17,120
50_1754,10691,pt,17,120
50_1756,844,pt,17,120
50_1762,13826,pt,17,120
50_1765,23370,pt,17,120
50_1784,16,pt,17,120
5_2439,9,pt,17,120
5_2441,1029,pt,17,120
5_2463,371,pt,17,120
5_2467,19484,pt,17,120
5_2477,3354,pt,17,120
5_2478,435,pt,17,120
5_2482,66,pt,17,120
5_2490,1582,pt,17,120
5_2499,171,pt,17,120
5_2513,14304,pt,17,120
5_2523,287,pt,17,120
5_2530,9226,pt,17,120
5_2539,45,pt,17,120
5_2541,11203,pt,17,120
5_2548,2314,pt,17,120
5_2554,10004,pt,17,120
5_2555,22,pt,17,120
5_2556,3706,pt,17,120
5_2560,31,pt,17,120
5_2563,305,pt,17,120
5_2564,6466,pt,17,120
5_2566,45,pt,17,120
5_2568,2137,pt,17,120
5_2571,6572,pt,17,120
5_2585,20187,pt,17,120
5_2592,8623,pt,17,120
5_2598,2313,pt,17,120
5_2599,12253,pt,17,120
6_2612,10145,pt,17,120
6_2624,5152,pt,17,120
6_2628,105,pt,17,120
6_2640,25927,pt,17,120
6_2647,479,pt,17,120
6_2652,9733,pt,17,120
6_2654,11743,pt,17,120
6_2660,16,pt,17,120
6_2664,59,pt,17,120
6_2668,22408,pt,17,120
6_2672,11776,pt,17,120
6_2678,5257,pt,17,120
6_2690,14558,pt,17,120
6_2702,382,pt,17,120
6_2706,10853,pt,17,120
6_2707,17057,pt,17,120
6_2722,19221,pt,17,120
6_2733,69,pt,17,120
6_2739,22608,pt,17,120
6_2743,10,pt,17,120
6_2749,4371,pt,17,120
6_2755,2820,pt,17,120
6_2760,9742,pt,17,120
6_2780,9848,pt,17,120
6_2781,6657,pt,17,120
7_2790,64,pt,17,120
7_2795,1,pt,17,120
7_2798,717,pt,17,120
7_2800,12,pt,17,120
7_2813,21638,pt,17,120
7_2815,26,pt,17,120
7_2842,11658,pt,17,120
7_2844,85,pt,17,120
7_2845,3779,pt,17,120
7_2852,12388,pt,17,120
7_2856,20142,pt,17,120
7_2857,19346,pt,17,120
7_2858,2522,pt,17,120
7_2869,14853,pt,17,120
7_2890,3,pt,17,120
7_2903,3886,pt,17,120
7_2906,9549,pt,17,120
7_2914,14022,pt,17,120
7_2921,1035,pt,17,120
7_2922,13371,pt,17,120
7_2929,24262,pt,17,120
7_2934,6928,pt,17,120
7_2936,21458,pt,17,120
7_2938,18354,pt,17,120
7_2945,4533,pt,17,120
7_2947,13387,pt,17,120
7_2949,16651,pt,17,120
7_2958,1406,pt,17,120
7_2963,6500,pt,17,120
7_2976,2425,pt,17,120
48_1339,0,pt,17,120
2_1984,0,pt,17,120
14_3687,0,pt,17,120
48_1271,0,pt,17,120
46_0832,0,pt,17,120
13_3572,0,pt,17,120
3_2099,0,pt,17,120
6_2728,0,pt,17,120
7_2833,0,pt,17,120
49_1572,0,pt,17,120
49_1533,0,pt,17,120
46_0971,0,pt,17,120
7_2925,0,pt,17,120
6_2609,0,pt,17,120
49_1571,0,pt,17,120
10_3011,0,pt,17,120
48_1270,0,pt,17,120
3_2216,0,pt,17,120
6_2657,0,pt,17,120
49_1454,0,pt,17,120
12_3269,0,pt,17,120
3_2072,0,pt,17,120
49_1578,0,pt,17,120
13_3464,0,pt,17,120
6_2658,0,pt,17,120
42_0369,0,pt,17,120
42_0397,0,pt,17,120
7_2837,0,pt,17,120
42_0586,0,pt,17,120
42_0316,0,pt,17,120
10_2988,0,pt,17,120
45_624,0,pt,17,120
2_2008,0,pt,17,120
6_2623,0,pt,17,120
47_1073,0,pt,17,120
42_0563,0,pt,17,120
3_2105,0,pt,17,120
48_1236,0,pt,17,120
3_2025,0,pt,17,120
6_2708,0,pt,17,120
16_3962,0,pt,17,120
16_4056,0,pt,17,120
10_3135,0,pt,17,120
42_0085,0,pt,17,120
7_2944,0,pt,17,120
16_4012,0,pt,17,120
50_1612,0,pt,17,120
6_2713,0,pt,17,120
12_3222,0,pt,17,120
16_4023,0,pt,17,120
48_1316,0,pt,17,120
13_3400,0,pt,17,120
50_1658,0,pt,17,120
48_1243,0,pt,17,120
42_0376,0,pt,17,120
3_2115,0,pt,17,120
2_1941,0,pt,17,120
42_0443,0,pt,17,120
6_2673,0,pt,17,120
46_0876,0,pt,17,120
12_3310,0,pt,17,120
3_2150,0,pt,17,120
5_2542,0,pt,17,120
42_0480,0,pt,17,120
46_0885,0,pt,17,120
47_1179,0,pt,17,120
5_2451,0,pt,17,120
48_1248,0,pt,17,120
42_0331,0,pt,17,120
14_3616,0,pt,17,120
47_1080,0,pt,17,120
12_3231,0,pt,17,120
45_755,0,pt,17,120
7_2960,0,pt,17,120
45_721,0,pt,17,120
14_3594,0,pt,17,120
49_1570,0,pt,17,120
4_2259,0,pt,17,120
47_1032,0,pt,17,120
42_0554,0,pt,17,120
16_4029,0,pt,17,120
3_2097,0,pt,17,120
16_4018,0,pt,17,120
50_1785,0,pt,17,120
42_0460,0,pt,17,120
16_3756,0,pt,17,120
47_1185,0,pt,17,120
49_1521,0,pt,17,120
12_3370,0,pt,17,120
12_3371,0,pt,17,120
49_1474,0,pt,17,120
5_2474,0,pt,17,120
48_1225,0,pt,17,120
49_1506,0,pt,17,120
49_1512,0,pt,17,120
6_2771,0,pt,17,120
42_0125,0,pt,17,120
10_3137,0,pt,17,120
4_2409,0,pt,17,120
7_2792,0,pt,17,120
48_1206,0,pt,17,120
4_2306,0,pt,17,120
4_2316,0,pt,17,120
14_3662,0,pt,17,120
48_1301,0,pt,17,120
42_0296,0,pt,17,120
4_2374,0,pt,17,120
45_702,0,pt,17,120
48_1215,0,pt,17,120
4_2403,0,pt,17,120
10_3121,0,pt,17,120
50_1780,0,pt,17,120
14_3649,0,pt,17,120
13_3575,0,pt,17,120
49_1576,0,pt,17,120
4_2318,0,pt,17,120
10_3130,0,pt,17,120
7_2900,0,pt,17,120
16_4035,0,pt,17,120
5_2572,0,pt,17,120
16_3968,0,pt,17,120
10_3033,0,pt,17,120
42_0245,0,pt,17,120
45_606,0,pt,17,120
49_1482,0,pt,17,120
16_3957,0,pt,17,120
42_0320,0,pt,17,120
50_1672,0,pt,17,120
10_3084,0,pt,17,120
2_1969,0,pt,17,120
2_1950,0,pt,17,120
10_3059,0,pt,17,120
48_1342,0,pt,17,120
49_1480,0,pt,17,120
46_0797,0,pt,17,120
6_2683,0,pt,17,120
48_1265,0,pt,17,120
45_633,0,pt,17,120
42_0414,0,pt,17,120
6_2637,0,pt,17,120
4_2233,0,pt,17,120
7_2817,0,pt,17,120
16_3895,0,pt,17,120
5_2500,0,pt,17,120
12_3349,0,pt,17,120
16_3873,0,pt,17,120
46_0828,0,pt,17,120
7_2954,0,pt,17,120
42_0428,0,pt,17,120
46_0848,0,pt,17,120
42_0262,0,pt,17,120
42_0375,0,pt,17,120
4_2329,0,pt,17,120
49_1580,0,pt,17,120
48_1252,0,pt,17,120
6_2686,0,pt,17,120
7_2910,0,pt,17,120
14_3601,0,pt,17,120
48_1253,0,pt,17,120
49_1481,0,pt,17,120
50_1771,0,pt,17,120
5_2557,0,pt,17,120
49_1405,0,pt,17,120
50_1628,0,pt,17,120
2_1915,0,pt,17,120
12_3356,0,pt,17,120
6_2602,0,pt,17,120
7_2932,0,pt,17,120
16_3988,0,pt,17,120
42_0005,0,pt,17,120
14_3617,0,pt,17,120
2_2007,0,pt,17,120
47_1060,0,pt,17,120
10_3067,0,pt,17,120
6_2741,0,pt,17,120
42_0217,0,pt,17,120
48_1352,0,pt,17,120
2_1789,0,pt,17,120
2_1953,0,pt,17,120
6_2645,0,pt,17,120
50_1651,0,pt,17,120
48_1380,0,pt,17,120
45_635,0,pt,17,120
42_0302,0,pt,17,120
49_1452,0,pt,17,120
48_1212,0,pt,17,120
5_2429,0,pt,17,120
7_2971,0,pt,17,120
3_2038,0,pt,17,120
12_3301,0,pt,17,120
14_3623,0,pt,17,120
49_1470,0,pt,17,120
4_2231,0,pt,17,120
4_2344,0,pt,17,120
12_3194,0,pt,17,120
5_2544,0,pt,17,120
42_0417,0,pt,17,120
47_1172,0,pt,17,120
3_2053,0,pt,17,120
4_2257,0,pt,17,120
4_2284,0,pt,17,120
42_0307,0,pt,17,120
10_3143,0,pt,17,120
6_2622,0,pt,17,120
12_3283,0,pt,17,120
42_0086,0,pt,17,120
45_682,0,pt,17,120
16_3824,0,pt,17,120
13_3534,0,pt,17,120
42_0051,0,pt,17,120
3_2050,0,pt,17,120
49_1562,0,pt,17,120
42_0579,0,pt,17,120
45_609,0,pt,17,120
47_1120,0,pt,17,120
2_2016,0,pt,17,120
13_3583,0,pt,17,120
5_2577,0,pt,17,120
42_0541,0,pt,17,120
16_3877,0,pt,17,120
3_2028,0,pt,17,120
6_2748,0,pt,17,120
7_2902,0,pt,17,120
42_0576,0,pt,17,120
7_2850,0,pt,17,120
45_671,0,pt,17,120
42_0089,0,pt,17,120
2_2004,0,pt,17,120
49_1387,0,pt,17,120
10_3120,0,pt,17,120
14_3611,0,pt,17,120
49_1422,0,pt,17,120
4_2406,0,pt,17,120
45_756,0,pt,17,120
45_659,0,pt,17,120
12_3291,0,pt,17,120
5_2582,0,pt,17,120
12_3233,0,pt,17,120
50_1620,0,pt,17,120
42_0282,0,pt,17,120
16_3811,0,pt,17,120
46_0911,0,pt,17,120
7_2818,0,pt,17,120
4_2234,0,pt,17,120
10_3116,0,pt,17,120
2_1821,0,pt,17,120
2_1829,0,pt,17,120
16_3802,0,pt,17,120
42_0301,0,pt,17,120
46_0854,0,pt,17,120
12_3316,0,pt,17,120
48_1241,0,pt,17,120
48_1371,0,pt,17,120
10_3092,0,pt,17,120
45_661,0,pt,17,120
10_3026,0,pt,17,120
2_1919,0,pt,17,120
4_2289,0,pt,17,120
10_3118,0,pt,17,120
42_0013,0,pt,17,120
5_2430,0,pt,17,120
6_2773,0,pt,17,120
42_0117,0,pt,17,120
10_3163,0,pt,17,120
48_1324,0,pt,17,120
10_3097,0,pt,17,120
14_3659,0,pt,17,120
6_2757,0,pt,17,120
10_2996,0,pt,17,120
4_2322,0,pt,17,120
45_731,0,pt,17,120
14_3663,0,pt,17,120
16_4036,0,pt,17,120
48_1335,0,pt,17,120
46_0982,0,pt,17,120
7_2796,0,pt,17,120
16_3951,0,pt,17,120
48_1365,0,pt,17,120
14_3672,0,pt,17,120
5_2447,0,pt,17,120
2_1995,0,pt,17,120
49_1539,0,pt,17,120
7_2940,0,pt,17,120
46_0934,0,pt,17,120
10_3032,0,pt,17,120
42_0141,0,pt,17,120
48_1383,0,pt,17,120
6_2740,0,pt,17,120
3_2043,0,pt,17,120
49_1526,0,pt,17,120
12_3213,0,pt,17,120
10_3030,0,pt,17,120
42_0040,0,pt,17,120
45_622,0,pt,17,120
48_1306,0,pt,17,120
42_0204,0,pt,17,120
42_0243,0,pt,17,120
42_0449,0,pt,17,120
16_3808,0,pt,17,120
45_733,0,pt,17,120
5_2498,0,pt,17,120
42_0539,0,pt,17,120
6_2776,0,pt,17,120
47_1055,0,pt,17,120
10_3168,0,pt,17,120
42_0363,0,pt,17,120
16_3901,0,pt,17,120
50_1781,0,pt,17,120
2_1983,0,pt,17,120
46_0862,0,pt,17,120
13_3423,0,pt,17,120
50_1764,0,pt,17,120
45_608,0,pt,17,120
49_1467,0,pt,17,120
49_1550,0,pt,17,120
7_2827,0,pt,17,120
42_0525,0,pt,17,120
4_2311,0,pt,17,120
7_2891,0,pt,17,120
45_596,0,pt,17,120
47_1136,0,pt,17,120
42_0472,0,pt,17,120
49_1518,0,pt,17,120
12_3328,0,pt,17,120
6_2784,0,pt,17,120
14_3688,0,pt,17,120
50_1659,0,pt,17,120
4_2363,0,pt,17,120
42_0580,0,pt,17,120
47_1154,0,pt,17,120
2_1856,0,pt,17,120
13_3573,0,pt,17,120
3_2034,0,pt,17,120
48_1381,0,pt,17,120
4_2268,0,pt,17,120
42_0160,0,pt,17,120
42_0560,0,pt,17,120
10_3000,0,pt,17,120
42_0038,0,pt,17,120
2_1947,0,pt,17,120
2_1843,0,pt,17,120
5_2466,0,pt,17,120
16_4104,0,pt,17,120
48_1266,0,pt,17,120
42_0445,0,pt,17,120
14_3608,0,pt,17,120
13_3525,0,pt,17,120
16_3822,0,pt,17,120
16_3967,0,pt,17,120
50_1768,0,pt,17,120
5_2433,0,pt,17,120
12_3274,0,pt,17,120
49_1585,0,pt,17,120
6_2783,0,pt,17,120
6_2694,0,pt,17,120
3_2049,0,pt,17,120
14_3596,0,pt,17,120
6_2625,0,pt,17,120
49_1431,0,pt,17,120
10_3025,0,pt,17,120
16_4089,0,pt,17,120
42_0406,0,pt,17,120
46_0875,0,pt,17,120
42_0458,0,pt,17,120
49_1535,0,pt,17,120
16_4082,0,pt,17,120
49_1469,0,pt,17,120
6_2723,0,pt,17,120
42_0515,0,pt,17,120
48_1350,0,pt,17,120
6_2747,0,pt,17,120
4_2263,0,pt,17,120
50_1588,0,pt,17,120
49_1492,0,pt,17,120
45_618,0,pt,17,120
7_2865,0,pt,17,120
42_0513,0,pt,17,120
10_3077,0,pt,17,120
42_0401,0,pt,17,120
46_0799,0,pt,17,120
46_0795,0,pt,17,120
45_669,0,pt,17,120
6_2689,0,pt,17,120
16_3996,0,pt,17,120
45_761,0,pt,17,120
10_3158,0,pt,17,120
10_3174,0,pt,17,120
42_0046,0,pt,17,120
12_3263,0,pt,17,120
46_0907,0,pt,17,120
4_2240,0,pt,17,120
49_1509,0,pt,17,120
42_0240,0,pt,17,120
4_2358,0,pt,17,120
16_3940,0,pt,17,120
46_0950,0,pt,17,120
5_2583,0,pt,17,120
50_1722,0,pt,17,120
2_1988,0,pt,17,120
45_749,0,pt,17,120
16_4112,0,pt,17,120
46_0956,0,pt,17,120
42_0404,0,pt,17,120
14_3719,0,pt,17,120
45_675,0,pt,17,120
48_1208,0,pt,17,120
49_1396,0,pt,17,120
5_2534,0,pt,17,120
42_0137,0,pt,17,120
46_0877,0,pt,17,120
46_0939,0,pt,17,120
16_4107,0,pt,17,120
48_1294,0,pt,17,120
16_3832,0,pt,17,120
42_0180,0,pt,17,120
7_2915,0,pt,17,120
14_3609,0,pt,17,120
6_2684,0,pt,17,120
48_1204,0,pt,17,120
50_1772,0,pt,17,120
49_1546,0,pt,17,120
16_4079,0,pt,17,120
48_1258,0,pt,17,120
46_0791,0,pt,17,120
10_3091,0,pt,17,120
6_2604,0,pt,17,120
47_1083,0,pt,17,120
42_0158,0,pt,17,120
3_2142,0,pt,17,120
3_2143,0,pt,17,120
16_3980,0,pt,17,120
48_1280,0,pt,17,120
42_0275,0,pt,17,120
3_2039,0,pt,17,120
47_1017,0,pt,17,120
10_3124,0,pt,17,120
45_648,0,pt,17,120
45_652,0,pt,17,120
50_1731,0,pt,17,120
49_1404,0,pt,17,120
42_0294,0,pt,17,120
42_0322,0,pt,17,120
42_0339,0,pt,17,120
7_2939,0,pt,17,120
13_3545,0,pt,17,120
6_2769,0,pt,17,120
16_3888,0,pt,17,120
49_1409,0,pt,17,120
16_3854,0,pt,17,120
5_2601,0,pt,17,120
12_3388,0,pt,17,120
3_2125,0,pt,17,120
47_1100,0,pt,17,120
12_3364,0,pt,17,120
47_1129,0,pt,17,120
6_2736,0,pt,17,120
5_2435,0,pt,17,120
16_3917,0,pt,17,120
10_3073,0,pt,17,120
14_3621,0,pt,17,120
5_2581,0,pt,17,120
50_1604,0,pt,17,120
10_3095,0,pt,17,120
6_2633,0,pt,17,120
50_1644,0,pt,17,120
50_1655,0,pt,17,120
6_2646,0,pt,17,120
48_1198,0,pt,17,120
48_1368,0,pt,17,120
5_2449,0,pt,17,120
10_3107,0,pt,17,120
12_3357,0,pt,17,120
16_3796,0,pt,17,120
4_2310,0,pt,17,120
50_1674,0,pt,17,120
50_1602,0,pt,17,120
47_1081,0,pt,17,120
16_3867,0,pt,17,120
4_2360,0,pt,17,120
47_1039,0,pt,17,120
3_2212,0,pt,17,120
14_3635,0,pt,17,120
47_1068,0,pt,17,120
50_1723,0,pt,17,120
47_1030,0,pt,17,120
7_2887,0,pt,17,120
12_3205,0,pt,17,120
4_2232,0,pt,17,120
16_3985,0,pt,17,120
42_0549,0,pt,17,120
45_767,0,pt,17,120
6_2634,0,pt,17,120
47_1114,0,pt,17,120
16_3830,0,pt,17,120
48_1255,0,pt,17,120
7_2864,0,pt,17,120
46_0798,0,pt,17,120
46_0838,0,pt,17,120
5_2434,0,pt,17,120
49_1541,0,pt,17,120
7_2822,0,pt,17,120
16_3936,0,pt,17,120
7_2841,0,pt,17,120
42_0425,0,pt,17,120
2_1974,0,pt,17,120
42_0395,0,pt,17,120
3_2062,0,pt,17,120
50_1596,0,pt,17,120
50_1776,0,pt,17,120
5_2595,0,pt,17,120
2_1934,0,pt,17,120
14_3610,0,pt,17,120
45_709,0,pt,17,120
42_0470,0,pt,17,120
45_701,0,pt,17,120
42_0159,0,pt,17,120
42_0075,0,pt,17,120
6_2762,0,pt,17,120
48_1268,0,pt,17,120
50_1727,0,pt,17,120
16_3963,0,pt,17,120
10_3023,0,pt,17,120
42_0032,0,pt,17,120
5_2519,0,pt,17,120
13_3479,0,pt,17,120
14_3694,0,pt,17,120
42_0373,0,pt,17,120
42_0094,0,pt,17,120
6_2685,0,pt,17,120
50_1625,0,pt,17,120
49_1520,0,pt,17,120
49_1440,0,pt,17,120
7_2835,0,pt,17,120
2_1985,0,pt,17,120
4_2325,0,pt,17,120
2_1918,0,pt,17,120
2_1938,0,pt,17,120
6_2710,0,pt,17,120
7_2878,0,pt,17,120
47_1171,0,pt,17,120
46_0970,0,pt,17,120
42_0528,0,pt,17,120
42_0353,0,pt,17,120
6_2700,0,pt,17,120
46_0790,0,pt,17,120
50_1687,0,pt,17,120
3_2121,0,pt,17,120
5_2510,0,pt,17,120
12_3219,0,pt,17,120
10_3057,0,pt,17,120
7_2946,0,pt,17,120
46_0977,0,pt,17,120
50_1627,0,pt,17,120
42_0009,0,pt,17,120
12_3286,0,pt,17,120
16_3935,0,pt,17,120
7_2791,0,pt,17,120
45_678,0,pt,17,120
2_1882,0,pt,17,120
48_1232,0,pt,17,120
42_0184,0,pt,17,120
46_0909,0,pt,17,120
49_1462,0,pt,17,120
42_0104,0,pt,17,120
50_1753,0,pt,17,120
42_0042,0,pt,17,120
49_1484,0,pt,17,120
50_1746,0,pt,17,120
42_0379,0,pt,17,120
13_3458,0,pt,17,120
49_1487,0,pt,17,120
42_0037,0,pt,17,120
7_2868,0,pt,17,120
13_3440,0,pt,17,120
48_1216,0,pt,17,120
42_0330,0,pt,17,120
5_2540,0,pt,17,120
4_2392,0,pt,17,120
3_2206,0,pt,17,120
47_1173,0,pt,17,120
13_3528,0,pt,17,120
4_2394,0,pt,17,120
42_0358,0,pt,17,120
42_0464,0,pt,17,120
3_2082,0,pt,17,120
6_2726,0,pt,17,120
16_3943,0,pt,17,120
49_1536,0,pt,17,120
46_0842,0,pt,17,120
16_3939,0,pt,17,120
4_2388,0,pt,17,120
13_3570,0,pt,17,120
42_0252,0,pt,17,120
49_1508,0,pt,17,120
42_0426,0,pt,17,120
2_1849,0,pt,17,120
7_2898,0,pt,17,120
3_2191,0,pt,17,120
45_769,0,pt,17,120
42_0061,0,pt,17,120
7_2848,0,pt,17,120
12_3201,0,pt,17,120
7_2948,0,pt,17,120
10_2992,0,pt,17,120
50_1633,0,pt,17,120
42_0446,0,pt,17,120
42_0453,0,pt,17,120
16_3751,0,pt,17,120
3_2065,0,pt,17,120
5_2486,0,pt,17,120
49_1575,0,pt,17,120
7_2838,0,pt,17,120
3_2116,0,pt,17,120
50_1608,0,pt,17,120
50_1671,0,pt,17,120
5_2464,0,pt,17,120
16_4070,0,pt,17,120
50_1777,0,pt,17,120
42_0521,0,pt,17,120
42_0138,0,pt,17,120
2_1839,0,pt,17,120
5_2421,0,pt,17,120
12_3312,0,pt,17,120
16_3836,0,pt,17,120
45_747,0,pt,17,120
7_2967,0,pt,17,120
13_3435,0,pt,17,120
6_2720,0,pt,17,120
47_1061,0,pt,17,120
13_3500,0,pt,17,120
46_0834,0,pt,17,120
49_1577,0,pt,17,120
10_3162,0,pt,17,120
10_3058,0,pt,17,120
12_3255,0,pt,17,120
42_0452,0,pt,17,120
42_0231,0,pt,17,120
46_0917,0,pt,17,120
12_3295,0,pt,17,120
47_1011,0,pt,17,120
48_1196,0,pt,17,120
7_2917,0,pt,17,120
42_0025,0,pt,17,120
47_1048,0,pt,17,120
4_2274,0,pt,17,120
47_1082,0,pt,17,120
2_1860,0,pt,17,120
10_3082,0,pt,17,120
6_2687,0,pt,17,120
42_0444,0,pt,17,120
12_3322,0,pt,17,120
14_3606,0,pt,17,120
47_1194,0,pt,17,120
42_0381,0,pt,17,120
6_2682,0,pt,17,120
45_666,0,pt,17,120
12_3337,0,pt,17,120
3_2128,0,pt,17,120
48_1281,0,pt,17,120
45_613,0,pt,17,120
46_0981,0,pt,17,120
42_0157,0,pt,17,120
42_0345,0,pt,17,120
12_3298,0,pt,17,120
10_3131,0,pt,17,120
12_3326,0,pt,17,120
16_3840,0,pt,17,120
42_0493,0,pt,17,120
13_3469,0,pt,17,120
4_2357,0,pt,17,120
7_2961,0,pt,17,120
3_2201,0,pt,17,120
4_2387,0,pt,17,120
13_3509,0,pt,17,120
49_1493,0,pt,17,120
10_3117,0,pt,17,120
12_3191,0,pt,17,120
42_0413,0,pt,17,120
7_2862,0,pt,17,120
42_0056,0,pt,17,120
46_1005,0,pt,17,120
49_1530,0,pt,17,120
16_3849,0,pt,17,120
13_3515,0,pt,17,120
7_2883,0,pt,17,120
14_3613,0,pt,17,120
49_1574,0,pt,17,120
16_4101,0,pt,17,120
2_1832,0,pt,17,120
2_1920,0,pt,17,120
5_2569,0,pt,17,120
5_2538,0,pt,17,120
47_1020,0,pt,17,120
2_1912,0,pt,17,120
48_1264,0,pt,17,120
45_757,0,pt,17,120
4_2279,0,pt,17,120
10_2995,0,pt,17,120
10_3074,0,pt,17,120
46_0872,0,pt,17,120
42_0004,0,pt,17,120
4_2400,0,pt,17,120
16_4093,0,pt,17,120
49_1475,0,pt,17,120
47_1028,0,pt,17,120
49_1551,0,pt,17,120
45_698,0,pt,17,120
47_1031,0,pt,17,120
42_0218,0,pt,17,120
46_0943,0,pt,17,120
47_1018,0,pt,17,120
14_3702,0,pt,17,120
50_1714,0,pt,17,120
42_0518,0,pt,17,120
47_1026,0,pt,17,120
45_672,0,pt,17,120
48_1228,0,pt,17,120
6_2679,0,pt,17,120
10_3138,0,pt,17,120
42_0280,0,pt,17,120
6_2754,0,pt,17,120
47_1038,0,pt,17,120
6_2671,0,pt,17,120
5_2587,0,pt,17,120
46_0959,0,pt,17,120
42_0324,0,pt,17,120
42_0343,0,pt,17,120
16_4004,0,pt,17,120
5_2596,0,pt,17,120
6_2608,0,pt,17,120
47_1188,0,pt,17,120
16_3852,0,pt,17,120
7_2867,0,pt,17,120
2_1998,0,pt,17,120
42_0043,0,pt,17,120
42_0561,0,pt,17,120
49_1417,0,pt,17,120
3_2193,0,pt,17,120
49_1567,0,pt,17,120
5_2496,0,pt,17,120
3_2110,0,pt,17,120
2_1929,0,pt,17,120
6_2699,0,pt,17,120
46_0792,0,pt,17,120
48_1314,0,pt,17,120
6_2772,0,pt,17,120
42_0150,0,pt,17,120
16_3876,0,pt,17,120
42_0372,0,pt,17,120
10_3035,0,pt,17,120
46_0821,0,pt,17,120
48_1319,0,pt,17,120
12_3382,0,pt,17,120
47_1176,0,pt,17,120
45_703,0,pt,17,120
10_2981,0,pt,17,120
12_3281,0,pt,17,120
13_3524,0,pt,17,120
48_1235,0,pt,17,120
4_2368,0,pt,17,120
48_1361,0,pt,17,120
42_0007,0,pt,17,120
3_2042,0,pt,17,120
5_2428,0,pt,17,120
49_1489,0,pt,17,120
2_1900,0,pt,17,120
5_2473,0,pt,17,120
49_1544,0,pt,17,120
14_3677,0,pt,17,120
16_3921,0,pt,17,120
10_3036,0,pt,17,120
45_680,0,pt,17,120
48_1201,0,pt,17,120
5_2594,0,pt,17,120
42_0318,0,pt,17,120
2_1813,0,pt,17,120
50_1607,0,pt,17,120
48_1333,0,pt,17,120
42_0367,0,pt,17,120
13_3550,0,pt,17,120
42_0169,0,pt,17,120
10_2980,10807,pt,18,90
10_3003,137,pt,18,90
10_3014,3953,pt,18,90
10_3018,242,pt,18,90
10_3034,13510,pt,18,90
10_3038,214,pt,18,90
10_3040,980,pt,18,90
10_3047,2518,pt,18,90
10_3055,2102,pt,18,90
10_3065,717,pt,18,90
10_3078,395,pt,18,90
10_3102,17761,pt,18,90
10_3109,1389,pt,18,90
10_3112,931,pt,18,90
10_3125,11844,pt,18,90
10_3145,662,pt,18,90
10_3147,16,pt,18,90
10_3148,8459,pt,18,90
10_3170,276,pt,18,90
10_3173,13827,pt,18,90
10_3178,6877,pt,18,90
10_3179,29,pt,18,90
10_3181,3554,pt,18,90
10_3185,347,pt,18,90
10_3186,160,pt,18,90
12_3142,6258,pt,18,90
12_3212,760,pt,18,90
12_3221,343,pt,18,90
12_3234,3043,pt,18,90
12_3273,2675,pt,18,90
12_3293,109,pt,18,90
12_3303,3148,pt,18,90
12_3311,9762,pt,18,90
12_3336,21,pt,18,90
12_3342,6,pt,18,90
12_3353,8762,pt,18,90
12_3355,76,pt,18,90
12_3358,1198,pt,18,90
12_3359,7309,pt,18,90
12_3362,4375,pt,18,90
12_3363,12797,pt,18,90
12_3365,13,pt,18,90
12_3391,4040,pt,18,90
13_3399,3469,pt,18,90
13_3409,59,pt,18,90
13_3417,3877,pt,18,90
13_3424,88,pt,18,90
13_3429,16037,pt,18,90
13_3431,253,pt,18,90
13_3433,539,pt,18,90
13_3438,2363,pt,18,90
13_3441,848,pt,18,90
13_3456,100,pt,18,90
13_3457,310,pt,18,90
13_3472,437,pt,18,90
13_3476,736,pt,18,90
13_3492,9129,pt,18,90
13_3520,335,pt,18,90
13_3539,686,pt,18,90
13_3548,204,pt,18,90
13_3590,122,pt,18,90
14_3612,18,pt,18,90
14_3618,16593,pt,18,90
14_3619,441,pt,18,90
14_3622,5621,pt,18,90
14_3624,14362,pt,18,90
14_3627,494,pt,18,90
14_3628,282,pt,18,90
14_3630,1517,pt,18,90
14_3631,948,pt,18,90
14_3633,4524,pt,18,90
14_3639,6695,pt,18,90
14_3657,2131,pt,18,90
14_3660,2229,pt,18,90
14_3673,118,pt,18,90
14_3674,93,pt,18,90
14_3675,178,pt,18,90
14_3676,359,pt,18,90
14_3692,16954,pt,18,90
14_3695,10545,pt,18,90
14_3712,185,pt,18,90
14_3713,2783,pt,18,90
14_3720,820,pt,18,90
14_3724,2483,pt,18,90
14_3729,5385,pt,18,90
14_3735,6298,pt,18,90
14_3739,199,pt,18,90
14_3741,109,pt,18,90
14_3746,627,pt,18,90
16_3753,12290,pt,18,90
16_3793,2911,pt,18,90
16_3794,7454,pt,18,90
16_3797,18898,pt,18,90
16_3803,569,pt,18,90
16_3807,615,pt,18,90
16_3820,10634,pt,18,90
16_3823,7,pt,18,90
16_3828,16560,pt,18,90
16_3829,1266,pt,18,90
16_3835,5802,pt,18,90
16_3841,5763,pt,18,90
16_3842,7595,pt,18,90
16_3846,2300,pt,18,90
16_3851,82,pt,18,90
16_3856,307,pt,18,90
16_3862,10605,pt,18,90
16_3868,19,pt,18,90
16_3881,1893,pt,18,90
16_3887,343,pt,18,90
16_3891,2,pt,18,90
16_3892,150,pt,18,90
16_3893,809,pt,18,90
16_3894,935,pt,18,90
16_3900,180,pt,18,90
16_3906,8132,pt,18,90
16_3915,4406,pt,18,90
16_3918,398,pt,18,90
16_3919,3435,pt,18,90
16_3922,5188,pt,18,90
16_3924,7,pt,18,90
16_3927,222,pt,18,90
16_3934,15463,pt,18,90
16_3946,298,pt,18,90
16_3947,54,pt,18,90
16_3949,1808,pt,18,90
16_3954,631,pt,18,90
16_3961,2797,pt,18,90
16_3969,6913,pt,18,90
16_3970,772,pt,18,90
16_3971,19917,pt,18,90
16_3976,2252,pt,18,90
16_3983,3471,pt,18,90
16_3987,4789,pt,18,90
16_3997,1,pt,18,90
16_4000,57,pt,18,90
16_4006,4,pt,18,90
16_4007,426,pt,18,90
16_4008,145,pt,18,90
16_4020,52,pt,18,90
16_4021,582,pt,18,90
16_4024,669,pt,18,90
16_4032,8643,pt,18,90
16_4033,19756,pt,18,90
16_4034,14974,pt,18,90
16_4037,591,pt,18,90
16_4039,3428,pt,18,90
16_4041,3194,pt,18,90
16_4046,1510,pt,18,90
16_4057,7,pt,18,90
16_4059,8794,pt,18,90
16_4060,460,pt,18,90
16_4069,4,pt,18,90
16_4074,92,pt,18,90
16_4088,3127,pt,18,90
16_4091,698,pt,18,90
16_4099,18936,pt,18,90
16_4109,8568,pt,18,90
16_4110,5,pt,18,90
16_4111,192,pt,18,90
2_1800,1122,pt,18,90
2_1804,9894,pt,18,90
2_1806,2898,pt,18,90
2_1810,26,pt,18,90
2_1817,89,pt,18,90
2_1823,58,pt,18,90
2_1824,189,pt,18,90
2_1828,3026,pt,18,90
2_1830,677,pt,18,90
2_1851,75,pt,18,90
2_1854,2591,pt,18,90
2_1858,6180,pt,18,90
2_1864,128,pt,18,90
2_1875,3,pt,18,90
2_1881,392,pt,18,90
2_1890,641,pt,18,90
2_1893,765,pt,18,90
2_1895,174,pt,18,90
2_1901,419,pt,18,90
2_1902,2196,pt,18,90
2_1903,2018,pt,18,90
2_1911,146,pt,18,90
2_1925,3584,pt,18,90
2_1932,9579,pt,18,90
2_1939,8764,pt,18,90
2_1949,2675,pt,18,90
2_1958,118,pt,18,90
2_1959,14279,pt,18,90
2_1960,430,pt,18,90
2_1973,34,pt,18,90
2_1975,1225,pt,18,90
2_1979,10899,pt,18,90
2_1981,1918,pt,18,90
2_1992,3495,pt,18,90
2_2001,710,pt,18,90
2_2006,862,pt,18,90
2_2012,10859,pt,18,90
2_2018,366,pt,18,90
3_2035,650,pt,18,90
3_2041,10173,pt,18,90
3_2055,268,pt,18,90
3_2057,1246,pt,18,90
3_2058,45,pt,18,90
3_2061,962,pt,18,90
3_2063,17660,pt,18,90
3_2064,243,pt,18,90
3_2066,18075,pt,18,90
3_2092,8882,pt,18,90
3_2098,53,pt,18,90
3_2103,666,pt,18,90
3_2131,9,pt,18,90
3_2132,326,pt,18,90
3_2149,11217,pt,18,90
3_2167,190,pt,18,90
3_2170,2379,pt,18,90
3_2177,45,pt,18,90
3_2205,193,pt,18,90
3_2221,52,pt,18,90
3_2226,67,pt,18,90
42_0003,6248,pt,18,90
42_0015,12184,pt,18,90
42_0018,12980,pt,18,90
42_0021,335,pt,18,90
42_0030,15821,pt,18,90
42_0031,7988,pt,18,90
42_0035,19,pt,18,90
42_0054,4487,pt,18,90
42_0057,1705,pt,18,90
42_0059,7026,pt,18,90
42_0060,4407,pt,18,90
42_0067,589,pt,18,90
42_0068,108,pt,18,90
42_0073,1407,pt,18,90
42_0077,801,pt,18,90
42_0106,67,pt,18,90
42_0112,283,pt,18,90
42_0147,152,pt,18,90
42_0153,3,pt,18,90
42_0195,92,pt,18,90
42_0214,1035,pt,18,90
42_0220,589,pt,18,90
42_0233,137,pt,18,90
42_0234,95,pt,18,90
42_0235,1035,pt,18,90
42_0236,9652,pt,18,90
42_0237,1760,pt,18,90
42_0242,7165,pt,18,90
42_0246,561,pt,18,90
42_0250,7697,pt,18,90
42_0253,34,pt,18,90
42_0258,236,pt,18,90
42_0261,82,pt,18,90
42_0264,6757,pt,18,90
42_0265,666,pt,18,90
42_0273,6722,pt,18,90
42_0283,657,pt,18,90
42_0286,993,pt,18,90
42_0300,3740,pt,18,90
42_0326,21,pt,18,90
42_0350,249,pt,18,90
42_0355,139,pt,18,90
42_0356,955,pt,18,90
42_0360,209,pt,18,90
42_0370,1330,pt,18,90
42_0393,126,pt,18,90
42_0411,1142,pt,18,90
42_0419,16885,pt,18,90
42_0436,937,pt,18,90
42_0442,854,pt,18,90
42_0479,977,pt,18,90
42_0508,10730,pt,18,90
42_0529,8437,pt,18,90
42_0530,1929,pt,18,90
42_0534,4380,pt,18,90
42_0535,2,pt,18,90
42_0537,1427,pt,18,90
42_0542,3771,pt,18,90
42_0543,12806,pt,18,90
42_0551,17,pt,18,90
42_0562,1035,pt,18,90
42_0565,20,pt,18,90
42_0574,3198,pt,18,90
42_0593,10972,pt,18,90
45_611,4560,pt,18,90
45_625,23,pt,18,90
45_627,23,pt,18,90
45_632,50,pt,18,90
45_637,8135,pt,18,90
45_640,5665,pt,18,90
45_641,5105,pt,18,90
45_646,344,pt,18,90
45_649,106,pt,18,90
45_651,130,pt,18,90
45_684,100,pt,18,90
45_699,952,pt,18,90
45_717,1,pt,18,90
45_723,9,pt,18,90
45_725,135,pt,18,90
45_729,730,pt,18,90
45_751,3024,pt,18,90
45_774,626,pt,18,90
45_781,43,pt,18,90
45_782,1,pt,18,90
45_785,628,pt,18,90
45_786,2811,pt,18,90
46_0793,354,pt,18,90
46_0794,23,pt,18,90
46_0811,152,pt,18,90
46_0826,2157,pt,18,90
46_0827,18,pt,18,90
46_0836,300,pt,18,90
46_0846,298,pt,18,90
46_0856,228,pt,18,90
46_0857,15795,pt,18,90
46_0858,11051,pt,18,90
46_0861,159,pt,18,90
46_0864,70,pt,18,90
46_0869,3004,pt,18,90
46_0879,10546,pt,18,90
46_0880,354,pt,18,90
46_0883,6304,pt,18,90
46_0896,6570,pt,18,90
46_0898,3859,pt,18,90
46_0899,25,pt,18,90
46_0910,5432,pt,18,90
46_0913,44,pt,18,90
46_0930,14826,pt,18,90
46_0944,189,pt,18,90
46_0948,8191,pt,18,90
46_0966,1,pt,18,90
46_0973,3491,pt,18,90
46_0979,10320,pt,18,90
46_0991,8293,pt,18,90
46_0998,85,pt,18,90
46_1001,135,pt,18,90
46_1003,808,pt,18,90
46_1006,1663,pt,18,90
47_1010,264,pt,18,90
47_1013,16,pt,18,90
47_1021,60,pt,18,90
47_1024,191,pt,18,90
47_1027,74,pt,18,90
47_1033,293,pt,18,90
47_1034,19,pt,18,90
47_1056,3204,pt,18,90
47_1058,10,pt,18,90
47_1063,14398,pt,18,90
47_1067,249,pt,18,90
47_1069,42,pt,18,90
47_1076,59,pt,18,90
47_1094,182,pt,18,90
47_1096,276,pt,18,90
47_1109,4080,pt,18,90
47_1117,24,pt,18,90
47_1119,13838,pt,18,90
47_1133,6126,pt,18,90
47_1145,63,pt,18,90
47_1157,1744,pt,18,90
47_1158,52,pt,18,90
47_1164,992,pt,18,90
47_1165,13,pt,18,90
48_1219,267,pt,18,90
48_1221,13582,pt,18,90
48_1224,53,pt,18,90
48_1227,17164,pt,18,90
48_1242,11596,pt,18,90
48_1249,5713,pt,18,90
48_1254,9510,pt,18,90
48_1256,28,pt,18,90
48_1263,347,pt,18,90
48_1285,748,pt,18,90
48_1287,1987,pt,18,90
48_1300,120,pt,18,90
48_1310,8918,pt,18,90
48_1317,146,pt,18,90
48_1318,92,pt,18,90
48_1328,2052,pt,18,90
48_1334,7567,pt,18,90
48_1345,31,pt,18,90
48_1354,6130,pt,18,90
48_1356,1358,pt,18,90
48_1360,167,pt,18,90
48_1362,18927,pt,18,90
48_1364,1186,pt,18,90
48_1376,11,pt,18,90
48_1382,2348,pt,18,90
49_1395,9713,pt,18,90
49_1397,10320,pt,18,90
49_1416,181,pt,18,90
49_1418,8570,pt,18,90
49_1420,20,pt,18,90
49_1435,465,pt,18,90
49_1436,10,pt,18,90
49_1448,32,pt,18,90
49_1457,8151,pt,18,90
49_1458,1784,pt,18,90
49_1461,47,pt,18,90
49_1477,7617,pt,18,90
49_1488,1249,pt,18,90
49_1494,990,pt,18,90
49_1496,324,pt,18,90
49_1497,691,pt,18,90
49_1500,17424,pt,18,90
49_1514,155,pt,18,90
49_1523,2158,pt,18,90
49_1527,2009,pt,18,90
49_1534,11,pt,18,90
49_1543,2317,pt,18,90
49_1548,11750,pt,18,90
49_1556,2,pt,18,90
49_1557,405,pt,18,90
49_1559,522,pt,18,90
49_1560,2435,pt,18,90
49_1569,1015,pt,18,90
4_2261,92,pt,18,90
4_2266,168,pt,18,90
4_2269,12,pt,18,90
4_2291,8,pt,18,90
4_2303,25,pt,18,90
4_2314,28,pt,18,90
4_2359,1313,pt,18,90
4_2381,3972,pt,18,90
4_2385,3731,pt,18,90
4_2391,393,pt,18,90
4_2399,1827,pt,18,90
4_2405,960,pt,18,90
4_2417,3043,pt,18,90
50_1599,481,pt,18,90
50_1600,4860,pt,18,90
50_1606,947,pt,18,90
50_1609,359,pt,18,90
50_1619,5638,pt,18,90
50_1621,17,pt,18,90
50_1635,6628,pt,18,90
50_1636,351,pt,18,90
50_1637,77,pt,18,90
50_1645,15,pt,18,90
50_1654,125,pt,18,90
50_1673,186,pt,18,90
50_1683,81,pt,18,90
50_1695,3308,pt,18,90
50_1703,220,pt,18,90
50_1706,18967,pt,18,90
50_1717,29,pt,18,90
50_1729,2386,pt,18,90
50_1737,126,pt,18,90
50_1747,3641,pt,18,90
50_1751,2783,pt,18,90
50_1754,558,pt,18,90
50_1762,1967,pt,18,90
50_1765,13744,pt,18,90
5_2467,3177,pt,18,90
5_2477,25,pt,18,90
5_2490,17,pt,18,90
5_2499,88,pt,18,90
5_2513,1198,pt,18,90
5_2530,362,pt,18,90
5_2541,1391,pt,18,90
5_2554,1,pt,18,90
5_2566,12,pt,18,90
5_2571,175,pt,18,90
5_2585,8378,pt,18,90
5_2592,42,pt,18,90
5_2599,729,pt,18,90
6_2612,632,pt,18,90
6_2640,19236,pt,18,90
6_2647,128,pt,18,90
6_2654,223,pt,18,90
6_2664,4,pt,18,90
6_2668,11747,pt,18,90
6_2678,13,pt,18,90
6_2690,1705,pt,18,90
6_2706,109,pt,18,90
6_2707,2463,pt,18,90
6_2722,5889,pt,18,90
6_2739,12218,pt,18,90
6_2760,614,pt,18,90
6_2780,141,pt,18,90
7_2798,229,pt,18,90
7_2813,11681,pt,18,90
7_2842,1166,pt,18,90
7_2845,300,pt,18,90
7_2852,2186,pt,18,90
7_2856,7536,pt,18,90
7_2857,7168,pt,18,90
7_2869,2231,pt,18,90
7_2903,92,pt,18,90
7_2906,608,pt,18,90
7_2914,81,pt,18,90
7_2929,13348,pt,18,90
7_2936,9525,pt,18,90
7_2938,3143,pt,18,90
7_2945,332,pt,18,90
7_2947,12,pt,18,90
7_2949,110,pt,18,90
7_2963,271,pt,18,90
7_2976,100,pt,18,90
48_1339,0,pt,18,90
2_1984,0,pt,18,90
49_1425,0,pt,18,90
14_3687,0,pt,18,90
49_1501,0,pt,18,90
48_1271,0,pt,18,90
46_0832,0,pt,18,90
13_3572,0,pt,18,90
3_2099,0,pt,18,90
6_2728,0,pt,18,90
7_2833,0,pt,18,90
7_2934,0,pt,18,90
47_1101,0,pt,18,90
5_2539,0,pt,18,90
49_1572,0,pt,18,90
49_1533,0,pt,18,90
2_1965,0,pt,18,90
46_0971,0,pt,18,90
7_2925,0,pt,18,90
6_2609,0,pt,18,90
49_1571,0,pt,18,90
10_3011,0,pt,18,90
48_1270,0,pt,18,90
3_2216,0,pt,18,90
6_2657,0,pt,18,90
49_1454,0,pt,18,90
12_3269,0,pt,18,90
3_2072,0,pt,18,90
49_1578,0,pt,18,90
12_3299,0,pt,18,90
13_3464,0,pt,18,90
6_2658,0,pt,18,90
42_0369,0,pt,18,90
42_0397,0,pt,18,90
42_0342,0,pt,18,90
42_0055,0,pt,18,90
47_1088,0,pt,18,90
7_2837,0,pt,18,90
42_0586,0,pt,18,90
42_0316,0,pt,18,90
10_2988,0,pt,18,90
48_1251,0,pt,18,90
45_624,0,pt,18,90
2_2008,0,pt,18,90
7_2958,0,pt,18,90
16_3871,0,pt,18,90
6_2623,0,pt,18,90
48_1236,0,pt,18,90
47_1073,0,pt,18,90
42_0563,0,pt,18,90
3_2105,0,pt,18,90
3_2025,0,pt,18,90
6_2708,0,pt,18,90
16_3962,0,pt,18,90
16_4056,0,pt,18,90
10_3135,0,pt,18,90
42_0085,0,pt,18,90
7_2944,0,pt,18,90
16_4012,0,pt,18,90
50_1612,0,pt,18,90
6_2713,0,pt,18,90
42_0292,0,pt,18,90
12_3222,0,pt,18,90
10_2994,0,pt,18,90
16_4023,0,pt,18,90
48_1316,0,pt,18,90
13_3400,0,pt,18,90
50_1658,0,pt,18,90
48_1243,0,pt,18,90
3_2136,0,pt,18,90
42_0376,0,pt,18,90
2_1798,0,pt,18,90
3_2115,0,pt,18,90
2_1941,0,pt,18,90
42_0443,0,pt,18,90
6_2673,0,pt,18,90
16_3792,0,pt,18,90
46_0876,0,pt,18,90
12_3310,0,pt,18,90
3_2150,0,pt,18,90
12_3232,0,pt,18,90
5_2542,0,pt,18,90
42_0480,0,pt,18,90
46_0885,0,pt,18,90
47_1179,0,pt,18,90
49_1449,0,pt,18,90
4_2283,0,pt,18,90
5_2451,0,pt,18,90
16_4044,0,pt,18,90
46_0922,0,pt,18,90
48_1248,0,pt,18,90
42_0331,0,pt,18,90
14_3616,0,pt,18,90
47_1080,0,pt,18,90
48_1332,0,pt,18,90
49_1549,0,pt,18,90
12_3231,0,pt,18,90
45_755,0,pt,18,90
46_1002,0,pt,18,90
7_2960,0,pt,18,90
5_2568,0,pt,18,90
14_3594,0,pt,18,90
45_721,0,pt,18,90
49_1570,0,pt,18,90
4_2259,0,pt,18,90
47_1032,0,pt,18,90
13_3521,0,pt,18,90
42_0554,0,pt,18,90
16_4029,0,pt,18,90
3_2097,0,pt,18,90
16_4018,0,pt,18,90
4_2412,0,pt,18,90
50_1785,0,pt,18,90
42_0460,0,pt,18,90
45_658,0,pt,18,90
16_3756,0,pt,18,90
47_1185,0,pt,18,90
49_1521,0,pt,18,90
12_3370,0,pt,18,90
42_0341,0,pt,18,90
12_3371,0,pt,18,90
6_2755,0,pt,18,90
5_2474,0,pt,18,90
16_3863,0,pt,18,90
49_1506,0,pt,18,90
48_1225,0,pt,18,90
6_2771,0,pt,18,90
49_1512,0,pt,18,90
42_0125,0,pt,18,90
49_1474,0,pt,18,90
12_3296,0,pt,18,90
10_3137,0,pt,18,90
4_2409,0,pt,18,90
7_2792,0,pt,18,90
48_1206,0,pt,18,90
4_2306,0,pt,18,90
4_2316,0,pt,18,90
46_0978,0,pt,18,90
2_1924,0,pt,18,90
14_3662,0,pt,18,90
48_1301,0,pt,18,90
42_0296,0,pt,18,90
42_0348,0,pt,18,90
4_2374,0,pt,18,90
45_702,0,pt,18,90
42_0239,0,pt,18,90
48_1215,0,pt,18,90
4_2403,0,pt,18,90
10_3121,0,pt,18,90
50_1780,0,pt,18,90
14_3649,0,pt,18,90
50_1756,0,pt,18,90
13_3575,0,pt,18,90
49_1576,0,pt,18,90
4_2318,0,pt,18,90
10_3130,0,pt,18,90
45_654,0,pt,18,90
7_2900,0,pt,18,90
16_4035,0,pt,18,90
47_1112,0,pt,18,90
46_0965,0,pt,18,90
5_2572,0,pt,18,90
16_3968,0,pt,18,90
5_2463,0,pt,18,90
10_3033,0,pt,18,90
42_0245,0,pt,18,90
6_2672,0,pt,18,90
48_1273,0,pt,18,90
42_0319,0,pt,18,90
45_606,0,pt,18,90
49_1482,0,pt,18,90
50_1653,0,pt,18,90
16_3957,0,pt,18,90
3_2197,0,pt,18,90
42_0320,0,pt,18,90
7_2922,0,pt,18,90
50_1672,0,pt,18,90
42_0050,0,pt,18,90
10_3084,0,pt,18,90
2_1969,0,pt,18,90
2_1950,0,pt,18,90
10_3113,0,pt,18,90
10_3059,0,pt,18,90
48_1342,0,pt,18,90
49_1480,0,pt,18,90
46_0797,0,pt,18,90
46_0987,0,pt,18,90
6_2683,0,pt,18,90
16_3981,0,pt,18,90
48_1265,0,pt,18,90
45_633,0,pt,18,90
42_0414,0,pt,18,90
6_2637,0,pt,18,90
4_2233,0,pt,18,90
16_3937,0,pt,18,90
46_0868,0,pt,18,90
16_4061,0,pt,18,90
7_2817,0,pt,18,90
16_3895,0,pt,18,90
5_2500,0,pt,18,90
12_3349,0,pt,18,90
16_3873,0,pt,18,90
46_0828,0,pt,18,90
3_2163,0,pt,18,90
7_2954,0,pt,18,90
42_0428,0,pt,18,90
46_0848,0,pt,18,90
16_3926,0,pt,18,90
42_0262,0,pt,18,90
42_0375,0,pt,18,90
4_2329,0,pt,18,90
49_1580,0,pt,18,90
48_1252,0,pt,18,90
48_1261,0,pt,18,90
6_2686,0,pt,18,90
16_4042,0,pt,18,90
14_3625,0,pt,18,90
7_2910,0,pt,18,90
14_3601,0,pt,18,90
48_1253,0,pt,18,90
49_1481,0,pt,18,90
50_1771,0,pt,18,90
5_2557,0,pt,18,90
49_1405,0,pt,18,90
50_1628,0,pt,18,90
16_3875,0,pt,18,90
46_0874,0,pt,18,90
12_3356,0,pt,18,90
6_2602,0,pt,18,90
2_1915,0,pt,18,90
7_2932,0,pt,18,90
16_3988,0,pt,18,90
42_0005,0,pt,18,90
14_3617,0,pt,18,90
16_3784,0,pt,18,90
2_2007,0,pt,18,90
47_1060,0,pt,18,90
10_3067,0,pt,18,90
6_2741,0,pt,18,90
42_0217,0,pt,18,90
48_1352,0,pt,18,90
2_1789,0,pt,18,90
2_1953,0,pt,18,90
6_2743,0,pt,18,90
6_2645,0,pt,18,90
50_1651,0,pt,18,90
48_1380,0,pt,18,90
45_635,0,pt,18,90
42_0302,0,pt,18,90
49_1452,0,pt,18,90
48_1212,0,pt,18,90
42_0263,0,pt,18,90
5_2429,0,pt,18,90
7_2971,0,pt,18,90
3_2038,0,pt,18,90
14_3681,0,pt,18,90
7_2800,0,pt,18,90
12_3301,0,pt,18,90
14_3623,0,pt,18,90
49_1470,0,pt,18,90
4_2231,0,pt,18,90
4_2344,0,pt,18,90
42_0188,0,pt,18,90
42_0491,0,pt,18,90
12_3194,0,pt,18,90
5_2544,0,pt,18,90
42_0417,0,pt,18,90
47_1172,0,pt,18,90
3_2053,0,pt,18,90
49_1413,0,pt,18,90
4_2330,0,pt,18,90
4_2257,0,pt,18,90
4_2284,0,pt,18,90
6_2628,0,pt,18,90
3_2171,0,pt,18,90
42_0307,0,pt,18,90
10_3143,0,pt,18,90
2_1961,0,pt,18,90
12_3283,0,pt,18,90
42_0086,0,pt,18,90
7_2921,0,pt,18,90
45_682,0,pt,18,90
6_2622,0,pt,18,90
16_3824,0,pt,18,90
13_3534,0,pt,18,90
42_0051,0,pt,18,90
3_2050,0,pt,18,90
49_1562,0,pt,18,90
42_0579,0,pt,18,90
45_609,0,pt,18,90
3_2029,0,pt,18,90
16_4019,0,pt,18,90
47_1120,0,pt,18,90
13_3583,0,pt,18,90
5_2577,0,pt,18,90
42_0541,0,pt,18,90
2_2016,0,pt,18,90
42_0304,0,pt,18,90
16_3877,0,pt,18,90
3_2028,0,pt,18,90
48_1279,0,pt,18,90
6_2748,0,pt,18,90
7_2902,0,pt,18,90
42_0576,0,pt,18,90
7_2850,0,pt,18,90
45_671,0,pt,18,90
42_0089,0,pt,18,90
2_2004,0,pt,18,90
49_1387,0,pt,18,90
10_3120,0,pt,18,90
14_3611,0,pt,18,90
16_3874,0,pt,18,90
49_1422,0,pt,18,90
42_0378,0,pt,18,90
4_2406,0,pt,18,90
45_756,0,pt,18,90
45_659,0,pt,18,90
13_3526,0,pt,18,90
5_2548,0,pt,18,90
12_3291,0,pt,18,90
46_0804,0,pt,18,90
5_2582,0,pt,18,90
10_3050,0,pt,18,90
12_3233,0,pt,18,90
50_1620,0,pt,18,90
5_2598,0,pt,18,90
42_0282,0,pt,18,90
16_3811,0,pt,18,90
46_0911,0,pt,18,90
7_2858,0,pt,18,90
10_3096,0,pt,18,90
7_2818,0,pt,18,90
4_2234,0,pt,18,90
13_3466,0,pt,18,90
10_3116,0,pt,18,90
50_1684,0,pt,18,90
2_1821,0,pt,18,90
46_0800,0,pt,18,90
2_1829,0,pt,18,90
49_1504,0,pt,18,90
16_3982,0,pt,18,90
16_3802,0,pt,18,90
42_0301,0,pt,18,90
46_0854,0,pt,18,90
46_0852,0,pt,18,90
6_2624,0,pt,18,90
12_3316,0,pt,18,90
48_1241,0,pt,18,90
48_1371,0,pt,18,90
10_3092,0,pt,18,90
45_661,0,pt,18,90
10_3026,0,pt,18,90
13_3437,0,pt,18,90
5_2482,0,pt,18,90
2_1919,0,pt,18,90
4_2289,0,pt,18,90
16_3986,0,pt,18,90
47_1111,0,pt,18,90
10_3118,0,pt,18,90
45_630,0,pt,18,90
42_0013,0,pt,18,90
5_2430,0,pt,18,90
6_2773,0,pt,18,90
14_3685,0,pt,18,90
42_0117,0,pt,18,90
10_3163,0,pt,18,90
2_1807,0,pt,18,90
48_1324,0,pt,18,90
10_3097,0,pt,18,90
14_3659,0,pt,18,90
46_0946,0,pt,18,90
6_2757,0,pt,18,90
14_3709,0,pt,18,90
10_2996,0,pt,18,90
4_2322,0,pt,18,90
45_728,0,pt,18,90
45_731,0,pt,18,90
42_0065,0,pt,18,90
14_3663,0,pt,18,90
16_4036,0,pt,18,90
7_2890,0,pt,18,90
48_1335,0,pt,18,90
46_0982,0,pt,18,90
46_0841,0,pt,18,90
16_3951,0,pt,18,90
7_2796,0,pt,18,90
16_4078,0,pt,18,90
14_3672,0,pt,18,90
5_2447,0,pt,18,90
2_1930,0,pt,18,90
2_1995,0,pt,18,90
48_1365,0,pt,18,90
42_0183,0,pt,18,90
7_2844,0,pt,18,90
42_0467,0,pt,18,90
49_1539,0,pt,18,90
7_2940,0,pt,18,90
46_0934,0,pt,18,90
10_3032,0,pt,18,90
5_2478,0,pt,18,90
48_1320,0,pt,18,90
42_0141,0,pt,18,90
48_1383,0,pt,18,90
6_2740,0,pt,18,90
3_2043,0,pt,18,90
49_1526,0,pt,18,90
46_0952,0,pt,18,90
12_3213,0,pt,18,90
10_3030,0,pt,18,90
42_0040,0,pt,18,90
45_622,0,pt,18,90
48_1229,0,pt,18,90
48_1306,0,pt,18,90
42_0204,0,pt,18,90
42_0243,0,pt,18,90
42_0449,0,pt,18,90
16_3808,0,pt,18,90
45_733,0,pt,18,90
5_2498,0,pt,18,90
42_0539,0,pt,18,90
6_2776,0,pt,18,90
47_1055,0,pt,18,90
10_3168,0,pt,18,90
42_0363,0,pt,18,90
16_3901,0,pt,18,90
50_1781,0,pt,18,90
2_1983,0,pt,18,90
46_0862,0,pt,18,90
13_3423,0,pt,18,90
12_3250,0,pt,18,90
16_3944,0,pt,18,90
50_1764,0,pt,18,90
10_3041,0,pt,18,90
45_608,0,pt,18,90
49_1467,0,pt,18,90
4_2408,0,pt,18,90
49_1550,0,pt,18,90
7_2827,0,pt,18,90
42_0525,0,pt,18,90
4_2311,0,pt,18,90
46_0844,0,pt,18,90
7_2891,0,pt,18,90
45_596,0,pt,18,90
47_1136,0,pt,18,90
42_0472,0,pt,18,90
12_3237,0,pt,18,90
42_0229,0,pt,18,90
47_1043,0,pt,18,90
49_1518,0,pt,18,90
13_3513,0,pt,18,90
12_3328,0,pt,18,90
16_4094,0,pt,18,90
6_2784,0,pt,18,90
50_1659,0,pt,18,90
14_3688,0,pt,18,90
4_2363,0,pt,18,90
42_0580,0,pt,18,90
10_3090,0,pt,18,90
2_1856,0,pt,18,90
47_1154,0,pt,18,90
13_3573,0,pt,18,90
3_2034,0,pt,18,90
48_1381,0,pt,18,90
4_2268,0,pt,18,90
42_0255,0,pt,18,90
42_0160,0,pt,18,90
42_0014,0,pt,18,90
42_0560,0,pt,18,90
42_0244,0,pt,18,90
10_3000,0,pt,18,90
42_0038,0,pt,18,90
2_1947,0,pt,18,90
2_1843,0,pt,18,90
5_2466,0,pt,18,90
16_4104,0,pt,18,90
48_1266,0,pt,18,90
42_0445,0,pt,18,90
14_3608,0,pt,18,90
13_3525,0,pt,18,90
42_0293,0,pt,18,90
16_3822,0,pt,18,90
16_3967,0,pt,18,90
50_1768,0,pt,18,90
5_2433,0,pt,18,90
42_0287,0,pt,18,90
12_3274,0,pt,18,90
49_1585,0,pt,18,90
6_2783,0,pt,18,90
6_2694,0,pt,18,90
3_2049,0,pt,18,90
14_3596,0,pt,18,90
6_2625,0,pt,18,90
49_1431,0,pt,18,90
10_3025,0,pt,18,90
4_2362,0,pt,18,90
16_4089,0,pt,18,90
42_0406,0,pt,18,90
16_4084,0,pt,18,90
46_0875,0,pt,18,90
42_0458,0,pt,18,90
49_1535,0,pt,18,90
16_4082,0,pt,18,90
49_1469,0,pt,18,90
48_1307,0,pt,18,90
6_2723,0,pt,18,90
42_0515,0,pt,18,90
48_1350,0,pt,18,90
6_2747,0,pt,18,90
4_2263,0,pt,18,90
50_1588,0,pt,18,90
49_1492,0,pt,18,90
45_618,0,pt,18,90
7_2865,0,pt,18,90
42_0513,0,pt,18,90
14_3731,0,pt,18,90
42_0401,0,pt,18,90
46_0799,0,pt,18,90
46_0795,0,pt,18,90
45_669,0,pt,18,90
6_2689,0,pt,18,90
16_3996,0,pt,18,90
10_3077,0,pt,18,90
45_761,0,pt,18,90
2_1826,0,pt,18,90
10_3158,0,pt,18,90
10_3174,0,pt,18,90
42_0046,0,pt,18,90
12_3263,0,pt,18,90
46_0907,0,pt,18,90
4_2240,0,pt,18,90
10_3004,0,pt,18,90
49_1509,0,pt,18,90
42_0240,0,pt,18,90
16_3940,0,pt,18,90
4_2358,0,pt,18,90
5_2583,0,pt,18,90
46_0950,0,pt,18,90
50_1722,0,pt,18,90
13_3523,0,pt,18,90
2_1988,0,pt,18,90
45_749,0,pt,18,90
16_4112,0,pt,18,90
46_0956,0,pt,18,90
42_0404,0,pt,18,90
3_2204,0,pt,18,90
14_3719,0,pt,18,90
45_675,0,pt,18,90
16_3761,0,pt,18,90
48_1208,0,pt,18,90
49_1396,0,pt,18,90
5_2534,0,pt,18,90
16_4085,0,pt,18,90
42_0137,0,pt,18,90
46_0877,0,pt,18,90
2_1968,0,pt,18,90
46_0939,0,pt,18,90
10_2978,0,pt,18,90
16_4107,0,pt,18,90
48_1294,0,pt,18,90
14_3597,0,pt,18,90
16_3832,0,pt,18,90
42_0180,0,pt,18,90
7_2915,0,pt,18,90
14_3609,0,pt,18,90
16_3765,0,pt,18,90
13_3551,0,pt,18,90
6_2684,0,pt,18,90
48_1204,0,pt,18,90
3_2174,0,pt,18,90
50_1772,0,pt,18,90
47_1142,0,pt,18,90
2_1841,0,pt,18,90
49_1546,0,pt,18,90
16_4079,0,pt,18,90
49_1391,0,pt,18,90
48_1258,0,pt,18,90
46_0791,0,pt,18,90
10_3091,0,pt,18,90
49_1472,0,pt,18,90
4_2254,0,pt,18,90
6_2604,0,pt,18,90
47_1083,0,pt,18,90
48_1330,0,pt,18,90
42_0158,0,pt,18,90
3_2142,0,pt,18,90
3_2143,0,pt,18,90
16_3980,0,pt,18,90
48_1280,0,pt,18,90
42_0275,0,pt,18,90
3_2039,0,pt,18,90
13_3481,0,pt,18,90
42_0552,0,pt,18,90
47_1017,0,pt,18,90
10_3124,0,pt,18,90
45_648,0,pt,18,90
45_652,0,pt,18,90
50_1731,0,pt,18,90
49_1404,0,pt,18,90
46_0949,0,pt,18,90
42_0294,0,pt,18,90
46_0976,0,pt,18,90
42_0322,0,pt,18,90
42_0339,0,pt,18,90
16_4011,0,pt,18,90
7_2939,0,pt,18,90
16_3925,0,pt,18,90
13_3545,0,pt,18,90
6_2769,0,pt,18,90
16_3888,0,pt,18,90
3_2207,0,pt,18,90
16_3854,0,pt,18,90
49_1409,0,pt,18,90
5_2601,0,pt,18,90
12_3388,0,pt,18,90
3_2125,0,pt,18,90
47_1100,0,pt,18,90
12_3364,0,pt,18,90
3_2108,0,pt,18,90
47_1129,0,pt,18,90
6_2736,0,pt,18,90
5_2435,0,pt,18,90
16_3917,0,pt,18,90
10_3073,0,pt,18,90
14_3621,0,pt,18,90
5_2581,0,pt,18,90
48_1209,0,pt,18,90
50_1604,0,pt,18,90
50_1735,0,pt,18,90
42_0447,0,pt,18,90
16_3897,0,pt,18,90
10_3164,0,pt,18,90
10_3095,0,pt,18,90
6_2633,0,pt,18,90
50_1644,0,pt,18,90
50_1655,0,pt,18,90
16_3995,0,pt,18,90
6_2646,0,pt,18,90
46_0888,0,pt,18,90
48_1198,0,pt,18,90
7_2815,0,pt,18,90
6_2749,0,pt,18,90
48_1368,0,pt,18,90
5_2449,0,pt,18,90
42_0412,0,pt,18,90
10_3107,0,pt,18,90
12_3357,0,pt,18,90
45_688,0,pt,18,90
16_3796,0,pt,18,90
4_2310,0,pt,18,90
50_1674,0,pt,18,90
50_1602,0,pt,18,90
48_1327,0,pt,18,90
47_1081,0,pt,18,90
16_3867,0,pt,18,90
16_4071,0,pt,18,90
4_2360,0,pt,18,90
47_1039,0,pt,18,90
3_2212,0,pt,18,90
14_3635,0,pt,18,90
47_1068,0,pt,18,90
50_1723,0,pt,18,90
2_1872,0,pt,18,90
47_1030,0,pt,18,90
7_2887,0,pt,18,90
12_3205,0,pt,18,90
4_2232,0,pt,18,90
16_3985,0,pt,18,90
42_0549,0,pt,18,90
45_767,0,pt,18,90
6_2634,0,pt,18,90
47_1114,0,pt,18,90
16_3830,0,pt,18,90
48_1255,0,pt,18,90
7_2864,0,pt,18,90
46_0798,0,pt,18,90
46_0838,0,pt,18,90
47_1123,0,pt,18,90
46_0918,0,pt,18,90
5_2434,0,pt,18,90
49_1541,0,pt,18,90
5_2441,0,pt,18,90
7_2822,0,pt,18,90
16_3800,0,pt,18,90
16_3936,0,pt,18,90
7_2841,0,pt,18,90
42_0425,0,pt,18,90
2_1974,0,pt,18,90
42_0395,0,pt,18,90
3_2062,0,pt,18,90
50_1596,0,pt,18,90
42_0507,0,pt,18,90
50_1776,0,pt,18,90
5_2555,0,pt,18,90
2_1934,0,pt,18,90
5_2595,0,pt,18,90
14_3610,0,pt,18,90
45_709,0,pt,18,90
42_0470,0,pt,18,90
45_701,0,pt,18,90
42_0159,0,pt,18,90
16_4003,0,pt,18,90
42_0075,0,pt,18,90
6_2762,0,pt,18,90
5_2560,0,pt,18,90
42_0451,0,pt,18,90
48_1268,0,pt,18,90
50_1727,0,pt,18,90
16_3963,0,pt,18,90
10_3023,0,pt,18,90
42_0032,0,pt,18,90
5_2519,0,pt,18,90
13_3479,0,pt,18,90
14_3694,0,pt,18,90
42_0373,0,pt,18,90
42_0094,0,pt,18,90
48_1197,0,pt,18,90
6_2685,0,pt,18,90
6_2652,0,pt,18,90
50_1625,0,pt,18,90
49_1520,0,pt,18,90
49_1440,0,pt,18,90
7_2835,0,pt,18,90
2_1985,0,pt,18,90
4_2325,0,pt,18,90
2_1918,0,pt,18,90
2_1938,0,pt,18,90
6_2710,0,pt,18,90
7_2878,0,pt,18,90
47_1171,0,pt,18,90
46_0970,0,pt,18,90
42_0528,0,pt,18,90
42_0353,0,pt,18,90
6_2700,0,pt,18,90
46_0790,0,pt,18,90
46_0997,0,pt,18,90
50_1687,0,pt,18,90
3_2121,0,pt,18,90
5_2510,0,pt,18,90
6_2702,0,pt,18,90
47_1156,0,pt,18,90
2_1877,0,pt,18,90
12_3219,0,pt,18,90
10_3057,0,pt,18,90
7_2946,0,pt,18,90
46_0977,0,pt,18,90
50_1627,0,pt,18,90
42_0009,0,pt,18,90
12_3286,0,pt,18,90
16_3935,0,pt,18,90
42_0465,0,pt,18,90
7_2791,0,pt,18,90
45_678,0,pt,18,90
2_1882,0,pt,18,90
50_1784,0,pt,18,90
48_1232,0,pt,18,90
13_3517,0,pt,18,90
42_0184,0,pt,18,90
14_3599,0,pt,18,90
46_0909,0,pt,18,90
49_1462,0,pt,18,90
42_0104,0,pt,18,90
50_1753,0,pt,18,90
13_3420,0,pt,18,90
42_0042,0,pt,18,90
49_1484,0,pt,18,90
50_1746,0,pt,18,90
42_0379,0,pt,18,90
12_3198,0,pt,18,90
13_3458,0,pt,18,90
50_1689,0,pt,18,90
49_1487,0,pt,18,90
45_744,0,pt,18,90
42_0037,0,pt,18,90
7_2868,0,pt,18,90
13_3440,0,pt,18,90
14_3684,0,pt,18,90
48_1216,0,pt,18,90
42_0330,0,pt,18,90
5_2540,0,pt,18,90
4_2392,0,pt,18,90
3_2206,0,pt,18,90
48_1369,0,pt,18,90
47_1173,0,pt,18,90
13_3528,0,pt,18,90
4_2394,0,pt,18,90
42_0358,0,pt,18,90
42_0464,0,pt,18,90
47_1066,0,pt,18,90
2_1987,0,pt,18,90
3_2082,0,pt,18,90
6_2726,0,pt,18,90
16_3943,0,pt,18,90
49_1536,0,pt,18,90
46_0842,0,pt,18,90
16_3939,0,pt,18,90
4_2388,0,pt,18,90
10_3017,0,pt,18,90
16_3890,0,pt,18,90
13_3570,0,pt,18,90
42_0252,0,pt,18,90
49_1515,0,pt,18,90
42_0533,0,pt,18,90
49_1508,0,pt,18,90
42_0010,0,pt,18,90
2_1849,0,pt,18,90
7_2898,0,pt,18,90
42_0426,0,pt,18,90
3_2191,0,pt,18,90
45_769,0,pt,18,90
42_0061,0,pt,18,90
6_2781,0,pt,18,90
46_0985,0,pt,18,90
7_2848,0,pt,18,90
12_3201,0,pt,18,90
7_2948,0,pt,18,90
10_2992,0,pt,18,90
48_1386,0,pt,18,90
50_1633,0,pt,18,90
42_0446,0,pt,18,90
42_0453,0,pt,18,90
4_2228,0,pt,18,90
2_1808,0,pt,18,90
16_3751,0,pt,18,90
3_2065,0,pt,18,90
5_2486,0,pt,18,90
16_3799,0,pt,18,90
50_1749,0,pt,18,90
49_1575,0,pt,18,90
7_2838,0,pt,18,90
3_2116,0,pt,18,90
50_1608,0,pt,18,90
6_2733,0,pt,18,90
50_1671,0,pt,18,90
5_2464,0,pt,18,90
47_1147,0,pt,18,90
50_1777,0,pt,18,90
16_4070,0,pt,18,90
16_4043,0,pt,18,90
3_2180,0,pt,18,90
42_0521,0,pt,18,90
42_0138,0,pt,18,90
49_1463,0,pt,18,90
5_2564,0,pt,18,90
14_3670,0,pt,18,90
16_3999,0,pt,18,90
2_1839,0,pt,18,90
5_2421,0,pt,18,90
12_3312,0,pt,18,90
16_3836,0,pt,18,90
45_747,0,pt,18,90
12_3236,0,pt,18,90
7_2967,0,pt,18,90
13_3435,0,pt,18,90
6_2720,0,pt,18,90
47_1023,0,pt,18,90
45_735,0,pt,18,90
10_3085,0,pt,18,90
47_1061,0,pt,18,90
13_3500,0,pt,18,90
13_3559,0,pt,18,90
46_0834,0,pt,18,90
49_1577,0,pt,18,90
10_3162,0,pt,18,90
10_3058,0,pt,18,90
12_3255,0,pt,18,90
42_0452,0,pt,18,90
42_0231,0,pt,18,90
46_0917,0,pt,18,90
12_3295,0,pt,18,90
47_1011,0,pt,18,90
48_1196,0,pt,18,90
7_2917,0,pt,18,90
50_1639,0,pt,18,90
49_1491,0,pt,18,90
42_0025,0,pt,18,90
47_1048,0,pt,18,90
48_1347,0,pt,18,90
4_2274,0,pt,18,90
47_1082,0,pt,18,90
2_1860,0,pt,18,90
10_3082,0,pt,18,90
5_2439,0,pt,18,90
6_2687,0,pt,18,90
42_0444,0,pt,18,90
12_3322,0,pt,18,90
14_3606,0,pt,18,90
47_1194,0,pt,18,90
42_0381,0,pt,18,90
6_2682,0,pt,18,90
45_666,0,pt,18,90
12_3337,0,pt,18,90
3_2128,0,pt,18,90
6_2660,0,pt,18,90
48_1281,0,pt,18,90
45_613,0,pt,18,90
3_2137,0,pt,18,90
49_1450,0,pt,18,90
46_0981,0,pt,18,90
42_0157,0,pt,18,90
42_0345,0,pt,18,90
12_3298,0,pt,18,90
10_3131,0,pt,18,90
12_3326,0,pt,18,90
16_3840,0,pt,18,90
42_0493,0,pt,18,90
13_3469,0,pt,18,90
4_2357,0,pt,18,90
7_2961,0,pt,18,90
42_0466,0,pt,18,90
42_0024,0,pt,18,90
3_2201,0,pt,18,90
4_2387,0,pt,18,90
13_3509,0,pt,18,90
49_1493,0,pt,18,90
42_0503,0,pt,18,90
10_3117,0,pt,18,90
12_3191,0,pt,18,90
42_0413,0,pt,18,90
7_2862,0,pt,18,90
5_2523,0,pt,18,90
10_3156,0,pt,18,90
42_0056,0,pt,18,90
46_1005,0,pt,18,90
49_1530,0,pt,18,90
16_3849,0,pt,18,90
13_3515,0,pt,18,90
7_2883,0,pt,18,90
16_3952,0,pt,18,90
50_1726,0,pt,18,90
49_1574,0,pt,18,90
16_4101,0,pt,18,90
2_1832,0,pt,18,90
10_3111,0,pt,18,90
14_3613,0,pt,18,90
2_1920,0,pt,18,90
5_2569,0,pt,18,90
5_2538,0,pt,18,90
47_1020,0,pt,18,90
42_0058,0,pt,18,90
2_1912,0,pt,18,90
48_1264,0,pt,18,90
45_757,0,pt,18,90
4_2279,0,pt,18,90
10_2995,0,pt,18,90
10_3074,0,pt,18,90
46_0872,0,pt,18,90
48_1247,0,pt,18,90
42_0004,0,pt,18,90
4_2400,0,pt,18,90
16_4093,0,pt,18,90
49_1475,0,pt,18,90
50_1640,0,pt,18,90
50_1711,0,pt,18,90
47_1028,0,pt,18,90
49_1551,0,pt,18,90
45_698,0,pt,18,90
46_0814,0,pt,18,90
47_1031,0,pt,18,90
7_2790,0,pt,18,90
42_0218,0,pt,18,90
46_0943,0,pt,18,90
47_1018,0,pt,18,90
14_3702,0,pt,18,90
50_1714,0,pt,18,90
42_0201,0,pt,18,90
42_0518,0,pt,18,90
47_1026,0,pt,18,90
45_672,0,pt,18,90
48_1228,0,pt,18,90
6_2679,0,pt,18,90
10_3138,0,pt,18,90
42_0280,0,pt,18,90
6_2754,0,pt,18,90
47_1038,0,pt,18,90
6_2671,0,pt,18,90
5_2587,0,pt,18,90
42_0230,0,pt,18,90
46_0959,0,pt,18,90
12_3368,0,pt,18,90
42_0324,0,pt,18,90
42_0343,0,pt,18,90
16_4004,0,pt,18,90
5_2596,0,pt,18,90
6_2608,0,pt,18,90
47_1188,0,pt,18,90
5_2556,0,pt,18,90
16_3852,0,pt,18,90
7_2867,0,pt,18,90
2_1998,0,pt,18,90
42_0043,0,pt,18,90
42_0561,0,pt,18,90
5_2563,0,pt,18,90
49_1417,0,pt,18,90
3_2193,0,pt,18,90
49_1567,0,pt,18,90
5_2496,0,pt,18,90
49_1433,0,pt,18,90
3_2110,0,pt,18,90
2_1929,0,pt,18,90
6_2699,0,pt,18,90
46_0792,0,pt,18,90
48_1314,0,pt,18,90
6_2772,0,pt,18,90
42_0150,0,pt,18,90
16_3876,0,pt,18,90
42_0372,0,pt,18,90
10_3035,0,pt,18,90
46_0821,0,pt,18,90
48_1319,0,pt,18,90
12_3382,0,pt,18,90
47_1176,0,pt,18,90
45_703,0,pt,18,90
10_2981,0,pt,18,90
10_3114,0,pt,18,90
12_3281,0,pt,18,90
13_3524,0,pt,18,90
48_1235,0,pt,18,90
4_2368,0,pt,18,90
48_1361,0,pt,18,90
42_0007,0,pt,18,90
3_2042,0,pt,18,90
7_2795,0,pt,18,90
50_1598,0,pt,18,90
49_1489,0,pt,18,90
5_2428,0,pt,18,90
2_1900,0,pt,18,90
16_4096,0,pt,18,90
5_2473,0,pt,18,90
49_1544,0,pt,18,90
14_3677,0,pt,18,90
16_3921,0,pt,18,90
10_3036,0,pt,18,90
45_680,0,pt,18,90
48_1201,0,pt,18,90
14_3650,0,pt,18,90
45_748,0,pt,18,90
42_0318,0,pt,18,90
5_2594,0,pt,18,90
2_1813,0,pt,18,90
50_1607,0,pt,18,90
48_1333,0,pt,18,90
14_3726,0,pt,18,90
12_3318,0,pt,18,90
16_3773,0,pt,18,90
42_0367,0,pt,18,90
13_3550,0,pt,18,90
42_0169,0,pt,18,90
