ID,ak,mode,ak_mode,ak_log,ak_ihs,ak_log1p
10_2984,7411,car,7411,8.910720661951359,9.603867847063137,8.91085558740525
10_2993,2611,car,2611,7.8674885686991285,8.56063578593037,7.867871490396322
10_2998,29099,car,29099,10.278459088307951,10.971606269163143,10.278493453159584
10_3021,523,car,523,6.259581464064923,6.952729558603486,6.261491684321042
10_3039,26558,car,26558,10.187086299550273,10.880233480464664,10.187123952279158
10_3042,3374,car,3374,8.123854263105914,8.817001465626744,8.12415060330663
10_3060,21880,car,21880,9.993328256535918,10.686475437618073,9.99337395933065
10_3075,3827,car,3827,8.249836485425702,8.942983683055237,8.250097752572845
10_3076,5921,car,5921,8.686260632531775,9.379407820222712,8.686429508661536
10_3098,3719,car,3719,8.22121009392507,8.914357292560403,8.221478947267192
10_3126,1483,car,1483,7.301822342137932,7.994969636370959,7.302496423727326
10_3133,15493,car,15493,9.648143587996293,10.34129076959776,9.648208131191847
10_3150,957,car,957,6.863803391452954,7.55695084498355,6.86484777797086
12_3192,11758,car,11758,9.3722891389622,10.065436321330456,9.372374183823416
12_3197,140,car,140,4.941642422609304,5.634802358027258,4.948759890378168
12_3216,516,car,516,6.246106765481563,6.939254884986163,6.248042874508429
12_3217,1026,car,1026,6.933423025730715,7.626570443780554,6.934397209928558
12_3229,26941,car,26941,10.201404568800312,10.894551749704696,10.201441686258514
12_3238,485,car,485,6.184148890937483,6.877297134307935,6.186208623900494
12_3241,5389,car,5389,8.592115117933497,9.285262307101865,8.592300663903043
12_3245,623,car,623,6.434546518787453,7.127694343462521,6.436150368369428
12_3246,22320,car,22320,10.013238416495247,10.706385597557016,10.013283218359012
12_3253,830,car,830,6.721425700790643,7.414573244247764,6.7226297948554485
12_3259,3141,car,3141,8.052296499538647,8.745443705438447,8.052614818815567
12_3261,25329,car,25329,10.139705263337609,10.832852444287232,10.13974474299572
12_3262,1384,car,1384,7.232733136177615,7.925880447254759,7.233455418621439
12_3266,8533,car,8533,9.051696278536586,9.744843462530026,9.051813463747946
12_3278,16374,car,16374,9.703449989936393,10.3965971714288,9.703511060503452
12_3282,3165,car,3165,8.059908334578276,8.753055540095232,8.060224240440958
12_3290,67,car,67,4.204692619390966,4.89789548698994,4.219507705176107
12_3302,17626,car,17626,9.777130363659605,10.470277545024247,9.777187096419954
12_3304,12166,car,12166,9.40640045488065,10.099547637129653,9.406482647787449
12_3307,35506,car,35506,10.477456975266742,11.170604156024995,10.477485139124067
12_3309,82,car,82,4.406719247264253,5.099903606000664,4.418840607796598
12_3314,3302,car,3302,8.102283624480073,8.795430827969058,8.10258642539079
12_3332,50,car,50,3.912023005428146,4.605270170991424,3.9318256327243257
12_3361,5601,car,5601,8.630700432209832,9.32384762073887,8.630878955820053
12_3369,1784,car,1784,7.486613313139955,8.179760572250636,7.487173694213739
12_3380,21605,car,21605,9.980680048366034,10.673827229461567,9.98072633287693
12_3389,2465,car,2465,7.80994708647679,8.5030943081807,7.81035268372429
12_3397,33320,car,33320,10.41391309628078,11.107060277065905,10.41394310783523
13_3401,1182,car,1182,7.074963197966044,7.768110557464961,7.075808863978387
13_3426,15277,car,15277,9.634103708365723,10.32725088999685,9.634169164101305
13_3428,483,car,483,6.180016653652572,6.873164905842977,6.182084906716632
13_3434,1228,car,1228,7.113142108707088,7.806289455051244,7.113956109566034
13_3436,441,car,441,6.089044875446846,6.78219334147693,6.091309882077698
13_3439,1496,car,1496,7.310550158534422,8.003697450800432,7.311218384419629
13_3449,4165,car,4165,8.334471554600944,9.027618749572415,8.334711621820917
13_3453,4299,car,4299,8.366137716496281,9.05928491058334,8.366370301681654
13_3465,885,car,885,6.785587645007929,7.478735144760802,6.786716950605081
13_3473,250,car,250,5.521460917862246,6.214612098398192,5.5254529391317835
13_3480,133,car,133,4.890349128221754,5.583510441559146,4.897839799950911
13_3532,6673,car,6673,8.805824812903607,9.49897199907788,8.80597465931132
13_3536,1258,car,1258,7.1372784372603855,7.830425775791788,7.138073034044347
13_3544,28758,car,28758,10.266671268387686,10.959818449249921,10.26670604071587
13_3553,824,car,824,6.714170529909472,7.40731807867074,6.715383386334681
13_3556,845,car,845,6.739336627357174,7.432484158044732,6.740519359606223
13_3562,497,car,497,6.208590026096629,6.901738218763908,6.210600077024653
13_3568,1662,car,1662,7.415776975415394,8.10892424648145,7.416378479192928
13_3580,29014,car,29014,10.275533751098848,10.96868093195577,10.275568216624709
13_3586,15877,car,15877,9.672626800077511,10.365773981629209,9.672689782285058
13_3588,26456,car,26456,10.183238254661628,10.876385435578758,10.183276052556291
14_3632,5249,car,5249,8.5657928612523,9.258940050885997,8.565983355585669
14_3655,5679,car,5679,8.644530439877432,9.337677628189066,8.644706511715198
14_3699,30273,car,30273,10.318011505132638,11.011158685965373,10.31804453732251
14_3710,30177,car,30177,10.314835323802448,11.007982504636923,10.314868461073596
14_3725,9379,car,9379,9.146228426508939,9.839375609910903,9.14633504200027
16_3777,8451,car,8451,9.042040056544483,9.735187240604876,9.042158378735948
16_3866,21939,car,21939,9.996021153939061,10.689168335018412,9.99606673382922
16_3886,20080,car,20080,9.907479573805665,10.60062675498564,9.90752937336246
16_3903,4178,car,4178,8.33758794211651,9.03073513699844,8.337827262447915
16_3909,26442,car,26442,10.182708934070043,10.875856114987549,10.182746751976826
16_3932,31066,car,31066,10.343869252547853,11.037016433366839,10.343901441561744
16_3950,10162,car,10162,9.226410552153677,9.91955773513455,9.226508953137767
16_3977,1600,car,1600,7.3777589082278725,8.070906186444054,7.3783837129967145
16_3991,5621,car,5621,8.634264863002075,9.327412051474504,8.634442751466477
16_4013,29007,car,29007,10.275292459151657,10.968439640008723,10.275326932994632
16_4014,12158,car,12158,9.405742668308667,10.098889850559894,9.405824915296419
16_4047,10120,car,10120,9.222268942841456,9.915416125842464,9.222367752188902
16_4058,4498,car,4498,8.411388132519262,9.104535325435867,8.411610428841172
16_4103,16828,car,16828,9.730799444710412,10.423946626153183,9.730858867713073
16_4105,14972,car,14972,9.61393706902432,10.307084250699535,9.61400385813772
16_4116,37808,car,37808,10.540275999426688,11.233423180161527,10.540302448505601
2_1791,10,car,10,2.302585092994046,2.99822295029797,2.3978952727983707
2_1831,1735,car,1735,7.45876269238096,8.151909955991165,7.459338895220296
2_1834,25787,car,25787,10.157625767952561,10.850772948888464,10.15766454643051
2_1838,33736,car,33736,10.426320795426395,11.119467976206002,10.426350436912623
2_1847,7430,car,7430,8.913281137711804,9.606428322800333,8.91341571815747
2_1861,1240,car,1240,7.122866658599083,7.816014001750039,7.123672785204607
2_1863,2427,car,2427,7.794411205726601,8.487558428728995,7.794823152179389
2_1870,20770,car,20770,9.941264916870159,10.634412098009621,9.941313062076109
2_1879,1,car,1,0.0,0.881373587019543,0.6931471805599453
2_1880,8409,car,8409,9.037057839832897,9.730205023928347,9.037176752966994
2_1894,4015,car,4015,8.297792626380861,8.990939822449276,8.298041661371565
2_1922,11834,car,11834,9.378732023236639,10.071879205581743,9.378816521948083
2_1944,21684,car,21684,9.98432994038023,10.677477121471867,9.984376056269467
2_1986,9688,car,9688,9.178643285232928,9.87179046845649,9.178746500385005
2_1991,1392,car,1392,7.238496840894365,7.9316441504756225,7.239214973779806
2_1996,3032,car,3032,8.016977746762262,8.71012495451674,8.017307507688582
2_1999,95,car,95,4.553876891600541,5.247051771840578,4.564348191467836
2_2000,890,car,890,6.7912214627261855,7.484368958902697,6.792344427470809
2_2002,292,car,292,5.676753802268282,6.369903914885138,5.680172609017068
2_2003,1632,car,1632,7.397561535524052,8.090708809948124,7.398174092970465
2_2014,42,car,42,3.7376696182833684,4.430958492080543,3.7612001156935624
2_2019,438,car,438,6.082218910376446,6.775367394075981,6.0844994130751715
3_2023,9657,car,9657,9.175438319966918,9.868585503207608,9.175541866433488
3_2024,29720,car,29720,10.299575498831695,10.992722679674678,10.29960914564114
3_2030,1432,car,1432,7.266827347520591,7.959974649994624,7.267525427828172
3_2037,12100,car,12100,9.400960731584833,10.094107913852312,9.401043372798053
3_2040,286,car,286,5.655991810819852,6.349142047749961,5.659482215759621
3_2044,12762,car,12762,9.454227284428292,10.147374466523218,9.45430563898269
3_2045,12781,car,12781,9.455714972131714,10.148862154222078,9.455793210210228
3_2047,12632,car,12632,9.443988555935478,10.13713573806216,9.444067716830038
3_2048,20401,car,20401,9.923339198238729,10.616486379399346,9.923388214242465
3_2067,2295,car,2295,7.738488122494646,8.431635350519713,7.738923757439457
3_2071,463,car,463,6.137727054086234,6.830875400857538,6.139884552226255
3_2073,519,car,519,6.251903883165888,6.945051991847024,6.253828811575473
3_2075,20073,car,20073,9.907130907450927,10.600278088631335,9.907180724373745
3_2084,194,car,194,5.267858159063328,5.961011982133345,5.272999558563747
3_2086,739,car,739,6.6052979209482015,7.298445559281842,6.606650186198215
3_2088,26861,car,26861,10.198430699466112,10.891577880372552,10.19846792746902
3_2090,18332,car,18332,9.816403445629014,10.50955062693287,9.816457993563025
3_2094,1826,car,1826,7.509883061154913,8.203030316693647,7.510430556378006
3_2113,8045,car,8045,8.992806059426483,9.685953243849102,8.992930352509733
3_2114,870,car,870,6.76849321164863,7.4616407225030335,6.769641976852503
3_2124,13,car,13,2.5649493574615367,3.2595725562629214,2.6390573296152584
3_2130,4478,car,4478,8.4069317971587,9.100078990185928,8.4071550862073
3_2134,5857,car,5857,8.675392806089782,9.368539993937413,8.675563527387679
3_2157,7438,car,7438,8.914357274485015,9.607504459563808,8.914491710191342
3_2158,20319,car,20319,9.919311687883013,10.612458869048488,9.919360901692418
3_2164,32288,car,32288,10.382450923153336,11.075598103953086,10.382481893932408
3_2179,20146,car,20146,9.910761036502626,10.603908217678546,9.91081067291591
3_2182,942,car,942,6.848005274576363,7.541152736869503,6.849066282633458
3_2183,3953,car,3953,8.282230063296685,8.975377259855392,8.282483003730562
3_2200,10188,car,10188,9.228965836099349,9.92211301906788,9.229063985974285
3_2202,848,car,848,6.742880635791903,7.436028164006527,6.744059186311348
3_2210,3506,car,3506,8.16223106548118,8.855378266379496,8.162516250140179
3_2217,4700,car,4700,8.45531778769815,9.148464979575433,8.45553053102413
3_2219,120,car,120,4.787491742782046,5.480656284001007,4.795790545596741
3_2220,2451,car,2451,7.804251383528112,8.49739860570339,7.804659297056102
42_0001,5539,car,5539,8.619569258033104,9.312716446741542,8.61974977974133
42_0034,14408,car,14408,9.575538886855792,10.268686068620031,9.575608290332934
42_0083,2921,car,2921,7.979681302387741,8.67282851224831,7.980023592310645
42_0087,279,car,279,5.631211781821365,6.32436217404092,5.634789603169249
42_0092,788,car,788,6.669498089857879,7.362645673030378,6.670766320845874
42_0096,3243,car,3243,8.084254106307318,8.777401310638188,8.084562415235304
42_0102,16347,car,16347,9.701799673251209,10.394946854746696,9.701860844684168
42_0105,20,car,20,2.995732273553991,3.6895038689889055,3.044522437723423
42_0114,1524,car,1524,7.329093736246592,8.022241024445623,7.329749689041512
42_0120,412,car,412,6.021023349349527,6.714172002712326,6.023447592961033
42_0128,5209,car,5209,8.558143177745192,9.251290367518777,8.558335134747413
42_0129,1650,car,1650,7.408530566894626,8.101677839281923,7.409136443920128
42_0145,7933,car,7933,8.978786553302003,9.67193373783446,8.978912601074276
42_0155,1218,car,1218,7.1049654482698426,7.79811279734741,7.105786129481271
42_0165,8249,car,8249,9.017847259860732,9.710994444094663,9.017968479328726
42_0168,21778,car,21778,9.988655564906006,10.681802745993066,9.988701481750608
42_0172,1115,car,1115,7.016609683894219,7.709757065544011,7.017506142941256
42_0175,3651,car,3651,8.202756381655638,8.89590358097055,8.20303024171486
42_0182,2241,car,2241,7.714677473800927,8.40782470414103,7.715123603632105
42_0191,9931,car,9931,9.203416456903359,9.896563639998163,9.203517146628057
42_0210,9189,car,9189,9.125762395500885,9.818909579021593,9.125871215349733
42_0224,1092,car,1092,6.9957661563048505,7.688913546514665,6.996681488176539
42_0225,2346,car,2346,7.76046702921342,8.453614255197218,7.760893195851024
42_0226,9594,car,9594,9.168893182062009,9.862040365338022,9.1689974084418
42_0232,558,car,558,6.324358962381311,7.0175069458590595,6.326149473155099
42_0272,3558,car,3558,8.17695386822578,8.870101068533952,8.177234885510194
42_0277,35780,car,35780,10.48514435706271,11.178291537817936,10.48517230524678
42_0278,28088,car,28088,10.243097717848269,10.936244898725096,10.243133319606999
42_0279,1109,car,1109,7.011213987350367,7.704361371181949,7.01211529430638
42_0308,2879,car,2879,7.965198290612176,8.65834550133388,7.965545573129992
42_0334,2651,car,2651,7.8826922062890254,8.575839422421973,7.883069351305753
42_0338,34117,car,34117,10.437551072769297,11.130698253544024,10.437580383240466
42_0361,152,car,152,5.0238805208462765,5.717038521867716,5.030437921392435
42_0365,19889,car,19889,9.897922094063247,10.591069275255187,9.897972371848018
42_0383,1190,car,1190,7.081708586105575,7.774855943206679,7.0825485693553
42_0386,181,car,181,5.198497031265826,5.8916518427631175,5.204006687076795
42_0389,2153,car,2153,7.674617497364363,8.367764731856978,7.675081857716334
42_0390,6982,car,6982,8.851090687664982,9.544237873353309,8.851233902846035
42_0391,2154,car,2154,7.675081857716334,8.368229092158883,7.675546002537848
42_0399,10939,car,10939,9.30008966411979,9.993236846768959,9.300181075975972
42_0407,1481,car,1481,7.300472814267799,7.99362010880805,7.301147805856032
42_0418,3955,car,3955,8.282735880201754,8.975883076744285,8.282988692742602
42_0424,64,car,64,4.1588830833596715,4.85209129348869,4.174387269895637
42_0432,2187,car,2187,7.690286020676768,8.3834332535055,7.690743163541872
42_0434,3455,car,3455,8.14757773620177,8.840724937704957,8.147867129923947
42_0471,9921,car,9921,9.202409001649903,9.895556184749822,9.202509792860994
42_0477,237,car,237,5.4680601411351315,6.161211772519035,5.472270673671475
42_0478,4408,car,4408,8.391176350832751,9.084323544259089,8.391403185357937
42_0490,5026,car,5026,8.522379718103538,9.215526908560289,8.522578663692576
42_0498,5762,car,5762,8.659039915644474,9.352187103734394,8.659213451436667
42_0510,1025,car,1025,6.932447891572509,7.625595310085968,6.933423025730715
42_0512,879,car,879,6.778784897685177,7.471932401810502,6.779921907472252
42_0522,2977,car,2977,7.998671361015776,8.691818569784372,7.999007213243955
42_0538,34505,car,34505,10.448859520054702,11.142006700824627,10.448888500941809
42_0540,5317,car,5317,8.57866451350434,9.271811702907428,8.578852571802965
42_0550,8691,car,8691,9.07004328643746,9.763190470307196,9.07015834137632
42_0555,36173,car,36173,10.496068263171036,11.189215443922043,10.49609590771746
42_0558,477,car,477,6.1675164908883415,6.860664770207513,6.169610732491456
42_0578,13003,car,13003,9.47293537905132,10.166082561089873,9.473012281423795
42_0581,22834,car,22834,10.036005932236273,10.729153113275704,10.0360497256191
42_0582,17646,car,17646,9.77826440778205,10.47141158914487,9.778321076243234
42_0589,2777,car,2777,7.9291264873067995,8.622273700284895,7.9294865233142895
45_599,1162,car,1162,7.057897937411856,7.751045303123472,7.0587581525186645
45_600,1767,car,1767,7.4770384723196965,8.170185732949093,7.477604243197589
45_619,636,car,636,6.455198563340122,7.148346361952578,6.456769655572163
45_645,20535,car,20535,9.929886026390658,10.623033207543463,9.929934722550977
45_655,130,car,130,4.867534450455582,5.560696423586702,4.875197323201151
45_665,6380,car,6380,8.760923376338836,9.454070563040624,8.761080103868347
45_679,30850,car,30850,10.336892029333534,11.030039210156161,10.336924443719042
45_686,7373,car,7373,8.90557995798965,9.598727143148471,8.90571557879409
45_687,35506,car,35506,10.477456975266742,11.170604156024995,10.477485139124067
45_696,8793,car,8793,9.081711229379001,9.774858413172396,9.081824949740755
45_742,29955,car,29955,10.307451534518025,11.000598715356583,10.307484917369258
46_0788,7974,car,7974,8.983941527941301,9.67708871243301,8.984066927653044
46_0812,111,car,111,4.709530201312334,5.402697671815578,4.718498871295094
46_0820,529,car,529,6.270988431858299,6.964136505781494,6.272877006546167
46_0833,202,car,202,5.308267697401205,6.001421004755152,5.313205979041787
46_0859,20903,car,20903,9.947647968321782,10.640795149453895,9.947695807200448
46_0866,11619,car,11619,9.360396968182862,10.053544150594643,9.360483030405902
46_0873,239,car,239,5.476463551931511,6.169615109136801,5.480638923341991
46_0886,404,car,404,6.0014148779611505,6.694563590230153,6.003887067106539
46_0893,22693,car,22693,10.029811785869622,10.72295896691503,10.029855851350934
46_0894,2448,car,2448,7.803026643632217,8.496173865909554,7.803435056952168
46_0901,7934,car,7934,8.978912601074276,9.67205978560573,8.97903863296051
46_0921,3465,car,3465,8.150467911624004,8.84361511300648,8.150756470275551
46_0926,28508,car,28508,10.25794002862176,10.951087209489321,10.257975105879424
46_0928,5892,car,5892,8.681350777582521,9.374497965343826,8.681520484837913
46_0932,11888,car,11888,9.38328476695754,10.076431949286464,9.383368881858544
46_0935,3043,car,3043,8.02059914989697,8.713746357455197,8.020927718981577
46_0945,2233,car,2233,7.711101251840158,8.404248482537586,7.711548979629146
46_0947,26,car,26,3.258096538021482,3.9516133360820653,3.295836866004329
46_0958,18796,car,18796,9.841399360222706,10.534546541490286,9.841452561616595
46_0974,1632,car,1632,7.397561535524052,8.090708809948124,7.398174092970465
46_0975,697,car,697,6.546785410760524,7.239933105925606,6.548219102762372
46_0983,14698,car,14698,9.595466709088816,10.288613890806003,9.595534743241988
46_0986,114,car,114,4.736198448394496,5.429364865087601,4.74493212836325
47_1014,6967,car,6967,8.848939995030118,9.542087180740552,8.849083518532339
47_1025,2337,car,2337,7.756623334538858,8.449770560873192,7.757051142032013
47_1037,1470,car,1470,7.293017679772782,7.9861649760252424,7.293697720601438
47_1040,2745,car,2745,7.917536353943631,8.610683567681965,7.917900586327916
47_1046,1083,car,1083,6.9874902470009905,7.680637640709768,6.988413181999592
47_1051,7041,car,7041,8.859505484519133,9.552652670121873,8.859647499714997
47_1054,493,car,493,6.20050917404269,6.89365738320022,6.202535517187923
47_1062,5650,car,5650,8.639410824140487,9.332558012531898,8.639587799629844
47_1077,6377,car,6377,8.760453046315272,9.45360023302284,8.760609847570002
47_1090,10614,car,10614,9.26992916338784,9.963076346166911,9.270023374137356
47_1091,9465,car,9465,9.155356063643422,9.848503246993976,9.155461710466193
47_1104,1004,car,1004,6.911747300251674,7.604894728823464,6.912742820493176
47_1121,769,car,769,6.645090969505644,7.338238572818935,6.646390514847729
47_1127,219,car,219,5.389071729816501,6.082224122904235,5.393627546352362
47_1137,703,car,703,6.555356891810665,7.248504578229084,6.556778356158042
47_1141,17771,car,17771,9.785323194185485,10.47847037553705,9.785379464055799
47_1148,114,car,114,4.736198448394496,5.429364865087601,4.74493212836325
47_1181,217,car,217,5.37989735354046,6.073049843153668,5.384495062789089
47_1193,240,car,240,5.480638923341991,6.173790444151457,5.484796933490655
48_1233,550,car,550,6.309918278226516,7.003066285231719,6.311734809152915
48_1240,3659,car,3659,8.204945165019208,8.898092364252198,8.205218426395412
48_1244,7137,car,7137,8.873047798971067,9.566194984439058,8.873187904050106
48_1245,85,car,85,4.442651256490317,5.135833037330569,4.454347296253507
48_1260,147,car,147,4.990432586778736,5.683591336391467,4.997212273764115
48_1267,121,car,121,4.795790545596741,5.488954801055736,4.804021044733257
48_1298,5260,car,5260,8.567886305731756,9.26103349532754,8.568076401730806
48_1299,15195,car,15195,9.628721705350893,10.321868886993615,9.628787514307517
48_1302,28471,car,28471,10.256641304347884,10.949788485216244,10.256676427190028
48_1304,28253,car,28253,10.248954925626595,10.942102106499734,10.24899031947161
48_1338,1558,car,1558,7.351158226430694,8.044305509983005,7.351799869057777
48_1366,27295,car,27295,10.214458814215858,10.907605995111366,10.214495450291405
48_1367,13461,car,13461,9.507551894644093,10.20069907658374,9.507626180570659
48_1373,636,car,636,6.455198563340122,7.148346361952578,6.456769655572163
48_1374,2070,car,2070,7.635303886259415,8.328451125163774,7.635786861395585
49_1390,27912,car,27912,10.23681198286661,10.929959163747446,10.236847809109337
49_1393,43,car,43,3.7612001156935624,4.454482477060509,3.784189633918261
49_1400,9850,car,9850,9.195226734166134,9.888373917302802,9.19532825185568
49_1406,559,car,559,6.326149473155099,7.019297453762727,6.327936783729195
49_1408,1253,car,1253,7.133295954896068,7.826443294690732,7.134093721192866
49_1411,2538,car,2538,7.839131648274333,8.532278867645449,7.839525581704678
49_1421,35292,car,35292,10.471411588341995,11.164558769102658,10.471439922974001
49_1434,20021,car,20021,9.904537001671699,10.597684182855334,9.904586947979428
49_1437,29482,car,29482,10.291535186607224,10.984682367454793,10.291569105033412
49_1438,5384,car,5384,8.591186871324563,9.284334060508929,8.591372589590488
49_1444,12714,car,12714,9.450459027496354,10.143606209602892,9.45053767785622
49_1459,13624,car,13624,9.519588222342524,10.212735404249354,9.519661619531444
49_1476,378,car,378,5.934894195619588,6.628043125846003,5.937536205082426
49_1479,1629,car,1629,7.395721608602045,8.08886888337216,7.396335293800808
49_1485,7986,car,7986,8.985445287623167,9.67859247210307,8.985570498917388
49_1498,3137,car,3137,8.051022208190679,8.744169414155142,8.051340933292979
49_1507,23018,car,23018,10.044031797528437,10.737178978560232,10.044075240845775
49_1511,1238,car,1238,7.121252453244542,7.814399796921257,7.122059881629142
49_1516,1393,car,1393,7.239214973779806,7.9323622831758875,7.2399325913204695
49_1529,2130,car,2130,7.6638772587034705,8.357024494367117,7.664346632098617
49_1531,2894,car,2894,7.970394907191429,8.663542117601278,7.970740390007095
49_1537,2724,car,2724,7.909856667269403,8.60300388152127,7.9102237070973445
49_1538,17217,car,17217,9.753652546776472,10.446799728179801,9.7537106272179
49_1554,4787,car,4787,8.473659189392508,9.166806380862162,8.473868066677865
4_2241,1052,car,1052,6.9584483932976555,7.651595799753518,6.959398512133975
4_2242,14176,car,14176,9.559305672844863,10.252452854648842,9.559376212117632
4_2243,6592,car,6592,8.793612071589308,9.486759257902401,8.7937637591133
4_2248,11148,car,11148,9.319015388601839,10.012162571173405,9.319105086767571
4_2251,5685,car,5685,8.645586406184636,9.338733594479915,8.645762292210945
4_2253,26798,car,26798,10.196082536848554,10.889229717756624,10.196119852369948
4_2255,32,car,32,3.4657359027997265,4.15912713462618,3.4965075614664802
4_2265,1897,car,1897,7.5480289699350145,8.24117621996624,7.5485559791698735
4_2276,968,car,968,6.875232087276577,7.568379534638547,6.876264611890766
4_2281,220,car,220,5.393627546352362,6.086779892161543,5.3981627015177525
4_2292,1267,car,1267,7.144407180321139,7.837554516616246,7.145196134997171
4_2293,19105,car,19105,9.857705359881,10.550852541125876,9.857757700829954
4_2296,10257,car,10257,9.235715678307411,9.928862861243646,9.235813167949214
4_2298,11158,car,11158,9.319912008405474,10.013059190973436,9.320001626185702
4_2299,3373,car,3373,8.12355783506165,8.816705037595504,8.123854263105914
4_2312,6938,car,6938,8.844768827529695,9.537916013283276,8.844912950899548
4_2315,9279,car,9279,9.13550906135318,9.828656244816731,9.135616825780247
4_2326,1085,car,1085,6.98933526597456,7.682482658898259,6.990256500493881
4_2328,2469,car,2469,7.81156848934518,8.504715710915884,7.8119734296220225
4_2332,35579,car,35579,10.479510855147508,11.172658035904945,10.479538961219825
4_2334,23156,car,23156,10.050009205198895,10.743156386225085,10.050052389617964
4_2338,25607,car,25607,10.150621030590434,10.843768211531641,10.150660081649699
4_2339,33130,car,33130,10.408194495293941,11.101341676081658,10.408224678961561
4_2345,982,car,982,6.889591308354466,7.582738748163276,6.890609120147166
4_2346,232,car,232,5.44673737166631,6.139889196962028,5.4510384535657
4_2349,21077,car,21077,9.955937677537047,10.649084858659752,9.955985121493882
4_2350,780,car,780,6.659293919683638,7.352441511157202,6.660575149839686
4_2351,10388,car,10388,9.248406572782638,9.941553755659319,9.248502833070532
4_2353,1590,car,1590,7.371489295214277,8.064636574662702,7.372118028337787
4_2364,1681,car,1681,7.427144133408616,8.120291402440293,7.427738840532894
4_2365,249,car,249,5.517452896464707,6.210604109193294,5.521460917862246
4_2369,33967,car,33967,10.433144744037243,11.126291924813872,10.433174183943038
4_2370,1019,car,1019,6.926577033222725,7.619724454546634,6.927557906278317
4_2373,8840,car,8840,9.08704215563169,9.780189339390791,9.087155271405804
4_2393,9020,car,9020,9.10719961305667,9.800346796689363,9.107310471656639
4_2404,1137,car,1137,7.036148493750536,7.729295867693775,7.037027614686276
4_2410,3780,car,3780,8.237479288613633,8.930626486670288,8.237743803890933
50_1591,34754,car,34754,10.4560499522822,11.149197133049126,10.456078725534587
50_1594,383,car,383,5.948034989180646,6.641183874022173,5.950642552587727
50_1597,2253,car,2253,7.720017940432244,8.413165170243477,7.720461694599722
50_1624,29514,car,29514,10.292620006023395,10.98576718687034,10.29265388767479
50_1631,25864,car,25864,10.160607319405269,10.853754500338937,10.160645982437616
50_1641,26331,car,26331,10.178502231260227,10.871649412180755,10.178540208587767
50_1643,4806,car,4806,8.477620416296414,9.170767607679977,8.47782846789396
50_1647,956,car,956,6.862757913051401,7.555905367153365,6.863803391452954
50_1649,7917,car,7917,8.976767625171433,9.669914809719963,8.976893927666076
50_1663,2770,car,2770,7.926602599181384,8.619749812323533,7.9269635448629785
50_1670,32688,car,32688,10.394763317057404,11.08791049785132,10.394793908855744
50_1682,2954,car,2954,7.9909154630913255,8.6840626723009,7.991253929840199
50_1690,18986,car,18986,9.851457144441744,10.544604325695232,9.851509813443416
50_1696,360,car,360,5.886104031450156,6.579253141016865,5.8888779583328805
50_1704,4186,car,4186,8.339500903005945,9.032648097833182,8.339739766019143
50_1708,10269,car,10269,9.236884927198295,9.930032110128979,9.236982302922604
50_1724,14691,car,14691,9.594990340370426,10.288137522088716,9.595058406939557
50_1742,468,car,468,6.148468295917647,6.841616617903061,6.150602768446279
50_1744,1316,car,1316,7.182352111885263,7.87549943679898,7.183111701743281
50_1773,4450,car,4450,8.400659375160286,9.093806568344899,8.400884069015854
5_2419,450,car,450,6.1092475827643655,6.802395997889926,6.111467339502679
5_2443,29824,car,29824,10.303068717485317,10.996215898326328,10.303102246966116
5_2450,2920,car,2920,7.979338895262328,8.67248610514297,7.979681302387741
5_2457,38634,car,38634,10.561887996766238,11.255035177493678,10.561913880367685
5_2459,23706,car,23706,10.073483459639446,10.766630640644252,10.073525642163233
5_2460,1747,car,1747,7.465655310134056,8.15880257260725,7.466227556215481
5_2461,947,car,947,6.853299093186078,7.546446552512066,6.854354502255021
5_2462,305,car,305,5.720311776607412,6.413461644606134,5.723585101952381
5_2472,1839,car,1839,7.516977224604321,8.210124479086742,7.517520850603031
5_2476,7107,car,7107,8.868835492826895,9.56198267833641,8.868976189274543
5_2479,9920,car,9920,9.20230820027892,9.89545538337935,9.202409001649903
5_2493,31308,car,31308,10.35162893492473,11.044776115739726,10.351660875132662
5_2504,16205,car,16205,9.693075115575647,10.386222297087604,9.693136823020671
5_2505,872,car,872,6.77078942390898,7.46393693325001,6.771935555839602
5_2506,11437,car,11437,9.344608992781216,10.037756175252404,9.344696424475261
5_2507,5889,car,5889,8.68084148294457,9.373988670713215,8.681011276645632
5_2508,1124,car,1124,7.024649030453636,7.717796408896022,7.025538314638521
5_2511,224,car,224,5.4116460518550396,6.104798214839483,5.41610040220442
5_2514,10335,car,10335,9.24329147211587,9.93643865501637,9.243388226022383
5_2518,685,car,685,6.529418838262226,7.222566551615181,6.530877627725885
5_2520,6405,car,6405,8.764834214330834,9.45798140098477,8.764990330169104
5_2528,13442,car,13442,9.506139412529912,10.199286594473461,9.506213803454253
5_2549,29770,car,29770,10.301256454009822,10.994403634851853,10.301290044308947
5_2550,1577,car,1577,7.3632795869630385,8.056426868048556,7.363913501405819
5_2551,1708,car,1708,7.443078374348516,8.136225640605184,7.443663683115591
5_2565,780,car,780,6.659293919683638,7.352441511157202,6.660575149839686
5_2573,768,car,768,6.643789733147672,7.3369373375626,6.645090969505644
5_2576,6251,car,6251,8.740496729931813,9.43364391688971,8.740656691541368
5_2580,2405,car,2405,7.785305182539862,8.478452406322301,7.785720896534624
5_2586,854,car,854,6.74993119378857,7.443078717135279,6.75110146893676
6_2613,967,car,967,6.874198495453294,7.567345943367362,6.875232087276577
6_2617,22343,car,22343,10.014268351879487,10.707415532940223,10.014313107625012
6_2619,507,car,507,6.2285110035911835,6.921659156726922,6.230481447578482
6_2635,22456,car,22456,10.019313118041719,10.712460299097428,10.019357648578541
6_2639,2689,car,2689,7.896924656268864,8.590071871403508,7.897296472595885
6_2641,264,car,264,5.575949103146316,6.26909987069339,5.579729825986222
6_2665,6122,car,6122,8.719644119505357,9.412791306735725,8.719807451477955
6_2667,13746,car,13746,9.52850315168155,10.221650333564579,9.52857589747142
6_2670,3049,car,3049,8.022568946988255,8.715716154440326,8.022896869601457
6_2696,1588,car,1588,7.370230641807081,8.06337792150475,7.370860166536716
6_2697,33161,car,33161,10.409129765609965,11.102276946397254,10.409159921061319
6_2698,3759,car,3759,8.231908243564177,8.925055441816873,8.23217423638394
6_2701,6305,car,6305,8.74909824839902,9.442245435247795,8.749256840105007
6_2721,6914,car,6914,8.84130362048157,9.53445080627127,8.841448244098858
6_2731,1480,car,1480,7.299797366758161,7.9929446614524915,7.300472814267799
6_2735,24249,car,24249,10.096130658401954,10.78927783938706,10.096171896365629
6_2738,9669,car,9669,9.176680170483548,9.869827353717588,9.17678358844734
6_2750,14404,car,14404,9.575261224768767,10.268408406533675,9.575330647518628
6_2752,522,car,522,6.257667587882639,6.9508156859263845,6.259581464064923
6_2766,1666,car,1666,7.418180822726788,8.111328093358765,7.418780882750794
6_2775,9976,car,9976,9.207937487359873,9.90108467043186,9.208037722913508
6_2785,19643,car,19643,9.885476319734277,10.578623500942147,9.885527227159136
7_2803,784,car,784,6.664409020350408,7.357556607641675,6.665683717782408
7_2812,30000,car,30000,10.308952660644293,11.002099841482016,10.308985993422082
7_2825,4397,car,4397,8.388677769180811,9.081824962671606,8.388905171114706
7_2828,4930,car,4930,8.503094267036737,9.196241457882673,8.503297086224126
7_2829,95,car,95,4.553876891600541,5.247051771840578,4.564348191467836
7_2831,969,car,969,6.876264611890766,7.569412058702345,6.877296071497429
7_2834,5614,car,5614,8.633018756921828,9.326165945414001,8.633196867172543
7_2854,29608,car,29608,10.295799874065992,10.988947054911119,10.29583364815114
7_2859,4196,car,4196,8.341886969516187,9.035034164275501,8.34212526333359
7_2875,396,car,396,5.981414211254481,6.674562986035693,5.983936280687191
7_2877,6886,car,6886,8.83724564389847,9.530392829730786,8.837390855544697
7_2908,1332,car,1332,7.194436851100335,7.887584172566923,7.195187320178709
7_2911,169,car,169,5.1298987149230735,5.8230546485630095,5.135798437050262
7_2913,1527,car,1527,7.3310603052186325,8.024207592995136,7.331714969726466
7_2916,617,car,617,6.424869023905388,7.118016861168715,6.42648845745769
7_2923,9991,car,9991,9.209439966733019,9.90258714979747,9.209540051805414
7_2933,1671,car,1671,7.421177528595393,8.114324798689147,7.421775793644647
7_2941,15208,car,15208,9.629576884168266,10.322724065809137,9.629642636872369
7_2959,246,car,246,5.5053315359323625,6.1984828476055815,5.5093883366279774
7_2965,18946,car,18946,9.84934810643548,10.5424952876919,9.849400886632361
7_2972,5599,car,5599,8.630343289348893,9.323490477883626,8.630521876723241
7_2973,8,car,8,2.0794415416798357,2.7764722807237177,2.1972245773362196
42_0590,0,car,0,,0.0,0.0
46_0806,0,car,0,,0.0,0.0
48_1203,0,car,0,,0.0,0.0
42_0591,0,car,0,,0.0,0.0
42_0566,0,car,0,,0.0,0.0
12_3379,0,car,0,,0.0,0.0
42_0462,0,car,0,,0.0,0.0
2_1952,0,car,0,,0.0,0.0
5_2575,0,car,0,,0.0,0.0
7_2870,0,car,0,,0.0,0.0
2_1908,0,car,0,,0.0,0.0
10_3154,0,car,0,,0.0,0.0
13_3581,0,car,0,,0.0,0.0
6_2610,0,car,0,,0.0,0.0
42_0109,0,car,0,,0.0,0.0
42_0416,0,car,0,,0.0,0.0
6_2777,0,car,0,,0.0,0.0
10_3187,0,car,0,,0.0,0.0
12_3280,0,car,0,,0.0,0.0
46_0996,0,car,0,,0.0,0.0
4_2287,0,car,0,,0.0,0.0
6_2753,0,car,0,,0.0,0.0
42_0127,0,car,0,,0.0,0.0
50_1698,0,car,0,,0.0,0.0
4_2305,0,car,0,,0.0,0.0
42_0202,0,car,0,,0.0,0.0
5_2427,0,car,0,,0.0,0.0
2_1990,0,car,0,,0.0,0.0
16_4076,0,car,0,,0.0,0.0
2_1886,0,car,0,,0.0,0.0
16_3838,0,car,0,,0.0,0.0
13_3444,0,car,0,,0.0,0.0
42_0325,0,car,0,,0.0,0.0
48_1217,0,car,0,,0.0,0.0
42_0149,0,car,0,,0.0,0.0
7_2889,0,car,0,,0.0,0.0
3_2032,0,car,0,,0.0,0.0
42_0206,0,car,0,,0.0,0.0
12_3320,0,car,0,,0.0,0.0
47_1049,0,car,0,,0.0,0.0
49_1583,0,car,0,,0.0,0.0
13_3566,0,car,0,,0.0,0.0
46_0823,0,car,0,,0.0,0.0
4_2267,0,car,0,,0.0,0.0
45_620,0,car,0,,0.0,0.0
46_0963,0,car,0,,0.0,0.0
4_2237,0,car,0,,0.0,0.0
6_2680,0,car,0,,0.0,0.0
5_2437,0,car,0,,0.0,0.0
3_2189,0,car,0,,0.0,0.0
47_1140,0,car,0,,0.0,0.0
2_1876,0,car,0,,0.0,0.0
12_3254,0,car,0,,0.0,0.0
45_750,0,car,0,,0.0,0.0
3_2126,0,car,0,,0.0,0.0
48_1309,0,car,0,,0.0,0.0
49_1517,0,car,0,,0.0,0.0
46_0992,0,car,0,,0.0,0.0
6_2611,0,car,0,,0.0,0.0
4_2335,0,car,0,,0.0,0.0
2_1878,0,car,0,,0.0,0.0
5_2574,0,car,0,,0.0,0.0
12_3220,0,car,0,,0.0,0.0
42_0394,0,car,0,,0.0,0.0
5_2593,0,car,0,,0.0,0.0
4_2235,0,car,0,,0.0,0.0
5_2475,0,car,0,,0.0,0.0
10_3166,0,car,0,,0.0,0.0
48_1214,0,car,0,,0.0,0.0
46_0802,0,car,0,,0.0,0.0
46_0993,0,car,0,,0.0,0.0
10_3022,0,car,0,,0.0,0.0
7_2975,0,car,0,,0.0,0.0
5_2469,0,car,0,,0.0,0.0
16_3972,0,car,0,,0.0,0.0
42_0310,0,car,0,,0.0,0.0
4_2238,0,car,0,,0.0,0.0
7_2880,0,car,0,,0.0,0.0
47_1183,0,car,0,,0.0,0.0
2_1866,0,car,0,,0.0,0.0
16_4068,0,car,0,,0.0,0.0
45_737,0,car,0,,0.0,0.0
6_2661,0,car,0,,0.0,0.0
10_3006,0,car,0,,0.0,0.0
42_0091,0,car,0,,0.0,0.0
16_3948,0,car,0,,0.0,0.0
42_0186,0,car,0,,0.0,0.0
3_2095,0,car,0,,0.0,0.0
10_3167,0,car,0,,0.0,0.0
6_2709,0,car,0,,0.0,0.0
48_1205,0,car,0,,0.0,0.0
4_2280,0,car,0,,0.0,0.0
50_1667,0,car,0,,0.0,0.0
12_3193,0,car,0,,0.0,0.0
47_1167,0,car,0,,0.0,0.0
5_2455,0,car,0,,0.0,0.0
3_2188,0,car,0,,0.0,0.0
6_2756,0,car,0,,0.0,0.0
4_2246,0,car,0,,0.0,0.0
2_1811,0,car,0,,0.0,0.0
42_0124,0,car,0,,0.0,0.0
7_2919,0,car,0,,0.0,0.0
50_1665,0,car,0,,0.0,0.0
7_2896,0,car,0,,0.0,0.0
42_0115,0,car,0,,0.0,0.0
4_2407,0,car,0,,0.0,0.0
3_2211,0,car,0,,0.0,0.0
3_2093,0,car,0,,0.0,0.0
3_2111,0,car,0,,0.0,0.0
45_664,0,car,0,,0.0,0.0
5_2546,0,car,0,,0.0,0.0
12_3390,0,car,0,,0.0,0.0
49_1430,0,car,0,,0.0,0.0
42_0179,0,car,0,,0.0,0.0
45_626,0,car,0,,0.0,0.0
42_0113,0,car,0,,0.0,0.0
42_0173,0,car,0,,0.0,0.0
3_2068,0,car,0,,0.0,0.0
7_2804,0,car,0,,0.0,0.0
46_0954,0,car,0,,0.0,0.0
12_3378,0,car,0,,0.0,0.0
10_3099,0,car,0,,0.0,0.0
4_2270,0,car,0,,0.0,0.0
42_0523,0,car,0,,0.0,0.0
2_1796,0,car,0,,0.0,0.0
2_2017,0,car,0,,0.0,0.0
13_3416,0,car,0,,0.0,0.0
2_1801,0,car,0,,0.0,0.0
45_708,0,car,0,,0.0,0.0
3_2080,0,car,0,,0.0,0.0
42_0130,0,car,0,,0.0,0.0
4_2355,0,car,0,,0.0,0.0
50_1767,0,car,0,,0.0,0.0
4_2411,0,car,0,,0.0,0.0
6_2705,0,car,0,,0.0,0.0
42_0421,0,car,0,,0.0,0.0
49_1540,0,car,0,,0.0,0.0
5_2487,0,car,0,,0.0,0.0
4_2342,0,car,0,,0.0,0.0
10_3054,0,car,0,,0.0,0.0
5_2531,0,car,0,,0.0,0.0
46_0967,0,car,0,,0.0,0.0
4_2286,0,car,0,,0.0,0.0
7_2879,0,car,0,,0.0,0.0
45_612,0,car,0,,0.0,0.0
47_1086,0,car,0,,0.0,0.0
42_0455,0,car,0,,0.0,0.0
49_1584,0,car,0,,0.0,0.0
7_2847,0,car,0,,0.0,0.0
49_1547,0,car,0,,0.0,0.0
10_3152,0,car,0,,0.0,0.0
3_2106,0,car,0,,0.0,0.0
46_0855,0,car,0,,0.0,0.0
47_1162,0,car,0,,0.0,0.0
6_2669,0,car,0,,0.0,0.0
42_0097,0,car,0,,0.0,0.0
4_2319,0,car,0,,0.0,0.0
46_0863,0,car,0,,0.0,0.0
12_3240,0,car,0,,0.0,0.0
4_2230,0,car,0,,0.0,0.0
2_1957,0,car,0,,0.0,0.0
4_2307,0,car,0,,0.0,0.0
4_2414,0,car,0,,0.0,0.0
6_2742,0,car,0,,0.0,0.0
10_3144,0,car,0,,0.0,0.0
45_712,0,car,0,,0.0,0.0
12_3285,0,car,0,,0.0,0.0
2_1962,0,car,0,,0.0,0.0
42_0002,0,car,0,,0.0,0.0
12_3313,0,car,0,,0.0,0.0
12_3317,0,car,0,,0.0,0.0
46_0994,0,car,0,,0.0,0.0
2_1852,0,car,0,,0.0,0.0
4_2397,0,car,0,,0.0,0.0
48_1359,0,car,0,,0.0,0.0
42_0152,0,car,0,,0.0,0.0
45_726,0,car,0,,0.0,0.0
6_2758,0,car,0,,0.0,0.0
45_638,0,car,0,,0.0,0.0
50_1748,0,car,0,,0.0,0.0
10_3063,0,car,0,,0.0,0.0
46_0890,0,car,0,,0.0,0.0
49_1478,0,car,0,,0.0,0.0
12_3393,0,car,0,,0.0,0.0
3_2185,0,car,0,,0.0,0.0
46_0903,0,car,0,,0.0,0.0
16_4040,0,car,0,,0.0,0.0
42_0409,0,car,0,,0.0,0.0
42_0163,0,car,0,,0.0,0.0
49_1451,0,car,0,,0.0,0.0
46_0889,0,car,0,,0.0,0.0
13_3519,0,car,0,,0.0,0.0
42_0101,0,car,0,,0.0,0.0
46_0810,0,car,0,,0.0,0.0
42_0410,0,car,0,,0.0,0.0
7_2821,0,car,0,,0.0,0.0
2_1945,0,car,0,,0.0,0.0
4_2250,0,car,0,,0.0,0.0
47_1149,0,car,0,,0.0,0.0
10_3093,0,car,0,,0.0,0.0
12_3189,0,car,0,,0.0,0.0
2_1977,0,car,0,,0.0,0.0
50_1755,0,car,0,,0.0,0.0
3_2104,0,car,0,,0.0,0.0
42_0212,0,car,0,,0.0,0.0
13_3454,0,car,0,,0.0,0.0
4_2416,0,car,0,,0.0,0.0
49_1503,0,car,0,,0.0,0.0
2_1865,0,car,0,,0.0,0.0
46_0904,0,car,0,,0.0,0.0
48_1289,0,car,0,,0.0,0.0
2_1891,0,car,0,,0.0,0.0
12_3215,0,car,0,,0.0,0.0
4_2377,0,car,0,,0.0,0.0
47_1159,0,car,0,,0.0,0.0
7_2964,0,car,0,,0.0,0.0
12_3294,0,car,0,,0.0,0.0
10_3183,0,car,0,,0.0,0.0
3_2148,0,car,0,,0.0,0.0
13_3560,0,car,0,,0.0,0.0
49_1581,0,car,0,,0.0,0.0
5_2442,0,car,0,,0.0,0.0
50_1761,0,car,0,,0.0,0.0
12_3306,0,car,0,,0.0,0.0
2_1972,0,car,0,,0.0,0.0
12_3297,0,car,0,,0.0,0.0
4_2380,0,car,0,,0.0,0.0
7_2849,0,car,0,,0.0,0.0
5_2562,0,car,0,,0.0,0.0
10_3053,0,car,0,,0.0,0.0
50_1593,0,car,0,,0.0,0.0
6_2737,0,car,0,,0.0,0.0
6_2764,0,car,0,,0.0,0.0
5_2558,0,car,0,,0.0,0.0
48_1340,0,car,0,,0.0,0.0
47_1078,0,car,0,,0.0,0.0
10_2982,0,car,0,,0.0,0.0
2_1868,0,car,0,,0.0,0.0
42_0487,0,car,0,,0.0,0.0
4_2379,0,car,0,,0.0,0.0
2_1816,0,car,0,,0.0,0.0
12_3211,0,car,0,,0.0,0.0
45_598,0,car,0,,0.0,0.0
3_2156,0,car,0,,0.0,0.0
42_0121,0,car,0,,0.0,0.0
50_1680,0,car,0,,0.0,0.0
12_3329,0,car,0,,0.0,0.0
50_1679,0,car,0,,0.0,0.0
6_2638,0,car,0,,0.0,0.0
12_3334,0,car,0,,0.0,0.0
48_1282,0,car,0,,0.0,0.0
5_2444,0,car,0,,0.0,0.0
12_3256,0,car,0,,0.0,0.0
6_2768,0,car,0,,0.0,0.0
5_2458,0,car,0,,0.0,0.0
50_1686,0,car,0,,0.0,0.0
12_3324,0,car,0,,0.0,0.0
47_1052,0,car,0,,0.0,0.0
5_2453,0,car,0,,0.0,0.0
10_3155,0,car,0,,0.0,0.0
42_0457,0,car,0,,0.0,0.0
42_0207,0,car,0,,0.0,0.0
5_2543,0,car,0,,0.0,0.0
5_2431,0,car,0,,0.0,0.0
7_2799,0,car,0,,0.0,0.0
3_2096,0,car,0,,0.0,0.0
46_0931,0,car,0,,0.0,0.0
10_2989,0,car,0,,0.0,0.0
42_0193,0,car,0,,0.0,0.0
12_3228,0,car,0,,0.0,0.0
13_3497,0,car,0,,0.0,0.0
45_690,0,car,0,,0.0,0.0
3_2146,0,car,0,,0.0,0.0
42_0208,0,car,0,,0.0,0.0
6_2759,0,car,0,,0.0,0.0
16_4067,0,car,0,,0.0,0.0
42_0151,0,car,0,,0.0,0.0
42_0213,0,car,0,,0.0,0.0
10_3171,0,car,0,,0.0,0.0
45_743,0,car,0,,0.0,0.0
4_2336,0,car,0,,0.0,0.0
4_2396,0,car,0,,0.0,0.0
7_2924,0,car,0,,0.0,0.0
46_0843,0,car,0,,0.0,0.0
49_1524,0,car,0,,0.0,0.0
10_3064,0,car,0,,0.0,0.0
45_707,0,car,0,,0.0,0.0
42_0123,0,car,0,,0.0,0.0
46_0937,0,car,0,,0.0,0.0
7_2892,0,car,0,,0.0,0.0
46_0849,0,car,0,,0.0,0.0
4_2383,0,car,0,,0.0,0.0
46_1007,0,car,0,,0.0,0.0
2_1827,0,car,0,,0.0,0.0
2_1859,0,car,0,,0.0,0.0
12_3195,0,car,0,,0.0,0.0
4_2245,0,car,0,,0.0,0.0
6_2712,0,car,0,,0.0,0.0
42_0196,0,car,0,,0.0,0.0
13_3504,0,car,0,,0.0,0.0
50_1603,0,car,0,,0.0,0.0
3_2199,0,car,0,,0.0,0.0
48_1372,0,car,0,,0.0,0.0
50_1617,0,car,0,,0.0,0.0
50_1616,0,car,0,,0.0,0.0
3_2151,0,car,0,,0.0,0.0
4_2398,0,car,0,,0.0,0.0
49_1505,0,car,0,,0.0,0.0
50_1782,0,car,0,,0.0,0.0
47_1192,0,car,0,,0.0,0.0
42_0368,0,car,0,,0.0,0.0
42_0162,0,car,0,,0.0,0.0
47_1089,0,car,0,,0.0,0.0
3_2081,0,car,0,,0.0,0.0
47_1125,0,car,0,,0.0,0.0
14_3644,0,car,0,,0.0,0.0
49_1563,0,car,0,,0.0,0.0
12_3372,0,car,0,,0.0,0.0
42_0388,0,car,0,,0.0,0.0
6_2715,0,car,0,,0.0,0.0
2_1970,0,car,0,,0.0,0.0
42_0211,0,car,0,,0.0,0.0
42_0384,0,car,0,,0.0,0.0
6_2651,0,car,0,,0.0,0.0
42_0439,0,car,0,,0.0,0.0
42_0108,0,car,0,,0.0,0.0
4_2244,0,car,0,,0.0,0.0
4_2395,0,car,0,,0.0,0.0
12_3376,0,car,0,,0.0,0.0
45_694,0,car,0,,0.0,0.0
2_2010,0,car,0,,0.0,0.0
46_0919,0,car,0,,0.0,0.0
6_2782,0,car,0,,0.0,0.0
42_0197,0,car,0,,0.0,0.0
48_1238,0,car,0,,0.0,0.0
5_2424,0,car,0,,0.0,0.0
7_2824,0,car,0,,0.0,0.0
6_2607,0,car,0,,0.0,0.0
4_2361,0,car,0,,0.0,0.0
42_0448,0,car,0,,0.0,0.0
50_1732,0,car,0,,0.0,0.0
42_0496,0,car,0,,0.0,0.0
4_2371,0,car,0,,0.0,0.0
5_2559,0,car,0,,0.0,0.0
10_3069,0,car,0,,0.0,0.0
42_0396,0,car,0,,0.0,0.0
3_2155,0,car,0,,0.0,0.0
10_3149,0,car,0,,0.0,0.0
5_2440,0,car,0,,0.0,0.0
5_2489,0,car,0,,0.0,0.0
6_2615,0,car,0,,0.0,0.0
49_1555,0,car,0,,0.0,0.0
50_1750,0,car,0,,0.0,0.0
12_3204,0,car,0,,0.0,0.0
5_2494,0,car,0,,0.0,0.0
45_768,0,car,0,,0.0,0.0
3_2100,0,car,0,,0.0,0.0
3_2175,0,car,0,,0.0,0.0
16_3848,0,car,0,,0.0,0.0
45_674,0,car,0,,0.0,0.0
42_0154,0,car,0,,0.0,0.0
42_0420,0,car,0,,0.0,0.0
3_2133,0,car,0,,0.0,0.0
5_2589,0,car,0,,0.0,0.0
47_1015,0,car,0,,0.0,0.0
42_0517,0,car,0,,0.0,0.0
47_1050,0,car,0,,0.0,0.0
16_3853,0,car,0,,0.0,0.0
42_0164,0,car,0,,0.0,0.0
3_2135,0,car,0,,0.0,0.0
42_0567,0,car,0,,0.0,0.0
10_3049,0,car,0,,0.0,0.0
6_2675,0,car,0,,0.0,0.0
3_2153,0,car,0,,0.0,0.0
10_3159,0,car,0,,0.0,0.0
7_2788,0,car,0,,0.0,0.0
12_3210,0,car,0,,0.0,0.0
16_4075,0,car,0,,0.0,0.0
49_1522,0,car,0,,0.0,0.0
2_1892,0,car,0,,0.0,0.0
10_3101,0,car,0,,0.0,0.0
50_1587,0,car,0,,0.0,0.0
5_2552,0,car,0,,0.0,0.0
2_1898,0,car,0,,0.0,0.0
12_3188,0,car,0,,0.0,0.0
4_2252,0,car,0,,0.0,0.0
42_0072,0,car,0,,0.0,0.0
4_2297,0,car,0,,0.0,0.0
16_3872,0,car,0,,0.0,0.0
47_1057,0,car,0,,0.0,0.0
2_1946,0,car,0,,0.0,0.0
42_0187,0,car,0,,0.0,0.0
46_0878,0,car,0,,0.0,0.0
49_1441,0,car,0,,0.0,0.0
5_2547,0,car,0,,0.0,0.0
12_3199,0,car,0,,0.0,0.0
13_3460,0,car,0,,0.0,0.0
10_3016,0,car,0,,0.0,0.0
5_2445,0,car,0,,0.0,0.0
16_4097,0,car,0,,0.0,0.0
46_0808,0,car,0,,0.0,0.0
5_2521,0,car,0,,0.0,0.0
2_1914,0,car,0,,0.0,0.0
50_1725,0,car,0,,0.0,0.0
5_2492,0,car,0,,0.0,0.0
6_2676,0,car,0,,0.0,0.0
10_3184,0,car,0,,0.0,0.0
46_0891,0,car,0,,0.0,0.0
4_2273,0,car,0,,0.0,0.0
46_0990,0,car,0,,0.0,0.0
42_0485,0,car,0,,0.0,0.0
2_1923,0,car,0,,0.0,0.0
47_1064,0,car,0,,0.0,0.0
13_3502,0,car,0,,0.0,0.0
6_2745,0,car,0,,0.0,0.0
5_2584,0,car,0,,0.0,0.0
48_1312,0,car,0,,0.0,0.0
46_0882,0,car,0,,0.0,0.0
2_1837,0,car,0,,0.0,0.0
6_2674,0,car,0,,0.0,0.0
10_3043,0,car,0,,0.0,0.0
42_0459,0,car,0,,0.0,0.0
46_0915,0,car,0,,0.0,0.0
16_3989,0,car,0,,0.0,0.0
5_2420,0,car,0,,0.0,0.0
5_2536,0,car,0,,0.0,0.0
16_4080,0,car,0,,0.0,0.0
3_2209,0,car,0,,0.0,0.0
12_3345,0,car,0,,0.0,0.0
3_2178,0,car,0,,0.0,0.0
10_3139,0,car,0,,0.0,0.0
7_2974,0,car,0,,0.0,0.0
16_4102,0,car,0,,0.0,0.0
50_1650,0,car,0,,0.0,0.0
42_0423,0,car,0,,0.0,0.0
5_2495,0,car,0,,0.0,0.0
16_3908,0,car,0,,0.0,0.0
49_1389,0,car,0,,0.0,0.0
4_2356,0,car,0,,0.0,0.0
7_2830,0,car,0,,0.0,0.0
4_2352,0,car,0,,0.0,0.0
46_0840,0,car,0,,0.0,0.0
5_2497,0,car,0,,0.0,0.0
48_1292,0,car,0,,0.0,0.0
6_2662,0,car,0,,0.0,0.0
3_2186,0,car,0,,0.0,0.0
42_0327,0,car,0,,0.0,0.0
48_1290,0,car,0,,0.0,0.0
42_0438,0,car,0,,0.0,0.0
6_2636,0,car,0,,0.0,0.0
12_3279,0,car,0,,0.0,0.0
13_3571,0,car,0,,0.0,0.0
42_0314,0,car,0,,0.0,0.0
7_2897,0,car,0,,0.0,0.0
2_1822,0,car,0,,0.0,0.0
12_3223,0,car,0,,0.0,0.0
5_2532,0,car,0,,0.0,0.0
47_1065,0,car,0,,0.0,0.0
4_2389,0,car,0,,0.0,0.0
6_2649,0,car,0,,0.0,0.0
48_1329,0,car,0,,0.0,0.0
4_2294,0,car,0,,0.0,0.0
10_3056,0,car,0,,0.0,0.0
6_2643,0,car,0,,0.0,0.0
13_3496,0,car,0,,0.0,0.0
42_0385,0,car,0,,0.0,0.0
3_2218,0,car,0,,0.0,0.0
6_2761,0,car,0,,0.0,0.0
4_2277,0,car,0,,0.0,0.0
7_2970,0,car,0,,0.0,0.0
2_1942,0,car,0,,0.0,0.0
4_2372,0,car,0,,0.0,0.0
45_691,0,car,0,,0.0,0.0
5_2522,0,car,0,,0.0,0.0
12_3239,0,car,0,,0.0,0.0
47_1085,0,car,0,,0.0,0.0
45_631,0,car,0,,0.0,0.0
5_2488,0,car,0,,0.0,0.0
46_0925,0,car,0,,0.0,0.0
12_3321,0,car,0,,0.0,0.0
49_1443,0,car,0,,0.0,0.0
6_2614,0,car,0,,0.0,0.0
7_2920,0,car,0,,0.0,0.0
4_2327,0,car,0,,0.0,0.0
12_3218,0,car,0,,0.0,0.0
3_2070,0,car,0,,0.0,0.0
46_0839,0,car,0,,0.0,0.0
46_0980,0,car,0,,0.0,0.0
12_3319,0,car,0,,0.0,0.0
10_2980,10934,pt,10934,9.299632479454944,9.992779662106024,9.299723933110869
10_3003,128,pt,128,4.852030263919617,5.545192702919391,4.859812404361672
10_3014,3930,pt,3930,8.276394704863307,8.969541901609825,8.27664912542186
10_3018,239,pt,239,5.476463551931511,6.169615109136801,5.480638923341991
10_3034,13397,pt,13397,9.502786080276985,10.195933262229847,9.502860721068213
10_3038,190,pt,190,5.247024072160486,5.940178177856251,5.25227342804663
10_3040,960,pt,960,6.866933284461882,7.560080736289078,6.8679744089702925
10_3047,2275,pt,2275,7.729735331385051,8.422882560248338,7.730174795246222
10_3055,2144,pt,2144,7.670428522190693,8.36357575713705,7.6708948313621175
10_3065,697,pt,697,6.546785410760524,7.239933105925606,6.548219102762372
10_3078,367,pt,367,5.905361848054571,6.598510884737168,5.908082938168931
10_3102,17706,pt,17706,9.781658844170995,10.474806025528382,9.781715320606217
10_3109,1473,pt,1473,7.29505641646263,7.988203712244318,7.295735072749282
10_3112,869,pt,869,6.767343125265392,7.460490636880405,6.76849321164863
10_3125,11713,pt,11713,9.368454615069874,10.061601797452052,9.368539986649727
10_3145,601,pt,601,6.398594934535208,7.091742807229838,6.400257445308821
10_3147,44,pt,44,3.784189633918261,4.477465921704087,3.8066624897703196
10_3148,8568,pt,8568,9.055789612127585,9.748936796093032,9.055906318669118
10_3170,257,pt,257,5.54907608489522,6.242227050502336,5.552959584921617
10_3173,13666,pt,13666,9.522666275340724,10.215813457239289,9.5227394469648
10_3178,6741,pt,6741,8.815963560853438,9.509110746915013,8.816111895794005
10_3179,25,pt,25,3.2188758248682006,3.9124227656412556,3.258096538021482
10_3181,3660,pt,3660,8.205218426395412,8.8983656256182,8.205491613120236
10_3185,279,pt,279,5.631211781821365,6.32436217404092,5.634789603169249
10_3186,155,pt,155,5.043425116919247,5.736582703144037,5.049856007249537
12_3142,6031,pt,6031,8.704668113450987,9.397815300884169,8.704833909687792
12_3212,781,pt,781,6.660575149839686,7.353722740261649,6.661854740545311
12_3221,367,pt,367,5.905361848054571,6.598510884737168,5.908082938168931
12_3234,3075,pt,3075,8.031060180240619,8.72420738723985,8.031385330625534
12_3273,2823,pt,2823,7.945555428253489,8.638702640183704,7.945909598613133
12_3293,110,pt,110,4.700480365792417,5.3936482068690905,4.709530201312334
12_3303,3267,pt,3267,8.09162741160107,8.784774615583972,8.091933455979893
12_3311,9826,pt,9826,9.192787212728593,9.885934395877863,9.192888978362427
12_3336,12,pt,12,2.4849066497880004,3.179785437699879,2.5649493574615367
12_3342,6,pt,6,1.791759469228055,2.491779852644912,1.9459101490553132
12_3353,8798,pt,8798,9.082279701908664,9.775426885698383,9.08239335764556
12_3355,32,pt,32,3.4657359027997265,4.15912713462618,3.4965075614664802
12_3358,1230,pt,1230,7.114769448366463,7.8079167941719225,7.115582126184454
12_3359,7265,pt,7265,8.890823576004383,9.583970761300952,8.890961212781146
12_3362,4333,pt,4333,8.374015421739909,9.067162615615512,8.374246182096304
12_3363,12868,pt,12868,9.462498888358917,10.155646070428658,9.462576597493666
12_3365,13,pt,13,2.5649493574615367,3.2595725562629214,2.6390573296152584
12_3391,4301,pt,4301,8.366602832783736,9.059750026858216,8.366835309827675
13_3399,3253,pt,3253,8.087332926473351,8.7804801306583,8.087640287778983
13_3409,57,pt,57,4.04305126783455,4.736275386267657,4.060443010546419
13_3417,4109,pt,4109,8.32093496888341,9.014082164250377,8.32117830749028
13_3424,85,pt,85,4.442651256490317,5.135833037330569,4.454347296253507
13_3429,15962,pt,15962,9.677966176435953,10.371113357977118,9.678028823264478
13_3431,216,pt,216,5.375278407684165,6.06843094656867,5.37989735354046
13_3433,509,pt,509,6.2324480165505225,6.925596162058257,6.234410725718371
13_3438,2377,pt,2377,7.773594467360194,8.466741692166913,7.774015077250727
13_3441,941,pt,941,6.846943139585379,7.540090602477632,6.848005274576363
13_3456,98,pt,98,4.584967478670572,5.278140689034662,4.59511985013459
13_3457,316,pt,316,5.755742213586912,6.448891897742647,5.75890177387728
13_3472,543,pt,543,6.297109319933935,6.990257348384435,6.298949246855942
13_3476,731,pt,731,6.594413459749778,7.2875611081579095,6.595780513961311
13_3492,9021,pt,9021,9.107310471656639,9.800457655288652,9.107421317968342
13_3520,380,pt,380,5.940171252720432,6.633320164577819,5.942799375126701
13_3539,602,pt,602,6.400257445308821,7.093405315705913,6.401917196727186
13_3548,214,pt,214,5.365976015021851,6.0591286545291485,5.3706380281276624
13_3590,116,pt,116,4.7535901911063645,5.446755950221092,4.762173934797756
14_3612,19,pt,19,2.9444389791664403,3.6382779622295387,2.995732273553991
14_3618,16522,pt,16522,9.712448105122451,10.405595286598226,9.71250862865099
14_3619,453,pt,453,6.115892125483034,6.809040524310907,6.118097198041348
14_3622,5682,pt,5682,8.645058562414134,9.338205750717583,8.645234541297121
14_3624,14461,pt,14461,9.579210649614792,10.27235783137022,9.579279798734897
14_3627,472,pt,472,6.156978985585555,6.850127288306783,6.159095388491933
14_3628,275,pt,275,5.616771097666572,6.309921583995249,5.62040086571715
14_3630,1492,pt,1492,7.307872780763706,8.001020073629478,7.30854279753919
14_3631,1002,pt,1002,6.90975328164481,7.6029007112076545,6.910750787961936
14_3633,4779,pt,4779,8.471986598578159,9.165133790084369,8.472195825485501
14_3639,6761,pt,6761,8.818926087090677,9.512073273119752,8.819073983267831
14_3657,2112,pt,2112,7.655390644826152,8.348537881433069,7.655864017616056
14_3660,2241,pt,2241,7.714677473800927,8.40782470414103,7.715123603632105
14_3673,119,pt,119,4.77912349311153,5.4722883273244625,4.787491742782046
14_3674,47,pt,47,3.8501476017100584,4.543407936444133,3.871201010907891
14_3675,177,pt,177,5.176149732573829,5.869304892865257,5.181783550292085
14_3676,360,pt,360,5.886104031450156,6.579253141016865,5.8888779583328805
14_3692,17016,pt,17016,9.741909356880074,10.435056538303444,9.741968123371437
14_3695,10637,pt,10637,9.272093768251665,9.96524095102115,9.272187775302262
14_3712,177,pt,177,5.176149732573829,5.869304892865257,5.181783550292085
14_3713,2767,pt,2767,7.925518979786926,8.618666192999765,7.92588031673756
14_3720,903,pt,903,6.805722553416985,7.498870040571394,6.806829360392176
14_3724,2550,pt,2550,7.843848638152472,8.536995857159166,7.844240718141811
14_3729,6007,pt,6007,8.700680734850161,9.393827922338376,8.700847193443972
14_3735,6257,pt,6257,8.741456115998364,9.434603302943996,8.741615924228828
14_3739,191,pt,191,5.25227342804663,5.945427461418456,5.2574953720277815
14_3741,99,pt,99,4.59511985013459,5.288292537319899,4.605170185988092
14_3746,622,pt,622,6.432940092739179,7.12608791948702,6.434546518787453
16_3753,12183,pt,12183,9.407796816354407,10.1009439985987,9.407878894574997
16_3793,2814,pt,2814,7.942362237674335,8.635509449805532,7.942717540573791
16_3794,7715,pt,7715,8.950921764797261,9.644068949557388,8.951051374025619
16_3797,18820,pt,18820,9.842675413139371,10.535822594405147,9.842728546690564
16_3803,573,pt,573,6.35088571671474,7.044033658705184,6.352629396319567
16_3807,646,pt,646,6.470799503782602,7.163947283408424,6.472346294500901
16_3820,10515,pt,10515,9.2605580881368,9.953705270957855,9.260653185849772
16_3823,29,pt,29,3.367295829986474,4.060740143244572,3.4011973816621555
16_3828,16522,pt,16522,9.712448105122451,10.405595286598226,9.71250862865099
16_3829,1216,pt,1216,7.103322062526113,7.796469412158469,7.104144092987527
16_3835,5800,pt,5800,8.66561319653451,9.358760384526084,8.665785595466064
16_3841,5609,pt,5609,8.632127729508337,9.325274918014658,8.632305998516742
16_3842,7284,pt,7284,8.8934354408475,9.586582626119387,8.893572718629306
16_3846,2152,pt,2152,7.674152921281675,8.367300155824424,7.674617497364363
16_3851,82,pt,82,4.406719247264253,5.099903606000664,4.418840607796598
16_3856,305,pt,305,5.720311776607412,6.413461644606134,5.723585101952381
16_3862,10692,pt,10692,9.277251077258809,9.97039826000562,9.277344600756656
16_3868,22,pt,22,3.091042453358316,3.7847057630994327,3.1354942159291497
16_3881,1905,pt,1905,7.552237287560802,8.245384537009766,7.552762084214147
16_3887,287,pt,287,5.659482215759621,6.3526324314281855,5.662960480135946
16_3891,2,pt,2,0.6931471805599453,1.4436354751788103,1.0986122886681098
16_3892,135,pt,135,4.90527477843843,5.598435676137257,4.912654885736052
16_3893,852,pt,852,6.747586526829315,7.44073405178724,6.748759547491679
16_3894,957,pt,957,6.863803391452954,7.55695084498355,6.86484777797086
16_3900,165,pt,165,5.10594547390058,5.7991018370705,5.111987788356544
16_3906,6841,pt,6841,8.830689198760998,9.523836384662905,8.830835365537549
16_3915,4339,pt,4339,8.37539918579835,9.068546379637153,8.375629627094451
16_3918,408,pt,408,6.0112671744041615,6.7044158567869445,6.013715156042802
16_3919,3592,pt,3592,8.18646442942209,8.879611629358179,8.186742787113518
16_3922,4558,pt,4558,8.42463920980563,9.117786402399059,8.424858580213442
16_3924,15,pt,15,2.70805020110221,3.4023066454805946,2.772588722239781
16_3927,218,pt,218,5.384495062789089,6.0776475038074835,5.389071729816501
16_3934,15499,pt,15499,9.648530784697051,10.341677966297713,9.648595302907339
16_3946,301,pt,301,5.707110264748875,6.400260204648842,5.71042701737487
16_3947,53,pt,53,3.970291913552122,4.663528081877013,3.9889840465642745
16_3949,1748,pt,1748,7.466227556215481,8.159374818594978,7.466799475018602
16_3954,604,pt,604,6.403574197934815,7.0967220637710176,6.405228458030842
16_3961,2608,pt,2608,7.866338923046544,8.559486140362198,7.866722285136729
16_3969,6959,pt,6959,8.84779106484485,9.540938250567132,8.847934753328465
16_3970,777,pt,777,6.655440350367647,7.348587945020414,6.656726524178391
16_3971,19882,pt,19882,9.897570078772091,10.590717259964476,9.89762037425808
16_3976,2205,pt,2205,7.6984827878809465,8.391630019859793,7.698936199813447
16_3983,3506,pt,3506,8.16223106548118,8.855378266379496,8.162516250140179
16_3987,4949,pt,4949,8.506940814951886,9.200088005718996,8.507142855562735
16_4000,57,pt,57,4.04305126783455,4.736275386267657,4.060443010546419
16_4006,4,pt,4,1.3862943611198906,2.0947125472611012,1.6094379124341003
16_4007,457,pt,457,6.124683390894205,6.817831768489095,6.126869184114185
16_4008,140,pt,140,4.941642422609304,5.634802358027258,4.948759890378168
16_4020,57,pt,57,4.04305126783455,4.736275386267657,4.060443010546419
16_4021,595,pt,595,6.38856140554563,7.081709292269646,6.39024066706535
16_4024,597,pt,597,6.391917113392602,7.085064995393131,6.393590753950631
16_4032,8194,pt,8194,9.011157458106817,9.704304642390234,9.01127949117793
16_4033,19672,pt,19672,9.886951583896028,10.580098765101988,9.887002416276266
16_4034,14837,pt,14837,9.604879339950793,10.298026521646397,9.604946736749472
16_4037,660,pt,660,6.492239835020471,7.185387589500951,6.493753839851686
16_4039,3364,pt,3364,8.120886021092838,8.814033223744428,8.121183242078828
16_4041,3531,pt,3531,8.169336395928386,8.862483596539725,8.16961956172385
16_4046,1387,pt,1387,7.234898420314831,7.928045730827984,7.23561914106675
16_4057,7,pt,7,1.9459101490553132,2.644120761058629,2.0794415416798357
16_4059,8486,pt,8486,9.04617302576227,9.73932020979385,9.046290859969677
16_4060,422,pt,422,6.045005314036012,6.7381538984249,6.0473721790462776
16_4069,10,pt,10,2.302585092994046,2.99822295029797,2.3978952727983707
16_4074,90,pt,90,4.499809670330265,5.192987713658941,4.51085950651685
16_4088,3187,pt,3187,8.066835314417336,8.759982519590922,8.067149039910106
16_4091,737,pt,737,6.602587892189336,7.2957355330108715,6.6039438246004725
16_4099,19149,pt,19149,9.860005773924167,10.553152955165897,9.860057994608791
16_4109,8714,pt,8714,9.072686206677387,9.765833390529675,9.07280095795412
16_4110,5,pt,5,1.6094379124341003,2.312438341272753,1.791759469228055
16_4111,166,pt,166,5.111987788356544,5.805144041227343,5.117993812416755
2_1800,1053,pt,1053,6.959398512133975,7.65254591816099,6.960347729101308
2_1804,9823,pt,9823,9.19248185367487,9.885629036825721,9.192583650386924
2_1806,2773,pt,2773,7.927685045615778,8.620832258687466,7.928045600874777
2_1810,26,pt,26,3.258096538021482,3.9516133360820653,3.295836866004329
2_1817,77,pt,77,4.343805421853684,5.03699476537355,4.356708826689592
2_1823,66,pt,66,4.189654742026425,4.882859309749067,4.204692619390966
2_1824,204,pt,204,5.318119993844216,6.011273181654913,5.3230099791384085
2_1828,3142,pt,3142,8.052614818815567,8.74576202469924,8.052933036797567
2_1830,659,pt,659,6.490723534502507,7.183871290726099,6.492239835020471
2_1851,79,pt,79,4.3694478524670215,5.062635088303318,4.382026634673881
2_1854,2440,pt,2440,7.799753318287247,8.49290054083859,7.80016307039296
2_1858,6139,pt,6139,8.722417141427496,9.415564328620972,8.722580021141189
2_1864,123,pt,123,4.812184355372417,5.505348060078275,4.820281565605037
2_1875,3,pt,3,1.0986122886681098,1.8184464592320668,1.3862943611198906
2_1881,368,pt,368,5.908082938168931,6.601231964777639,5.910796644040527
2_1890,650,pt,650,6.476972362889683,7.170120135165079,6.478509642208569
2_1893,803,pt,803,6.688354713946762,7.381502282218191,6.6895992691789665
2_1895,182,pt,182,5.204006687076795,5.897161414948955,5.209486152841421
2_1901,417,pt,417,6.0330862217988015,6.726234840054408,6.035481432524756
2_1902,2123,pt,2123,7.660585461703256,8.35373269773088,7.66105638236183
2_1903,2396,pt,2396,7.78155595923534,8.474703183343099,7.781973234434385
2_1911,130,pt,130,4.867534450455582,5.560696423586702,4.875197323201151
2_1925,3560,pt,3560,8.177515823846075,8.870663024132066,8.177796683277778
2_1932,9419,pt,9419,9.150484204822817,9.843631388200693,9.150590367570409
2_1939,8658,pt,8658,9.066239028001926,9.75938621189694,9.066354521447801
2_1949,2586,pt,2586,7.857867559331803,8.551014777275505,7.8582541821860294
2_1958,113,pt,113,4.727387818712341,5.420554577364409,4.736198448394496
2_1959,14371,pt,14371,9.572967566074247,10.266114747844696,9.573037148233409
2_1960,523,pt,523,6.259581464064923,6.952729558603486,6.261491684321042
2_1973,35,pt,35,3.5553480614894135,4.248699261236361,3.58351893845611
2_1975,1294,pt,1294,7.165493475060845,7.858640804924762,7.166265974133638
2_1979,10835,pt,10835,9.29053691397046,9.983684096659927,9.290629203204986
2_1981,1830,pt,1830,7.512071245835466,8.205218501046781,7.5126175446745105
2_1992,3648,pt,3648,8.201934351194222,8.895081550539995,8.202208436436448
2_2001,732,pt,732,6.595780513961311,7.288928161092043,6.597145701886651
2_2006,894,pt,894,6.795705775173514,7.4888532685320355,6.796823718274855
2_2012,10622,pt,10622,9.270682600982344,9.963829783758074,9.270776740780013
2_2018,396,pt,396,5.981414211254481,6.674562986035693,5.983936280687191
3_2035,650,pt,650,6.476972362889683,7.170120135165079,6.478509642208569
3_2041,9952,pt,9952,9.20552881497896,9.89867599806308,9.205629292246064
3_2055,264,pt,264,5.575949103146316,6.26909987069339,5.579729825986222
3_2057,1367,pt,1367,7.220373836723949,7.913521151067499,7.221105098182496
3_2058,21,pt,21,3.044522437723423,3.7382360302615427,3.091042453358316
3_2061,938,pt,938,6.843749949006225,7.536897413707329,6.844815479208263
3_2063,17663,pt,17663,9.779227335155444,10.472374516516718,9.779283949076822
3_2064,243,pt,243,5.493061443340548,6.186212857645559,5.497168225293202
3_2066,18004,pt,18004,9.798349234412823,10.491496415744031,9.798404776082975
3_2092,8783,pt,8783,9.080573313917117,9.773720497717878,9.080687163749312
3_2098,39,pt,39,3.6635616461296463,4.356873151729317,3.6888794541139363
3_2103,666,pt,666,6.501289670540389,7.194437414726548,6.502790045915623
3_2131,7,pt,7,1.9459101490553132,2.644120761058629,2.0794415416798357
3_2132,329,pt,329,5.796057750765372,6.489207240978165,5.799092654460526
3_2149,11214,pt,11214,9.324918276683619,10.018065459231575,9.32500744695431
3_2167,185,pt,185,5.220355825078324,5.9135103101601345,5.225746673713202
3_2170,2377,pt,2377,7.773594467360194,8.466741692166913,7.774015077250727
3_2177,50,pt,50,3.912023005428146,4.605270170991424,3.9318256327243257
3_2205,233,pt,233,5.4510384535657,6.144190239078273,5.455321115357702
3_2221,32,pt,32,3.4657359027997265,4.15912713462618,3.4965075614664802
3_2226,66,pt,66,4.189654742026425,4.882859309749067,4.204692619390966
42_0003,6211,pt,6211,8.734077192559303,9.427224379599874,8.734238184268579
42_0015,12252,pt,12252,9.413444467952665,10.10659165017804,9.413526083949446
42_0018,13006,pt,13006,9.473166068429098,10.166313250466969,9.47324295306374
42_0021,335,pt,335,5.814130531825066,6.5072799400452,5.817111159963204
42_0030,15707,pt,15707,9.661861751843032,10.355008933416313,9.661925415697901
42_0031,8229,pt,8229,9.015419779605713,9.708566963857525,9.015541293671115
42_0035,27,pt,27,3.295836866004329,3.989326805819546,3.332204510175204
42_0054,4537,pt,4537,8.420021279663963,9.113168472369047,8.420241665339788
42_0057,1838,pt,1838,7.516433302915632,8.209580557478512,7.516977224604321
42_0059,6856,pt,6856,8.832879460277615,9.526026646156174,8.833025307284364
42_0060,4449,pt,4449,8.400434630806041,9.093581823996331,8.400659375160286
42_0067,616,pt,616,6.423246963533519,7.11639480293073,6.424869023905388
42_0068,108,pt,108,4.68213122712422,5.3752998404656145,4.6913478822291435
42_0073,1350,pt,1350,7.2078598714324755,7.901007189166603,7.208600337960199
42_0077,780,pt,780,6.659293919683638,7.352441511157202,6.660575149839686
42_0106,66,pt,66,4.189654742026425,4.882859309749067,4.204692619390966
42_0112,215,pt,215,5.3706380281276624,6.06379061697256,5.375278407684165
42_0147,147,pt,147,4.990432586778736,5.683591336391467,4.997212273764115
42_0153,1,pt,1,0.0,0.881373587019543,0.6931471805599453
42_0195,114,pt,114,4.736198448394496,5.429364865087601,4.74493212836325
42_0214,1123,pt,1123,7.023758954738443,7.716906333533403,7.024649030453636
42_0220,596,pt,596,6.39024066706535,7.083388551421678,6.391917113392602
42_0233,153,pt,153,5.030437921392435,5.723595781434427,5.0369526024136295
42_0234,91,pt,91,4.51085950651685,5.2040368753004,4.5217885770490405
42_0235,1146,pt,1146,7.044032897274685,7.737180268192418,7.044905117129371
42_0236,10204,pt,10204,9.230535079261703,9.923682262222686,9.230633075243945
42_0237,1051,pt,1051,6.957497370876951,7.650644777762887,6.9584483932976555
42_0242,7273,pt,7273,8.89192414015454,9.585071325440694,8.892061625546935
42_0246,623,pt,623,6.434546518787453,7.127694343462521,6.436150368369428
42_0250,7726,pt,7726,8.952346543226227,9.645493727974403,8.952475967933584
42_0253,37,pt,37,3.6109179126442243,4.304247658249556,3.6375861597263857
42_0258,187,pt,187,5.231108616854587,5.924262946527149,5.236441962829949
42_0261,79,pt,79,4.3694478524670215,5.062635088303318,4.382026634673881
42_0264,6566,pt,6566,8.789660098061537,9.482807284420286,8.789812386190972
42_0265,674,pt,674,6.513230110912307,7.206377841798031,6.51471269087253
42_0273,6828,pt,6828,8.828787083914332,9.5219342698366,8.82893352896109
42_0283,500,pt,500,6.214608098422191,6.907756278980637,6.2166061010848646
42_0286,982,pt,982,6.889591308354466,7.582738748163276,6.890609120147166
42_0300,3749,pt,3749,8.229244416735913,8.92239161508312,8.229511118964457
42_0326,21,pt,21,3.044522437723423,3.7382360302615427,3.091042453358316
42_0350,206,pt,206,5.327876168789581,6.0210292405219,5.332718793265369
42_0355,149,pt,149,5.003946305945459,5.697104747069223,5.0106352940962555
42_0356,861,pt,861,6.7580945044277305,7.451242022223332,6.759255270663693
42_0360,235,pt,235,5.459585514144159,6.152737221608629,5.4638318050256105
42_0370,1158,pt,1158,7.05444965813294,7.747597025125877,7.055312843339752
42_0393,113,pt,113,4.727387818712341,5.420554577364409,4.736198448394496
42_0411,1108,pt,1108,7.010311867307229,7.703459251505893,7.011213987350367
42_0419,16906,pt,16906,9.735423867488873,10.428571048923516,9.735483016336966
42_0436,907,pt,907,6.810142450115136,7.503289934571259,6.811244378601294
42_0442,862,pt,862,6.759255270663693,7.452402787677299,6.760414691083428
42_0479,990,pt,990,6.897704943128636,7.590852378764496,6.898714534329988
42_0508,10548,pt,10548,9.263691547473178,9.956838730280106,9.263786347681808
42_0529,8452,pt,8452,9.042158378735948,9.735305562795514,9.042276686928927
42_0530,2054,pt,2054,7.627544390488503,8.32069163030537,7.628031126930335
42_0534,4381,pt,4381,8.385032287813898,9.078179481399317,8.385260520155413
42_0535,10,pt,10,2.302585092994046,2.99822295029797,2.3978952727983707
42_0537,1507,pt,1507,7.317876198626496,8.01102348926771,7.318539548567902
42_0542,3896,pt,3896,8.267705664762426,8.960852861792693,8.26796230533871
42_0543,12736,pt,12736,9.452187908084165,10.145335090185363,9.45226642258976
42_0551,11,pt,11,2.3978952727983707,3.093102195050827,2.4849066497880004
42_0562,951,pt,951,6.85751406254539,7.550661519531276,6.858565034791365
42_0565,23,pt,23,3.1354942159291497,3.8291136516208812,3.1780538303479458
42_0574,3245,pt,3245,8.08487062913819,8.778017833439769,8.085178748074537
42_0593,10961,pt,10961,9.302098797215724,9.995245979856513,9.302190025606063
45_611,4358,pt,4358,8.379768515504566,9.072915709227834,8.379997952238393
45_625,21,pt,21,3.044522437723423,3.7382360302615427,3.091042453358316
45_627,14,pt,14,2.6390573296152584,3.3334775868839928,2.70805020110221
45_632,80,pt,80,4.382026634673881,5.0752128754452075,4.394449154672439
45_637,8051,pt,8051,8.993551586299981,9.686698770716843,8.993675786759683
45_640,5368,pt,5368,8.588210678651517,9.281357867887372,8.58839695042257
45_641,5131,pt,5131,8.543055850941965,9.236203040997806,8.543250725735527
45_646,371,pt,371,5.916202062607435,6.609351059481697,5.918893854273146
45_649,94,pt,94,4.543294782270004,5.23647025497466,4.553876891600541
45_651,120,pt,120,4.787491742782046,5.480656284001007,4.795790545596741
45_684,97,pt,97,4.574710978503383,5.267884728309446,4.584967478670572
45_699,1141,pt,1141,7.039660349862076,7.732807722451805,7.040536390215956
45_717,1,pt,1,0.0,0.881373587019543,0.6931471805599453
45_723,8,pt,8,2.0794415416798357,2.7764722807237177,2.1972245773362196
45_725,139,pt,139,4.9344739331306915,5.6276340527283635,4.941642422609304
45_729,747,pt,747,6.616065185132817,7.309212813713909,6.617402977974478
45_751,2976,pt,2976,7.998335395952982,8.69148260474054,7.998671361015776
45_774,634,pt,634,6.452048954437226,7.1451967569552135,6.453624998892692
45_781,42,pt,42,3.7376696182833684,4.430958492080543,3.7612001156935624
45_782,1,pt,1,0.0,0.881373587019543,0.6931471805599453
45_785,635,pt,635,6.453624998892692,7.1467727994533,6.455198563340122
45_786,2977,pt,2977,7.998671361015776,8.691818569784372,7.999007213243955
46_0793,376,pt,376,5.929589143389895,6.622738092279237,5.932245187448011
46_0794,26,pt,26,3.258096538021482,3.9516133360820653,3.295836866004329
46_0811,166,pt,166,5.111987788356544,5.805144041227343,5.117993812416755
46_0826,1913,pt,1913,7.556427969440253,8.249575218314247,7.5569505720129
46_0827,19,pt,19,2.9444389791664403,3.6382779622295387,2.995732273553991
46_0836,373,pt,373,5.921578419643816,6.614727397092448,5.924255797414532
46_0846,301,pt,301,5.707110264748875,6.400260204648842,5.71042701737487
46_0856,226,pt,226,5.420534999272286,6.1136870744630665,5.424950017481403
46_0857,15599,pt,15599,9.654962088618868,10.34810927020623,9.655026193237628
46_0858,11079,pt,11079,9.312806703520673,10.005953886117373,9.312896960301275
46_0861,175,pt,175,5.1647859739235145,5.857941317648809,5.170483995038151
46_0864,73,pt,73,4.290459441148391,4.983653531524327,4.30406509320417
46_0869,3196,pt,3196,8.069655306886165,8.762802511921322,8.069968149059841
46_0879,10571,pt,10571,9.265869681768663,9.959016864565823,9.26596427572418
46_0880,270,pt,270,5.598421958998375,6.291572568895961,5.602118820879701
46_0883,6326,pt,6326,8.752423403865594,9.445570590672686,8.752581469146884
46_0896,6715,pt,6715,8.812099108957337,9.5052462950616,8.812248018197431
46_0898,3708,pt,3708,8.218247926685745,8.911395125428482,8.21851757748959
46_0899,23,pt,23,3.1354942159291497,3.8291136516208812,3.1780538303479458
46_0910,5246,pt,5246,8.56522116042682,9.258368350070896,8.565411763686711
46_0913,43,pt,43,3.7612001156935624,4.454482477060509,3.784189633918261
46_0930,14857,pt,14857,9.606226413637353,10.299373595329902,9.606293719711752
46_0944,186,pt,186,5.225746673713202,5.918901080463752,5.231108616854587
46_0948,8041,pt,8041,8.99230873254815,9.685455916974611,8.992433087457218
46_0965,10,pt,10,2.302585092994046,2.99822295029797,2.3978952727983707
46_0966,1,pt,1,0.0,0.881373587019543,0.6931471805599453
46_0973,3363,pt,3363,8.12058871174027,8.813735914404997,8.120886021092838
46_0979,10284,pt,10284,9.23834456838578,9.931491751309553,9.238441802087058
46_0991,8236,pt,8236,9.01627006814768,9.709417252393218,9.016391478941248
46_0998,68,pt,68,4.219507705176107,4.912708947095866,4.23410650459726
46_1001,128,pt,128,4.852030263919617,5.545192702919391,4.859812404361672
46_1003,809,pt,809,6.695798917058491,7.3889464796002775,6.697034247666484
46_1006,1527,pt,1527,7.3310603052186325,8.024207592995136,7.331714969726466
47_1010,263,pt,263,5.572154032177765,6.265304827054017,5.575949103146316
47_1013,16,pt,16,2.772588722239781,3.466711037884725,2.833213344056216
47_1021,63,pt,63,4.143134726391533,4.836344889159275,4.1588830833596715
47_1024,189,pt,189,5.241747015059643,5.934901194230364,5.247024072160486
47_1027,74,pt,74,4.30406509320417,4.997257924399904,4.31748811353631
47_1033,327,pt,327,5.7899601708972535,6.48310968944898,5.793013608384144
47_1034,12,pt,12,2.4849066497880004,3.179785437699879,2.5649493574615367
47_1056,3242,pt,3242,8.08394570229562,8.77709290664116,8.084254106307318
47_1058,8,pt,8,2.0794415416798357,2.7764722807237177,2.1972245773362196
47_1063,14421,pt,14421,9.57644075656207,10.26958793832414,9.576510097476705
47_1067,268,pt,268,5.5909869805108565,6.284137641783304,5.594711379601839
47_1069,36,pt,36,3.58351893845611,4.276858964458208,3.6109179126442243
47_1076,48,pt,48,3.871201010907891,4.564456680755902,3.8918202981106265
47_1094,172,pt,172,5.147494476813453,5.840650107780075,5.153291594497779
47_1096,211,pt,211,5.351858133476067,6.045010929316312,5.356586274672012
47_1109,4021,pt,4021,8.299285906897275,8.99243310291944,8.299534570332597
47_1117,10,pt,10,2.302585092994046,2.99822295029797,2.3978952727983707
47_1119,13825,pt,13825,9.534233826390535,10.227381008258487,9.53430615650521
47_1133,6196,pt,6196,8.73165920153676,9.424806388608747,8.731820582962108
47_1145,64,pt,64,4.1588830833596715,4.85209129348869,4.174387269895637
47_1157,1778,pt,1778,7.48324441607385,8.176391675715577,7.483806687665835
47_1158,44,pt,44,3.784189633918261,4.477465921704087,3.8066624897703196
47_1164,1020,pt,1020,6.927557906278317,7.620705327130371,6.928537818164665
47_1165,12,pt,12,2.4849066497880004,3.179785437699879,2.5649493574615367
48_1219,285,pt,285,5.652489180268651,6.3456394386845,5.655991810819852
48_1221,13620,pt,13620,9.519294579703503,10.212441761611126,9.519367998447342
48_1224,53,pt,53,3.970291913552122,4.663528081877013,3.9889840465642745
48_1227,17134,pt,17134,9.748820072523989,10.441967253935509,9.74887843430871
48_1242,11611,pt,11611,9.359708203627006,10.05285538604134,9.35979432514452
48_1249,5659,pt,5659,8.641002477142523,9.334149665509045,8.641179171197228
48_1254,9536,pt,9536,9.16282938930513,9.855976572614283,9.162934249578912
48_1256,20,pt,20,2.995732273553991,3.6895038689889055,3.044522437723423
48_1263,351,pt,351,5.860786223465865,6.553935433223943,5.863631175598097
48_1285,438,pt,438,6.082218910376446,6.775367394075981,6.0844994130751715
48_1287,1894,pt,1894,7.546446273746024,8.2395935239975,7.546974117516527
48_1300,122,pt,122,4.804021044733257,5.497185021430095,4.812184355372417
48_1307,7,pt,7,1.9459101490553132,2.644120761058629,2.0794415416798357
48_1310,8912,pt,8912,9.095153962167066,9.788301145874684,9.095266164130717
48_1317,142,pt,142,4.955827057601261,5.648986636264298,4.962844630259907
48_1318,89,pt,89,4.48863636973214,5.181815110469487,4.499809670330265
48_1328,1950,pt,1950,7.575584651557793,8.268731897863951,7.576097340623111
48_1334,7535,pt,7535,8.927314111060596,9.620461296023793,8.927446816256198
48_1345,32,pt,32,3.4657359027997265,4.15912713462618,3.4965075614664802
48_1354,6400,pt,6400,8.764053269347762,9.457200456011224,8.764209507142004
48_1356,1450,pt,1450,7.27931883541462,7.972466134880609,7.280008252884188
48_1360,164,pt,164,5.099866427824199,5.793022903317012,5.10594547390058
48_1362,18919,pt,18919,9.84792198708642,10.541069168344828,9.847974842605868
48_1364,1252,pt,1252,7.132497551660044,7.825644891709177,7.133295954896068
48_1376,15,pt,15,2.70805020110221,3.4023066454805946,2.772588722239781
48_1382,2492,pt,2492,7.820840879907344,8.513988100724522,7.821242083523558
49_1395,9823,pt,9823,9.19248185367487,9.885629036825721,9.192583650386924
49_1397,10266,pt,10266,9.236592743120248,9.929739926052319,9.236690147298965
49_1416,211,pt,211,5.351858133476067,6.045010929316312,5.356586274672012
49_1418,8427,pt,8427,9.039196115772354,9.732343299852715,9.03931477492408
49_1420,17,pt,17,2.833213344056216,3.5272244561999657,2.8903717578961645
49_1435,455,pt,455,6.12029741895095,6.813445807092333,6.1224928095143865
49_1436,7,pt,7,1.9459101490553132,2.644120761058629,2.0794415416798357
49_1448,32,pt,32,3.4657359027997265,4.15912713462618,3.4965075614664802
49_1457,8115,pt,8115,9.00146947994869,9.694616664304958,9.001592700945706
49_1458,1554,pt,1554,7.348587530927593,8.041734815010791,7.349230824613334
49_1461,44,pt,44,3.784189633918261,4.477465921704087,3.8066624897703196
49_1477,7687,pt,7687,8.947285869349132,9.640433054139914,8.947415950650129
49_1488,1154,pt,1154,7.050989447068045,7.744136815355651,7.051855622955894
49_1494,1021,pt,1021,6.928537818164665,7.621685238546251,6.92951677076365
49_1496,252,pt,252,5.529429087511423,6.222580204808011,5.53338948872752
49_1497,613,pt,613,6.418364935936212,7.111512781797846,6.419994928147142
49_1500,17559,pt,17559,9.773321917959331,10.466469099330126,9.773378867189107
49_1514,125,pt,125,4.8283137373023015,5.52147691747826,4.836281906951478
49_1523,2130,pt,2130,7.6638772587034705,8.357024494367117,7.664346632098617
49_1527,2094,pt,2094,7.646831391430482,8.339978629005097,7.647308832356238
49_1534,1,pt,1,0.0,0.881373587019543,0.6931471805599453
49_1543,2223,pt,2223,7.706612913964197,8.399760145113719,7.707062655370473
49_1548,11610,pt,11610,9.359622074691938,10.05276925710659,9.359708203627006
49_1556,2,pt,2,0.6931471805599453,1.4436354751788103,1.0986122886681098
49_1557,423,pt,423,6.0473721790462776,6.740520756805537,6.049733455231958
49_1559,463,pt,463,6.137727054086234,6.830875400857538,6.139884552226255
49_1560,2356,pt,2356,7.764720544771477,8.457867770370491,7.7651449029361315
49_1569,975,pt,975,6.882437470997847,7.575584914542567,6.883462586413092
4_2261,91,pt,91,4.51085950651685,5.2040368753004,4.5217885770490405
4_2266,205,pt,205,5.3230099791384085,6.016163108485247,5.327876168789581
4_2269,12,pt,12,2.4849066497880004,3.179785437699879,2.5649493574615367
4_2291,6,pt,6,1.791759469228055,2.491779852644912,1.9459101490553132
4_2303,25,pt,25,3.2188758248682006,3.9124227656412556,3.258096538021482
4_2314,31,pt,31,3.4339872044851463,4.1273944292716545,3.4657359027997265
4_2359,977,pt,977,6.884486652042782,7.577634094511902,6.885509670034818
4_2381,3698,pt,3698,8.21554741194707,8.908694610788277,8.215817791832453
4_2385,3782,pt,3782,8.238008249218403,8.931155447256558,8.23827262463303
4_2391,375,pt,375,5.926926025970411,6.620074984303393,5.929589143389895
4_2399,1629,pt,1629,7.395721608602045,8.08886888337216,7.396335293800808
4_2405,922,pt,922,6.826545223556594,7.519692698204993,6.827629234502852
4_2417,3094,pt,3094,8.037220031133012,8.730367237808519,8.037543185118697
50_1599,495,pt,495,6.20455776256869,6.897705963431124,6.206575926724928
50_1600,4774,pt,4774,8.470939806898775,9.164086998427926,8.471149252914831
50_1606,830,pt,830,6.721425700790643,7.414573244247764,6.7226297948554485
50_1609,331,pt,331,5.802118375377063,6.495267837763063,5.805134968916488
50_1619,5762,pt,5762,8.659039915644474,9.352187103734394,8.659213451436667
50_1621,19,pt,19,2.9444389791664403,3.6382779622295387,2.995732273553991
50_1635,6639,pt,6639,8.80071662871916,9.493863814951084,8.80086724247048
50_1636,350,pt,350,5.857933154483459,6.5510823758534835,5.860786223465865
50_1637,76,pt,76,4.330733340286331,5.023923800584955,4.343805421853684
50_1645,15,pt,15,2.70805020110221,3.4023066454805946,2.772588722239781
50_1654,133,pt,133,4.890349128221754,5.583510441559146,4.897839799950911
50_1673,192,pt,192,5.2574953720277815,5.950649334202769,5.262690188904886
50_1683,79,pt,79,4.3694478524670215,5.062635088303318,4.382026634673881
50_1695,3266,pt,3266,8.09132127353041,8.784468477527659,8.09162741160107
50_1703,212,pt,212,5.356586274672012,6.049739017663296,5.3612921657094255
50_1706,18866,pt,18866,9.845116639209799,10.538263820472137,9.845169643211612
50_1717,40,pt,40,3.6888794541139363,4.382182848065498,3.713572066704308
50_1729,2359,pt,2359,7.765993079407675,8.459140304892207,7.7664168980196555
50_1737,120,pt,120,4.787491742782046,5.480656284001007,4.795790545596741
50_1747,3684,pt,3684,8.211754397375197,8.904901596355614,8.212025804623437
50_1751,2717,pt,2717,7.907283609426348,8.600430823852044,7.907651594711089
50_1754,573,pt,573,6.35088571671474,7.044033658705184,6.352629396319567
50_1762,1941,pt,1941,7.57095858316901,8.264105830086285,7.571473648851271
50_1765,13607,pt,13607,9.518339645190858,10.211486827101057,9.518413134075697
5_2467,3207,pt,3207,8.073091199693154,8.7662384045607,8.073402968986406
5_2477,25,pt,25,3.2188758248682006,3.9124227656412556,3.258096538021482
5_2490,17,pt,17,2.833213344056216,3.5272244561999657,2.8903717578961645
5_2499,87,pt,87,4.465908118654584,5.159088327040512,4.477336814478207
5_2513,1231,pt,1231,7.115582126184454,7.8087294717215485,7.116394144093465
5_2530,372,pt,372,5.918893854273146,6.6120428413954295,5.921578419643816
5_2541,1335,pt,1335,7.19668657083435,7.889833891668362,7.197435354096591
5_2566,12,pt,12,2.4849066497880004,3.179785437699879,2.5649493574615367
5_2571,169,pt,169,5.1298987149230735,5.8230546485630095,5.135798437050262
5_2585,8508,pt,8508,9.048762176320128,9.741909360333777,9.048879705849558
5_2592,51,pt,51,3.9318256327243257,4.625068916307673,3.9512437185814275
5_2599,812,pt,812,6.699500340161678,7.392647899886153,6.70073110954781
6_2612,634,pt,634,6.452048954437226,7.1451967569552135,6.453624998892692
6_2640,19209,pt,19209,9.863134198186913,10.55628137942439,9.863186255762603
6_2647,109,pt,109,4.6913478822291435,5.384516104124803,4.700480365792417
6_2654,214,pt,214,5.365976015021851,6.0591286545291485,5.3706380281276624
6_2664,4,pt,4,1.3862943611198906,2.0947125472611012,1.6094379124341003
6_2668,11898,pt,11898,9.38412559774785,10.077272780073802,9.384209641955154
6_2678,12,pt,12,2.4849066497880004,3.179785437699879,2.5649493574615367
6_2690,1698,pt,1698,7.437206366871292,8.130353634140318,7.4377951216719325
6_2706,101,pt,101,4.61512051684126,5.30829220390157,4.624972813284271
6_2707,2218,pt,2218,7.704361167910313,8.397508399288178,7.704811922932594
6_2722,5738,pt,5738,8.65486599654131,9.348013184694352,8.655040258108363
6_2739,12258,pt,12258,9.413934064045677,10.107081246269422,9.414015640094995
6_2760,606,pt,606,6.406879986069314,7.10002784738971,6.408528791059498
6_2780,178,pt,178,5.181783550292085,5.87493862117652,5.187385805840755
7_2798,219,pt,219,5.389071729816501,6.082224122904235,5.393627546352362
7_2813,11652,pt,11652,9.363233118079325,10.056380300480631,9.363318936573263
7_2842,1172,pt,1172,7.066466970136958,7.759614332702468,7.067319848653476
7_2845,318,pt,318,5.762051382780177,6.455201035543288,5.765191102784844
7_2852,2224,pt,2224,7.707062655370473,8.400209886474512,7.707512194600341
7_2856,7601,pt,7601,8.936035096566041,9.629182281453103,8.936166649549195
7_2857,6637,pt,6637,8.800415333145924,9.49356251938127,8.80056599227992
7_2869,2506,pt,2506,7.826443135456014,8.519590355824645,7.826842098158293
7_2903,84,pt,84,4.430816798843313,5.123999408359393,4.442651256490317
7_2906,619,pt,619,6.428105272684596,7.121253105711142,6.429719478039138
7_2914,81,pt,81,4.394449154672439,5.087634437002271,4.406719247264253
7_2929,13122,pt,13122,9.482045489904824,10.17519267191668,9.482121694896287
7_2936,9500,pt,9500,9.159047077588632,9.85219426091866,9.15915233520675
7_2938,3257,pt,3257,8.088561805276234,8.781709009403189,8.08886878916199
7_2945,324,pt,324,5.780743515792329,6.473893077840491,5.783825182329737
7_2947,17,pt,17,2.833213344056216,3.5272244561999657,2.8903717578961645
7_2949,88,pt,88,4.477336814478207,5.170516276532822,4.48863636973214
7_2963,321,pt,321,5.771441123130016,6.464590729899821,5.7745515455444085
7_2976,97,pt,97,4.574710978503383,5.267884728309446,4.584967478670572
48_1339,0,pt,0,,0.0,0.0
2_1984,0,pt,0,,0.0,0.0
49_1425,0,pt,0,,0.0,0.0
14_3687,0,pt,0,,0.0,0.0
49_1501,0,pt,0,,0.0,0.0
48_1271,0,pt,0,,0.0,0.0
46_0832,0,pt,0,,0.0,0.0
13_3572,0,pt,0,,0.0,0.0
3_2099,0,pt,0,,0.0,0.0
6_2728,0,pt,0,,0.0,0.0
7_2833,0,pt,0,,0.0,0.0
7_2934,0,pt,0,,0.0,0.0
47_1101,0,pt,0,,0.0,0.0
5_2539,0,pt,0,,0.0,0.0
49_1572,0,pt,0,,0.0,0.0
49_1533,0,pt,0,,0.0,0.0
2_1965,0,pt,0,,0.0,0.0
46_0971,0,pt,0,,0.0,0.0
7_2925,0,pt,0,,0.0,0.0
6_2609,0,pt,0,,0.0,0.0
49_1571,0,pt,0,,0.0,0.0
10_3011,0,pt,0,,0.0,0.0
48_1270,0,pt,0,,0.0,0.0
3_2216,0,pt,0,,0.0,0.0
6_2657,0,pt,0,,0.0,0.0
49_1454,0,pt,0,,0.0,0.0
12_3269,0,pt,0,,0.0,0.0
3_2072,0,pt,0,,0.0,0.0
49_1578,0,pt,0,,0.0,0.0
12_3299,0,pt,0,,0.0,0.0
13_3464,0,pt,0,,0.0,0.0
6_2658,0,pt,0,,0.0,0.0
42_0369,0,pt,0,,0.0,0.0
42_0397,0,pt,0,,0.0,0.0
42_0342,0,pt,0,,0.0,0.0
42_0055,0,pt,0,,0.0,0.0
47_1088,0,pt,0,,0.0,0.0
7_2837,0,pt,0,,0.0,0.0
42_0586,0,pt,0,,0.0,0.0
42_0316,0,pt,0,,0.0,0.0
10_2988,0,pt,0,,0.0,0.0
48_1251,0,pt,0,,0.0,0.0
45_624,0,pt,0,,0.0,0.0
2_2008,0,pt,0,,0.0,0.0
7_2958,0,pt,0,,0.0,0.0
16_3871,0,pt,0,,0.0,0.0
6_2623,0,pt,0,,0.0,0.0
48_1236,0,pt,0,,0.0,0.0
47_1073,0,pt,0,,0.0,0.0
42_0563,0,pt,0,,0.0,0.0
3_2105,0,pt,0,,0.0,0.0
3_2025,0,pt,0,,0.0,0.0
6_2708,0,pt,0,,0.0,0.0
16_3962,0,pt,0,,0.0,0.0
16_4056,0,pt,0,,0.0,0.0
10_3135,0,pt,0,,0.0,0.0
42_0085,0,pt,0,,0.0,0.0
7_2944,0,pt,0,,0.0,0.0
16_4012,0,pt,0,,0.0,0.0
50_1612,0,pt,0,,0.0,0.0
6_2713,0,pt,0,,0.0,0.0
42_0292,0,pt,0,,0.0,0.0
12_3222,0,pt,0,,0.0,0.0
10_2994,0,pt,0,,0.0,0.0
16_4023,0,pt,0,,0.0,0.0
48_1316,0,pt,0,,0.0,0.0
13_3400,0,pt,0,,0.0,0.0
50_1658,0,pt,0,,0.0,0.0
48_1243,0,pt,0,,0.0,0.0
3_2136,0,pt,0,,0.0,0.0
42_0376,0,pt,0,,0.0,0.0
2_1798,0,pt,0,,0.0,0.0
3_2115,0,pt,0,,0.0,0.0
2_1941,0,pt,0,,0.0,0.0
42_0443,0,pt,0,,0.0,0.0
6_2673,0,pt,0,,0.0,0.0
16_3792,0,pt,0,,0.0,0.0
46_0876,0,pt,0,,0.0,0.0
12_3310,0,pt,0,,0.0,0.0
3_2150,0,pt,0,,0.0,0.0
12_3232,0,pt,0,,0.0,0.0
5_2542,0,pt,0,,0.0,0.0
42_0480,0,pt,0,,0.0,0.0
46_0885,0,pt,0,,0.0,0.0
47_1179,0,pt,0,,0.0,0.0
49_1449,0,pt,0,,0.0,0.0
4_2283,0,pt,0,,0.0,0.0
5_2451,0,pt,0,,0.0,0.0
16_4044,0,pt,0,,0.0,0.0
46_0922,0,pt,0,,0.0,0.0
48_1248,0,pt,0,,0.0,0.0
42_0331,0,pt,0,,0.0,0.0
14_3616,0,pt,0,,0.0,0.0
47_1080,0,pt,0,,0.0,0.0
48_1332,0,pt,0,,0.0,0.0
49_1549,0,pt,0,,0.0,0.0
12_3231,0,pt,0,,0.0,0.0
45_755,0,pt,0,,0.0,0.0
46_1002,0,pt,0,,0.0,0.0
7_2960,0,pt,0,,0.0,0.0
5_2568,0,pt,0,,0.0,0.0
14_3594,0,pt,0,,0.0,0.0
45_721,0,pt,0,,0.0,0.0
49_1570,0,pt,0,,0.0,0.0
4_2259,0,pt,0,,0.0,0.0
47_1032,0,pt,0,,0.0,0.0
13_3521,0,pt,0,,0.0,0.0
42_0554,0,pt,0,,0.0,0.0
16_4029,0,pt,0,,0.0,0.0
3_2097,0,pt,0,,0.0,0.0
16_4018,0,pt,0,,0.0,0.0
4_2412,0,pt,0,,0.0,0.0
5_2554,0,pt,0,,0.0,0.0
50_1785,0,pt,0,,0.0,0.0
42_0460,0,pt,0,,0.0,0.0
45_658,0,pt,0,,0.0,0.0
16_3756,0,pt,0,,0.0,0.0
47_1185,0,pt,0,,0.0,0.0
49_1521,0,pt,0,,0.0,0.0
12_3370,0,pt,0,,0.0,0.0
42_0341,0,pt,0,,0.0,0.0
12_3371,0,pt,0,,0.0,0.0
6_2755,0,pt,0,,0.0,0.0
5_2474,0,pt,0,,0.0,0.0
16_3863,0,pt,0,,0.0,0.0
49_1506,0,pt,0,,0.0,0.0
48_1225,0,pt,0,,0.0,0.0
6_2771,0,pt,0,,0.0,0.0
49_1512,0,pt,0,,0.0,0.0
42_0125,0,pt,0,,0.0,0.0
49_1474,0,pt,0,,0.0,0.0
12_3296,0,pt,0,,0.0,0.0
10_3137,0,pt,0,,0.0,0.0
4_2409,0,pt,0,,0.0,0.0
7_2792,0,pt,0,,0.0,0.0
48_1206,0,pt,0,,0.0,0.0
4_2306,0,pt,0,,0.0,0.0
4_2316,0,pt,0,,0.0,0.0
46_0978,0,pt,0,,0.0,0.0
2_1924,0,pt,0,,0.0,0.0
14_3662,0,pt,0,,0.0,0.0
48_1301,0,pt,0,,0.0,0.0
42_0296,0,pt,0,,0.0,0.0
42_0348,0,pt,0,,0.0,0.0
4_2374,0,pt,0,,0.0,0.0
45_702,0,pt,0,,0.0,0.0
42_0239,0,pt,0,,0.0,0.0
48_1215,0,pt,0,,0.0,0.0
4_2403,0,pt,0,,0.0,0.0
10_3121,0,pt,0,,0.0,0.0
50_1780,0,pt,0,,0.0,0.0
14_3649,0,pt,0,,0.0,0.0
50_1756,0,pt,0,,0.0,0.0
13_3575,0,pt,0,,0.0,0.0
49_1576,0,pt,0,,0.0,0.0
4_2318,0,pt,0,,0.0,0.0
10_3130,0,pt,0,,0.0,0.0
45_654,0,pt,0,,0.0,0.0
7_2900,0,pt,0,,0.0,0.0
16_4035,0,pt,0,,0.0,0.0
47_1112,0,pt,0,,0.0,0.0
5_2572,0,pt,0,,0.0,0.0
16_3968,0,pt,0,,0.0,0.0
5_2463,0,pt,0,,0.0,0.0
10_3033,0,pt,0,,0.0,0.0
42_0245,0,pt,0,,0.0,0.0
6_2672,0,pt,0,,0.0,0.0
48_1273,0,pt,0,,0.0,0.0
42_0319,0,pt,0,,0.0,0.0
45_606,0,pt,0,,0.0,0.0
49_1482,0,pt,0,,0.0,0.0
50_1653,0,pt,0,,0.0,0.0
16_3957,0,pt,0,,0.0,0.0
3_2197,0,pt,0,,0.0,0.0
42_0320,0,pt,0,,0.0,0.0
7_2922,0,pt,0,,0.0,0.0
50_1672,0,pt,0,,0.0,0.0
42_0050,0,pt,0,,0.0,0.0
10_3084,0,pt,0,,0.0,0.0
2_1969,0,pt,0,,0.0,0.0
2_1950,0,pt,0,,0.0,0.0
10_3113,0,pt,0,,0.0,0.0
10_3059,0,pt,0,,0.0,0.0
48_1342,0,pt,0,,0.0,0.0
49_1480,0,pt,0,,0.0,0.0
46_0797,0,pt,0,,0.0,0.0
46_0987,0,pt,0,,0.0,0.0
6_2683,0,pt,0,,0.0,0.0
16_3981,0,pt,0,,0.0,0.0
48_1265,0,pt,0,,0.0,0.0
45_633,0,pt,0,,0.0,0.0
42_0414,0,pt,0,,0.0,0.0
6_2637,0,pt,0,,0.0,0.0
4_2233,0,pt,0,,0.0,0.0
16_3937,0,pt,0,,0.0,0.0
46_0868,0,pt,0,,0.0,0.0
16_4061,0,pt,0,,0.0,0.0
7_2817,0,pt,0,,0.0,0.0
16_3895,0,pt,0,,0.0,0.0
5_2500,0,pt,0,,0.0,0.0
12_3349,0,pt,0,,0.0,0.0
16_3873,0,pt,0,,0.0,0.0
46_0828,0,pt,0,,0.0,0.0
3_2163,0,pt,0,,0.0,0.0
7_2954,0,pt,0,,0.0,0.0
42_0428,0,pt,0,,0.0,0.0
46_0848,0,pt,0,,0.0,0.0
16_3926,0,pt,0,,0.0,0.0
42_0262,0,pt,0,,0.0,0.0
42_0375,0,pt,0,,0.0,0.0
4_2329,0,pt,0,,0.0,0.0
49_1580,0,pt,0,,0.0,0.0
48_1252,0,pt,0,,0.0,0.0
48_1261,0,pt,0,,0.0,0.0
6_2686,0,pt,0,,0.0,0.0
16_4042,0,pt,0,,0.0,0.0
14_3625,0,pt,0,,0.0,0.0
7_2910,0,pt,0,,0.0,0.0
14_3601,0,pt,0,,0.0,0.0
48_1253,0,pt,0,,0.0,0.0
49_1481,0,pt,0,,0.0,0.0
50_1771,0,pt,0,,0.0,0.0
5_2557,0,pt,0,,0.0,0.0
49_1405,0,pt,0,,0.0,0.0
50_1628,0,pt,0,,0.0,0.0
16_3875,0,pt,0,,0.0,0.0
46_0874,0,pt,0,,0.0,0.0
12_3356,0,pt,0,,0.0,0.0
6_2602,0,pt,0,,0.0,0.0
2_1915,0,pt,0,,0.0,0.0
7_2932,0,pt,0,,0.0,0.0
16_3988,0,pt,0,,0.0,0.0
42_0005,0,pt,0,,0.0,0.0
14_3617,0,pt,0,,0.0,0.0
16_3784,0,pt,0,,0.0,0.0
2_2007,0,pt,0,,0.0,0.0
47_1060,0,pt,0,,0.0,0.0
10_3067,0,pt,0,,0.0,0.0
6_2741,0,pt,0,,0.0,0.0
16_3997,0,pt,0,,0.0,0.0
42_0217,0,pt,0,,0.0,0.0
48_1352,0,pt,0,,0.0,0.0
2_1789,0,pt,0,,0.0,0.0
2_1953,0,pt,0,,0.0,0.0
6_2743,0,pt,0,,0.0,0.0
6_2645,0,pt,0,,0.0,0.0
50_1651,0,pt,0,,0.0,0.0
48_1380,0,pt,0,,0.0,0.0
45_635,0,pt,0,,0.0,0.0
42_0302,0,pt,0,,0.0,0.0
49_1452,0,pt,0,,0.0,0.0
48_1212,0,pt,0,,0.0,0.0
42_0263,0,pt,0,,0.0,0.0
5_2429,0,pt,0,,0.0,0.0
7_2971,0,pt,0,,0.0,0.0
3_2038,0,pt,0,,0.0,0.0
14_3681,0,pt,0,,0.0,0.0
7_2800,0,pt,0,,0.0,0.0
12_3301,0,pt,0,,0.0,0.0
14_3623,0,pt,0,,0.0,0.0
49_1470,0,pt,0,,0.0,0.0
4_2231,0,pt,0,,0.0,0.0
4_2344,0,pt,0,,0.0,0.0
42_0188,0,pt,0,,0.0,0.0
42_0491,0,pt,0,,0.0,0.0
12_3194,0,pt,0,,0.0,0.0
5_2544,0,pt,0,,0.0,0.0
42_0417,0,pt,0,,0.0,0.0
47_1172,0,pt,0,,0.0,0.0
3_2053,0,pt,0,,0.0,0.0
49_1413,0,pt,0,,0.0,0.0
4_2330,0,pt,0,,0.0,0.0
4_2257,0,pt,0,,0.0,0.0
4_2284,0,pt,0,,0.0,0.0
6_2628,0,pt,0,,0.0,0.0
3_2171,0,pt,0,,0.0,0.0
42_0307,0,pt,0,,0.0,0.0
10_3143,0,pt,0,,0.0,0.0
2_1961,0,pt,0,,0.0,0.0
12_3283,0,pt,0,,0.0,0.0
42_0086,0,pt,0,,0.0,0.0
7_2921,0,pt,0,,0.0,0.0
45_682,0,pt,0,,0.0,0.0
6_2622,0,pt,0,,0.0,0.0
16_3824,0,pt,0,,0.0,0.0
13_3534,0,pt,0,,0.0,0.0
42_0051,0,pt,0,,0.0,0.0
3_2050,0,pt,0,,0.0,0.0
49_1562,0,pt,0,,0.0,0.0
42_0579,0,pt,0,,0.0,0.0
45_609,0,pt,0,,0.0,0.0
3_2029,0,pt,0,,0.0,0.0
16_4019,0,pt,0,,0.0,0.0
47_1120,0,pt,0,,0.0,0.0
13_3583,0,pt,0,,0.0,0.0
5_2577,0,pt,0,,0.0,0.0
42_0541,0,pt,0,,0.0,0.0
2_2016,0,pt,0,,0.0,0.0
42_0304,0,pt,0,,0.0,0.0
16_3877,0,pt,0,,0.0,0.0
3_2028,0,pt,0,,0.0,0.0
48_1279,0,pt,0,,0.0,0.0
6_2748,0,pt,0,,0.0,0.0
7_2902,0,pt,0,,0.0,0.0
42_0576,0,pt,0,,0.0,0.0
7_2850,0,pt,0,,0.0,0.0
45_671,0,pt,0,,0.0,0.0
42_0089,0,pt,0,,0.0,0.0
2_2004,0,pt,0,,0.0,0.0
49_1387,0,pt,0,,0.0,0.0
10_3120,0,pt,0,,0.0,0.0
14_3611,0,pt,0,,0.0,0.0
16_3874,0,pt,0,,0.0,0.0
49_1422,0,pt,0,,0.0,0.0
42_0378,0,pt,0,,0.0,0.0
4_2406,0,pt,0,,0.0,0.0
45_756,0,pt,0,,0.0,0.0
45_659,0,pt,0,,0.0,0.0
13_3526,0,pt,0,,0.0,0.0
5_2548,0,pt,0,,0.0,0.0
12_3291,0,pt,0,,0.0,0.0
46_0804,0,pt,0,,0.0,0.0
5_2582,0,pt,0,,0.0,0.0
10_3050,0,pt,0,,0.0,0.0
12_3233,0,pt,0,,0.0,0.0
50_1620,0,pt,0,,0.0,0.0
5_2598,0,pt,0,,0.0,0.0
42_0282,0,pt,0,,0.0,0.0
16_3811,0,pt,0,,0.0,0.0
46_0911,0,pt,0,,0.0,0.0
7_2858,0,pt,0,,0.0,0.0
10_3096,0,pt,0,,0.0,0.0
7_2818,0,pt,0,,0.0,0.0
4_2234,0,pt,0,,0.0,0.0
13_3466,0,pt,0,,0.0,0.0
10_3116,0,pt,0,,0.0,0.0
50_1684,0,pt,0,,0.0,0.0
2_1821,0,pt,0,,0.0,0.0
46_0800,0,pt,0,,0.0,0.0
2_1829,0,pt,0,,0.0,0.0
49_1504,0,pt,0,,0.0,0.0
16_3982,0,pt,0,,0.0,0.0
16_3802,0,pt,0,,0.0,0.0
42_0301,0,pt,0,,0.0,0.0
46_0854,0,pt,0,,0.0,0.0
46_0852,0,pt,0,,0.0,0.0
6_2624,0,pt,0,,0.0,0.0
12_3316,0,pt,0,,0.0,0.0
48_1241,0,pt,0,,0.0,0.0
48_1371,0,pt,0,,0.0,0.0
10_3092,0,pt,0,,0.0,0.0
45_661,0,pt,0,,0.0,0.0
10_3026,0,pt,0,,0.0,0.0
13_3437,0,pt,0,,0.0,0.0
5_2482,0,pt,0,,0.0,0.0
2_1919,0,pt,0,,0.0,0.0
4_2289,0,pt,0,,0.0,0.0
16_3986,0,pt,0,,0.0,0.0
47_1111,0,pt,0,,0.0,0.0
10_3118,0,pt,0,,0.0,0.0
45_630,0,pt,0,,0.0,0.0
42_0013,0,pt,0,,0.0,0.0
5_2430,0,pt,0,,0.0,0.0
6_2773,0,pt,0,,0.0,0.0
14_3685,0,pt,0,,0.0,0.0
42_0117,0,pt,0,,0.0,0.0
10_3163,0,pt,0,,0.0,0.0
2_1807,0,pt,0,,0.0,0.0
48_1324,0,pt,0,,0.0,0.0
10_3097,0,pt,0,,0.0,0.0
14_3659,0,pt,0,,0.0,0.0
46_0946,0,pt,0,,0.0,0.0
6_2757,0,pt,0,,0.0,0.0
14_3709,0,pt,0,,0.0,0.0
10_2996,0,pt,0,,0.0,0.0
4_2322,0,pt,0,,0.0,0.0
45_728,0,pt,0,,0.0,0.0
45_731,0,pt,0,,0.0,0.0
42_0065,0,pt,0,,0.0,0.0
14_3663,0,pt,0,,0.0,0.0
16_4036,0,pt,0,,0.0,0.0
7_2890,0,pt,0,,0.0,0.0
48_1335,0,pt,0,,0.0,0.0
46_0982,0,pt,0,,0.0,0.0
46_0841,0,pt,0,,0.0,0.0
16_3951,0,pt,0,,0.0,0.0
7_2796,0,pt,0,,0.0,0.0
16_4078,0,pt,0,,0.0,0.0
14_3672,0,pt,0,,0.0,0.0
5_2447,0,pt,0,,0.0,0.0
2_1930,0,pt,0,,0.0,0.0
2_1995,0,pt,0,,0.0,0.0
48_1365,0,pt,0,,0.0,0.0
42_0183,0,pt,0,,0.0,0.0
7_2844,0,pt,0,,0.0,0.0
42_0467,0,pt,0,,0.0,0.0
49_1539,0,pt,0,,0.0,0.0
7_2940,0,pt,0,,0.0,0.0
46_0934,0,pt,0,,0.0,0.0
10_3032,0,pt,0,,0.0,0.0
5_2478,0,pt,0,,0.0,0.0
48_1320,0,pt,0,,0.0,0.0
42_0141,0,pt,0,,0.0,0.0
48_1383,0,pt,0,,0.0,0.0
6_2740,0,pt,0,,0.0,0.0
3_2043,0,pt,0,,0.0,0.0
49_1526,0,pt,0,,0.0,0.0
46_0952,0,pt,0,,0.0,0.0
12_3213,0,pt,0,,0.0,0.0
10_3030,0,pt,0,,0.0,0.0
42_0040,0,pt,0,,0.0,0.0
45_622,0,pt,0,,0.0,0.0
48_1229,0,pt,0,,0.0,0.0
48_1306,0,pt,0,,0.0,0.0
42_0204,0,pt,0,,0.0,0.0
42_0243,0,pt,0,,0.0,0.0
42_0449,0,pt,0,,0.0,0.0
16_3808,0,pt,0,,0.0,0.0
45_733,0,pt,0,,0.0,0.0
5_2498,0,pt,0,,0.0,0.0
42_0539,0,pt,0,,0.0,0.0
6_2776,0,pt,0,,0.0,0.0
47_1055,0,pt,0,,0.0,0.0
10_3168,0,pt,0,,0.0,0.0
42_0363,0,pt,0,,0.0,0.0
16_3901,0,pt,0,,0.0,0.0
50_1781,0,pt,0,,0.0,0.0
2_1983,0,pt,0,,0.0,0.0
46_0862,0,pt,0,,0.0,0.0
13_3423,0,pt,0,,0.0,0.0
12_3250,0,pt,0,,0.0,0.0
16_3944,0,pt,0,,0.0,0.0
50_1764,0,pt,0,,0.0,0.0
10_3041,0,pt,0,,0.0,0.0
45_608,0,pt,0,,0.0,0.0
49_1467,0,pt,0,,0.0,0.0
4_2408,0,pt,0,,0.0,0.0
49_1550,0,pt,0,,0.0,0.0
7_2827,0,pt,0,,0.0,0.0
42_0525,0,pt,0,,0.0,0.0
4_2311,0,pt,0,,0.0,0.0
46_0844,0,pt,0,,0.0,0.0
7_2891,0,pt,0,,0.0,0.0
45_596,0,pt,0,,0.0,0.0
47_1136,0,pt,0,,0.0,0.0
42_0472,0,pt,0,,0.0,0.0
12_3237,0,pt,0,,0.0,0.0
42_0229,0,pt,0,,0.0,0.0
47_1043,0,pt,0,,0.0,0.0
49_1518,0,pt,0,,0.0,0.0
13_3513,0,pt,0,,0.0,0.0
12_3328,0,pt,0,,0.0,0.0
16_4094,0,pt,0,,0.0,0.0
6_2784,0,pt,0,,0.0,0.0
50_1659,0,pt,0,,0.0,0.0
14_3688,0,pt,0,,0.0,0.0
4_2363,0,pt,0,,0.0,0.0
42_0580,0,pt,0,,0.0,0.0
10_3090,0,pt,0,,0.0,0.0
2_1856,0,pt,0,,0.0,0.0
47_1154,0,pt,0,,0.0,0.0
13_3573,0,pt,0,,0.0,0.0
3_2034,0,pt,0,,0.0,0.0
48_1381,0,pt,0,,0.0,0.0
4_2268,0,pt,0,,0.0,0.0
42_0255,0,pt,0,,0.0,0.0
42_0160,0,pt,0,,0.0,0.0
42_0014,0,pt,0,,0.0,0.0
42_0560,0,pt,0,,0.0,0.0
42_0244,0,pt,0,,0.0,0.0
10_3000,0,pt,0,,0.0,0.0
42_0038,0,pt,0,,0.0,0.0
2_1947,0,pt,0,,0.0,0.0
2_1843,0,pt,0,,0.0,0.0
5_2466,0,pt,0,,0.0,0.0
16_4104,0,pt,0,,0.0,0.0
48_1266,0,pt,0,,0.0,0.0
42_0445,0,pt,0,,0.0,0.0
14_3608,0,pt,0,,0.0,0.0
13_3525,0,pt,0,,0.0,0.0
42_0293,0,pt,0,,0.0,0.0
16_3822,0,pt,0,,0.0,0.0
16_3967,0,pt,0,,0.0,0.0
50_1768,0,pt,0,,0.0,0.0
5_2433,0,pt,0,,0.0,0.0
42_0287,0,pt,0,,0.0,0.0
12_3274,0,pt,0,,0.0,0.0
49_1585,0,pt,0,,0.0,0.0
6_2783,0,pt,0,,0.0,0.0
6_2694,0,pt,0,,0.0,0.0
3_2049,0,pt,0,,0.0,0.0
14_3596,0,pt,0,,0.0,0.0
6_2625,0,pt,0,,0.0,0.0
49_1431,0,pt,0,,0.0,0.0
10_3025,0,pt,0,,0.0,0.0
4_2362,0,pt,0,,0.0,0.0
16_4089,0,pt,0,,0.0,0.0
42_0406,0,pt,0,,0.0,0.0
16_4084,0,pt,0,,0.0,0.0
46_0875,0,pt,0,,0.0,0.0
42_0458,0,pt,0,,0.0,0.0
49_1535,0,pt,0,,0.0,0.0
16_4082,0,pt,0,,0.0,0.0
49_1469,0,pt,0,,0.0,0.0
6_2723,0,pt,0,,0.0,0.0
42_0515,0,pt,0,,0.0,0.0
48_1350,0,pt,0,,0.0,0.0
6_2747,0,pt,0,,0.0,0.0
4_2263,0,pt,0,,0.0,0.0
50_1588,0,pt,0,,0.0,0.0
49_1492,0,pt,0,,0.0,0.0
45_618,0,pt,0,,0.0,0.0
7_2865,0,pt,0,,0.0,0.0
42_0513,0,pt,0,,0.0,0.0
14_3731,0,pt,0,,0.0,0.0
42_0401,0,pt,0,,0.0,0.0
46_0799,0,pt,0,,0.0,0.0
46_0795,0,pt,0,,0.0,0.0
45_669,0,pt,0,,0.0,0.0
6_2689,0,pt,0,,0.0,0.0
16_3996,0,pt,0,,0.0,0.0
10_3077,0,pt,0,,0.0,0.0
45_761,0,pt,0,,0.0,0.0
2_1826,0,pt,0,,0.0,0.0
10_3158,0,pt,0,,0.0,0.0
10_3174,0,pt,0,,0.0,0.0
42_0046,0,pt,0,,0.0,0.0
12_3263,0,pt,0,,0.0,0.0
46_0907,0,pt,0,,0.0,0.0
4_2240,0,pt,0,,0.0,0.0
10_3004,0,pt,0,,0.0,0.0
49_1509,0,pt,0,,0.0,0.0
42_0240,0,pt,0,,0.0,0.0
16_3940,0,pt,0,,0.0,0.0
4_2358,0,pt,0,,0.0,0.0
5_2583,0,pt,0,,0.0,0.0
46_0950,0,pt,0,,0.0,0.0
50_1722,0,pt,0,,0.0,0.0
13_3523,0,pt,0,,0.0,0.0
2_1988,0,pt,0,,0.0,0.0
45_749,0,pt,0,,0.0,0.0
16_4112,0,pt,0,,0.0,0.0
46_0956,0,pt,0,,0.0,0.0
42_0404,0,pt,0,,0.0,0.0
3_2204,0,pt,0,,0.0,0.0
14_3719,0,pt,0,,0.0,0.0
45_675,0,pt,0,,0.0,0.0
16_3761,0,pt,0,,0.0,0.0
48_1208,0,pt,0,,0.0,0.0
49_1396,0,pt,0,,0.0,0.0
5_2534,0,pt,0,,0.0,0.0
16_4085,0,pt,0,,0.0,0.0
42_0137,0,pt,0,,0.0,0.0
46_0877,0,pt,0,,0.0,0.0
2_1968,0,pt,0,,0.0,0.0
46_0939,0,pt,0,,0.0,0.0
10_2978,0,pt,0,,0.0,0.0
16_4107,0,pt,0,,0.0,0.0
48_1294,0,pt,0,,0.0,0.0
14_3597,0,pt,0,,0.0,0.0
16_3832,0,pt,0,,0.0,0.0
42_0180,0,pt,0,,0.0,0.0
7_2915,0,pt,0,,0.0,0.0
14_3609,0,pt,0,,0.0,0.0
16_3765,0,pt,0,,0.0,0.0
13_3551,0,pt,0,,0.0,0.0
6_2684,0,pt,0,,0.0,0.0
48_1204,0,pt,0,,0.0,0.0
3_2174,0,pt,0,,0.0,0.0
50_1772,0,pt,0,,0.0,0.0
47_1142,0,pt,0,,0.0,0.0
2_1841,0,pt,0,,0.0,0.0
49_1546,0,pt,0,,0.0,0.0
16_4079,0,pt,0,,0.0,0.0
49_1391,0,pt,0,,0.0,0.0
48_1258,0,pt,0,,0.0,0.0
46_0791,0,pt,0,,0.0,0.0
10_3091,0,pt,0,,0.0,0.0
49_1472,0,pt,0,,0.0,0.0
4_2254,0,pt,0,,0.0,0.0
6_2604,0,pt,0,,0.0,0.0
47_1083,0,pt,0,,0.0,0.0
48_1330,0,pt,0,,0.0,0.0
42_0158,0,pt,0,,0.0,0.0
3_2142,0,pt,0,,0.0,0.0
3_2143,0,pt,0,,0.0,0.0
16_3980,0,pt,0,,0.0,0.0
48_1280,0,pt,0,,0.0,0.0
42_0275,0,pt,0,,0.0,0.0
3_2039,0,pt,0,,0.0,0.0
13_3481,0,pt,0,,0.0,0.0
42_0552,0,pt,0,,0.0,0.0
47_1017,0,pt,0,,0.0,0.0
10_3124,0,pt,0,,0.0,0.0
45_648,0,pt,0,,0.0,0.0
45_652,0,pt,0,,0.0,0.0
50_1731,0,pt,0,,0.0,0.0
49_1404,0,pt,0,,0.0,0.0
46_0949,0,pt,0,,0.0,0.0
42_0294,0,pt,0,,0.0,0.0
46_0976,0,pt,0,,0.0,0.0
42_0322,0,pt,0,,0.0,0.0
42_0339,0,pt,0,,0.0,0.0
16_4011,0,pt,0,,0.0,0.0
7_2939,0,pt,0,,0.0,0.0
16_3925,0,pt,0,,0.0,0.0
13_3545,0,pt,0,,0.0,0.0
6_2769,0,pt,0,,0.0,0.0
16_3888,0,pt,0,,0.0,0.0
3_2207,0,pt,0,,0.0,0.0
16_3854,0,pt,0,,0.0,0.0
49_1409,0,pt,0,,0.0,0.0
5_2601,0,pt,0,,0.0,0.0
12_3388,0,pt,0,,0.0,0.0
3_2125,0,pt,0,,0.0,0.0
47_1100,0,pt,0,,0.0,0.0
12_3364,0,pt,0,,0.0,0.0
3_2108,0,pt,0,,0.0,0.0
47_1129,0,pt,0,,0.0,0.0
6_2736,0,pt,0,,0.0,0.0
5_2435,0,pt,0,,0.0,0.0
16_3917,0,pt,0,,0.0,0.0
10_3073,0,pt,0,,0.0,0.0
14_3621,0,pt,0,,0.0,0.0
5_2581,0,pt,0,,0.0,0.0
48_1209,0,pt,0,,0.0,0.0
50_1604,0,pt,0,,0.0,0.0
50_1735,0,pt,0,,0.0,0.0
42_0447,0,pt,0,,0.0,0.0
16_3897,0,pt,0,,0.0,0.0
10_3164,0,pt,0,,0.0,0.0
10_3095,0,pt,0,,0.0,0.0
6_2633,0,pt,0,,0.0,0.0
50_1644,0,pt,0,,0.0,0.0
50_1655,0,pt,0,,0.0,0.0
16_3995,0,pt,0,,0.0,0.0
6_2646,0,pt,0,,0.0,0.0
46_0888,0,pt,0,,0.0,0.0
48_1198,0,pt,0,,0.0,0.0
7_2815,0,pt,0,,0.0,0.0
6_2749,0,pt,0,,0.0,0.0
48_1368,0,pt,0,,0.0,0.0
5_2449,0,pt,0,,0.0,0.0
42_0412,0,pt,0,,0.0,0.0
10_3107,0,pt,0,,0.0,0.0
12_3357,0,pt,0,,0.0,0.0
45_688,0,pt,0,,0.0,0.0
16_3796,0,pt,0,,0.0,0.0
4_2310,0,pt,0,,0.0,0.0
50_1674,0,pt,0,,0.0,0.0
50_1602,0,pt,0,,0.0,0.0
48_1327,0,pt,0,,0.0,0.0
47_1081,0,pt,0,,0.0,0.0
16_3867,0,pt,0,,0.0,0.0
16_4071,0,pt,0,,0.0,0.0
4_2360,0,pt,0,,0.0,0.0
47_1039,0,pt,0,,0.0,0.0
3_2212,0,pt,0,,0.0,0.0
14_3635,0,pt,0,,0.0,0.0
47_1068,0,pt,0,,0.0,0.0
50_1723,0,pt,0,,0.0,0.0
2_1872,0,pt,0,,0.0,0.0
47_1030,0,pt,0,,0.0,0.0
7_2887,0,pt,0,,0.0,0.0
12_3205,0,pt,0,,0.0,0.0
4_2232,0,pt,0,,0.0,0.0
16_3985,0,pt,0,,0.0,0.0
42_0549,0,pt,0,,0.0,0.0
45_767,0,pt,0,,0.0,0.0
6_2634,0,pt,0,,0.0,0.0
47_1114,0,pt,0,,0.0,0.0
16_3830,0,pt,0,,0.0,0.0
48_1255,0,pt,0,,0.0,0.0
7_2864,0,pt,0,,0.0,0.0
46_0798,0,pt,0,,0.0,0.0
46_0838,0,pt,0,,0.0,0.0
47_1123,0,pt,0,,0.0,0.0
46_0918,0,pt,0,,0.0,0.0
5_2434,0,pt,0,,0.0,0.0
49_1541,0,pt,0,,0.0,0.0
5_2441,0,pt,0,,0.0,0.0
7_2822,0,pt,0,,0.0,0.0
16_3800,0,pt,0,,0.0,0.0
16_3936,0,pt,0,,0.0,0.0
7_2841,0,pt,0,,0.0,0.0
42_0425,0,pt,0,,0.0,0.0
2_1974,0,pt,0,,0.0,0.0
42_0395,0,pt,0,,0.0,0.0
3_2062,0,pt,0,,0.0,0.0
50_1596,0,pt,0,,0.0,0.0
42_0507,0,pt,0,,0.0,0.0
50_1776,0,pt,0,,0.0,0.0
5_2555,0,pt,0,,0.0,0.0
2_1934,0,pt,0,,0.0,0.0
5_2595,0,pt,0,,0.0,0.0
14_3610,0,pt,0,,0.0,0.0
45_709,0,pt,0,,0.0,0.0
42_0470,0,pt,0,,0.0,0.0
45_701,0,pt,0,,0.0,0.0
42_0159,0,pt,0,,0.0,0.0
16_4003,0,pt,0,,0.0,0.0
42_0075,0,pt,0,,0.0,0.0
6_2762,0,pt,0,,0.0,0.0
5_2560,0,pt,0,,0.0,0.0
42_0451,0,pt,0,,0.0,0.0
48_1268,0,pt,0,,0.0,0.0
50_1727,0,pt,0,,0.0,0.0
16_3963,0,pt,0,,0.0,0.0
10_3023,0,pt,0,,0.0,0.0
42_0032,0,pt,0,,0.0,0.0
5_2519,0,pt,0,,0.0,0.0
13_3479,0,pt,0,,0.0,0.0
14_3694,0,pt,0,,0.0,0.0
42_0373,0,pt,0,,0.0,0.0
42_0094,0,pt,0,,0.0,0.0
48_1197,0,pt,0,,0.0,0.0
6_2685,0,pt,0,,0.0,0.0
6_2652,0,pt,0,,0.0,0.0
50_1625,0,pt,0,,0.0,0.0
49_1520,0,pt,0,,0.0,0.0
49_1440,0,pt,0,,0.0,0.0
7_2835,0,pt,0,,0.0,0.0
2_1985,0,pt,0,,0.0,0.0
4_2325,0,pt,0,,0.0,0.0
2_1918,0,pt,0,,0.0,0.0
2_1938,0,pt,0,,0.0,0.0
6_2710,0,pt,0,,0.0,0.0
7_2878,0,pt,0,,0.0,0.0
47_1171,0,pt,0,,0.0,0.0
46_0970,0,pt,0,,0.0,0.0
42_0528,0,pt,0,,0.0,0.0
42_0353,0,pt,0,,0.0,0.0
6_2700,0,pt,0,,0.0,0.0
46_0790,0,pt,0,,0.0,0.0
46_0997,0,pt,0,,0.0,0.0
50_1687,0,pt,0,,0.0,0.0
3_2121,0,pt,0,,0.0,0.0
5_2510,0,pt,0,,0.0,0.0
6_2702,0,pt,0,,0.0,0.0
47_1156,0,pt,0,,0.0,0.0
2_1877,0,pt,0,,0.0,0.0
12_3219,0,pt,0,,0.0,0.0
10_3057,0,pt,0,,0.0,0.0
7_2946,0,pt,0,,0.0,0.0
46_0977,0,pt,0,,0.0,0.0
50_1627,0,pt,0,,0.0,0.0
42_0009,0,pt,0,,0.0,0.0
12_3286,0,pt,0,,0.0,0.0
16_3935,0,pt,0,,0.0,0.0
42_0465,0,pt,0,,0.0,0.0
7_2791,0,pt,0,,0.0,0.0
45_678,0,pt,0,,0.0,0.0
2_1882,0,pt,0,,0.0,0.0
50_1784,0,pt,0,,0.0,0.0
48_1232,0,pt,0,,0.0,0.0
13_3517,0,pt,0,,0.0,0.0
42_0184,0,pt,0,,0.0,0.0
14_3599,0,pt,0,,0.0,0.0
46_0909,0,pt,0,,0.0,0.0
49_1462,0,pt,0,,0.0,0.0
42_0104,0,pt,0,,0.0,0.0
50_1753,0,pt,0,,0.0,0.0
13_3420,0,pt,0,,0.0,0.0
42_0042,0,pt,0,,0.0,0.0
49_1484,0,pt,0,,0.0,0.0
50_1746,0,pt,0,,0.0,0.0
42_0379,0,pt,0,,0.0,0.0
12_3198,0,pt,0,,0.0,0.0
13_3458,0,pt,0,,0.0,0.0
50_1689,0,pt,0,,0.0,0.0
49_1487,0,pt,0,,0.0,0.0
45_744,0,pt,0,,0.0,0.0
42_0037,0,pt,0,,0.0,0.0
7_2868,0,pt,0,,0.0,0.0
13_3440,0,pt,0,,0.0,0.0
14_3684,0,pt,0,,0.0,0.0
48_1216,0,pt,0,,0.0,0.0
42_0330,0,pt,0,,0.0,0.0
5_2540,0,pt,0,,0.0,0.0
4_2392,0,pt,0,,0.0,0.0
3_2206,0,pt,0,,0.0,0.0
48_1369,0,pt,0,,0.0,0.0
47_1173,0,pt,0,,0.0,0.0
13_3528,0,pt,0,,0.0,0.0
4_2394,0,pt,0,,0.0,0.0
42_0358,0,pt,0,,0.0,0.0
42_0464,0,pt,0,,0.0,0.0
47_1066,0,pt,0,,0.0,0.0
2_1987,0,pt,0,,0.0,0.0
3_2082,0,pt,0,,0.0,0.0
6_2726,0,pt,0,,0.0,0.0
16_3943,0,pt,0,,0.0,0.0
49_1536,0,pt,0,,0.0,0.0
46_0842,0,pt,0,,0.0,0.0
16_3939,0,pt,0,,0.0,0.0
4_2388,0,pt,0,,0.0,0.0
10_3017,0,pt,0,,0.0,0.0
16_3890,0,pt,0,,0.0,0.0
13_3570,0,pt,0,,0.0,0.0
42_0252,0,pt,0,,0.0,0.0
49_1515,0,pt,0,,0.0,0.0
42_0533,0,pt,0,,0.0,0.0
49_1508,0,pt,0,,0.0,0.0
42_0010,0,pt,0,,0.0,0.0
2_1849,0,pt,0,,0.0,0.0
7_2898,0,pt,0,,0.0,0.0
42_0426,0,pt,0,,0.0,0.0
3_2191,0,pt,0,,0.0,0.0
45_769,0,pt,0,,0.0,0.0
42_0061,0,pt,0,,0.0,0.0
6_2781,0,pt,0,,0.0,0.0
46_0985,0,pt,0,,0.0,0.0
7_2848,0,pt,0,,0.0,0.0
12_3201,0,pt,0,,0.0,0.0
7_2948,0,pt,0,,0.0,0.0
10_2992,0,pt,0,,0.0,0.0
48_1386,0,pt,0,,0.0,0.0
50_1633,0,pt,0,,0.0,0.0
42_0446,0,pt,0,,0.0,0.0
42_0453,0,pt,0,,0.0,0.0
4_2228,0,pt,0,,0.0,0.0
2_1808,0,pt,0,,0.0,0.0
16_3751,0,pt,0,,0.0,0.0
3_2065,0,pt,0,,0.0,0.0
5_2486,0,pt,0,,0.0,0.0
16_3799,0,pt,0,,0.0,0.0
50_1749,0,pt,0,,0.0,0.0
49_1575,0,pt,0,,0.0,0.0
7_2838,0,pt,0,,0.0,0.0
3_2116,0,pt,0,,0.0,0.0
50_1608,0,pt,0,,0.0,0.0
6_2733,0,pt,0,,0.0,0.0
50_1671,0,pt,0,,0.0,0.0
5_2464,0,pt,0,,0.0,0.0
47_1147,0,pt,0,,0.0,0.0
50_1777,0,pt,0,,0.0,0.0
16_4070,0,pt,0,,0.0,0.0
16_4043,0,pt,0,,0.0,0.0
3_2180,0,pt,0,,0.0,0.0
42_0521,0,pt,0,,0.0,0.0
42_0138,0,pt,0,,0.0,0.0
49_1463,0,pt,0,,0.0,0.0
5_2564,0,pt,0,,0.0,0.0
14_3670,0,pt,0,,0.0,0.0
16_3999,0,pt,0,,0.0,0.0
2_1839,0,pt,0,,0.0,0.0
5_2421,0,pt,0,,0.0,0.0
12_3312,0,pt,0,,0.0,0.0
16_3836,0,pt,0,,0.0,0.0
45_747,0,pt,0,,0.0,0.0
12_3236,0,pt,0,,0.0,0.0
7_2967,0,pt,0,,0.0,0.0
13_3435,0,pt,0,,0.0,0.0
6_2720,0,pt,0,,0.0,0.0
47_1023,0,pt,0,,0.0,0.0
45_735,0,pt,0,,0.0,0.0
10_3085,0,pt,0,,0.0,0.0
47_1061,0,pt,0,,0.0,0.0
13_3500,0,pt,0,,0.0,0.0
13_3559,0,pt,0,,0.0,0.0
46_0834,0,pt,0,,0.0,0.0
49_1577,0,pt,0,,0.0,0.0
10_3162,0,pt,0,,0.0,0.0
10_3058,0,pt,0,,0.0,0.0
12_3255,0,pt,0,,0.0,0.0
42_0452,0,pt,0,,0.0,0.0
42_0231,0,pt,0,,0.0,0.0
46_0917,0,pt,0,,0.0,0.0
12_3295,0,pt,0,,0.0,0.0
47_1011,0,pt,0,,0.0,0.0
48_1196,0,pt,0,,0.0,0.0
7_2917,0,pt,0,,0.0,0.0
50_1639,0,pt,0,,0.0,0.0
49_1491,0,pt,0,,0.0,0.0
42_0025,0,pt,0,,0.0,0.0
47_1048,0,pt,0,,0.0,0.0
48_1347,0,pt,0,,0.0,0.0
4_2274,0,pt,0,,0.0,0.0
47_1082,0,pt,0,,0.0,0.0
2_1860,0,pt,0,,0.0,0.0
10_3082,0,pt,0,,0.0,0.0
5_2439,0,pt,0,,0.0,0.0
6_2687,0,pt,0,,0.0,0.0
42_0444,0,pt,0,,0.0,0.0
12_3322,0,pt,0,,0.0,0.0
14_3606,0,pt,0,,0.0,0.0
47_1194,0,pt,0,,0.0,0.0
42_0381,0,pt,0,,0.0,0.0
6_2682,0,pt,0,,0.0,0.0
45_666,0,pt,0,,0.0,0.0
12_3337,0,pt,0,,0.0,0.0
3_2128,0,pt,0,,0.0,0.0
6_2660,0,pt,0,,0.0,0.0
48_1281,0,pt,0,,0.0,0.0
45_613,0,pt,0,,0.0,0.0
3_2137,0,pt,0,,0.0,0.0
49_1450,0,pt,0,,0.0,0.0
46_0981,0,pt,0,,0.0,0.0
42_0157,0,pt,0,,0.0,0.0
42_0345,0,pt,0,,0.0,0.0
12_3298,0,pt,0,,0.0,0.0
10_3131,0,pt,0,,0.0,0.0
12_3326,0,pt,0,,0.0,0.0
16_3840,0,pt,0,,0.0,0.0
42_0493,0,pt,0,,0.0,0.0
13_3469,0,pt,0,,0.0,0.0
4_2357,0,pt,0,,0.0,0.0
7_2961,0,pt,0,,0.0,0.0
42_0466,0,pt,0,,0.0,0.0
42_0024,0,pt,0,,0.0,0.0
3_2201,0,pt,0,,0.0,0.0
4_2387,0,pt,0,,0.0,0.0
13_3509,0,pt,0,,0.0,0.0
49_1493,0,pt,0,,0.0,0.0
42_0503,0,pt,0,,0.0,0.0
10_3117,0,pt,0,,0.0,0.0
12_3191,0,pt,0,,0.0,0.0
42_0413,0,pt,0,,0.0,0.0
7_2862,0,pt,0,,0.0,0.0
5_2523,0,pt,0,,0.0,0.0
10_3156,0,pt,0,,0.0,0.0
42_0056,0,pt,0,,0.0,0.0
46_1005,0,pt,0,,0.0,0.0
49_1530,0,pt,0,,0.0,0.0
16_3849,0,pt,0,,0.0,0.0
13_3515,0,pt,0,,0.0,0.0
7_2883,0,pt,0,,0.0,0.0
16_3952,0,pt,0,,0.0,0.0
50_1726,0,pt,0,,0.0,0.0
49_1574,0,pt,0,,0.0,0.0
16_4101,0,pt,0,,0.0,0.0
2_1832,0,pt,0,,0.0,0.0
10_3111,0,pt,0,,0.0,0.0
14_3613,0,pt,0,,0.0,0.0
2_1920,0,pt,0,,0.0,0.0
5_2569,0,pt,0,,0.0,0.0
5_2538,0,pt,0,,0.0,0.0
47_1020,0,pt,0,,0.0,0.0
42_0058,0,pt,0,,0.0,0.0
2_1912,0,pt,0,,0.0,0.0
48_1264,0,pt,0,,0.0,0.0
45_757,0,pt,0,,0.0,0.0
4_2279,0,pt,0,,0.0,0.0
10_2995,0,pt,0,,0.0,0.0
10_3074,0,pt,0,,0.0,0.0
46_0872,0,pt,0,,0.0,0.0
48_1247,0,pt,0,,0.0,0.0
42_0004,0,pt,0,,0.0,0.0
4_2400,0,pt,0,,0.0,0.0
16_4093,0,pt,0,,0.0,0.0
49_1475,0,pt,0,,0.0,0.0
50_1640,0,pt,0,,0.0,0.0
50_1711,0,pt,0,,0.0,0.0
47_1028,0,pt,0,,0.0,0.0
49_1551,0,pt,0,,0.0,0.0
45_698,0,pt,0,,0.0,0.0
46_0814,0,pt,0,,0.0,0.0
47_1031,0,pt,0,,0.0,0.0
7_2790,0,pt,0,,0.0,0.0
42_0218,0,pt,0,,0.0,0.0
46_0943,0,pt,0,,0.0,0.0
47_1018,0,pt,0,,0.0,0.0
14_3702,0,pt,0,,0.0,0.0
50_1714,0,pt,0,,0.0,0.0
42_0201,0,pt,0,,0.0,0.0
42_0518,0,pt,0,,0.0,0.0
47_1026,0,pt,0,,0.0,0.0
45_672,0,pt,0,,0.0,0.0
48_1228,0,pt,0,,0.0,0.0
6_2679,0,pt,0,,0.0,0.0
10_3138,0,pt,0,,0.0,0.0
42_0280,0,pt,0,,0.0,0.0
6_2754,0,pt,0,,0.0,0.0
47_1038,0,pt,0,,0.0,0.0
6_2671,0,pt,0,,0.0,0.0
5_2587,0,pt,0,,0.0,0.0
42_0230,0,pt,0,,0.0,0.0
46_0959,0,pt,0,,0.0,0.0
12_3368,0,pt,0,,0.0,0.0
42_0324,0,pt,0,,0.0,0.0
42_0343,0,pt,0,,0.0,0.0
16_4004,0,pt,0,,0.0,0.0
5_2596,0,pt,0,,0.0,0.0
6_2608,0,pt,0,,0.0,0.0
47_1188,0,pt,0,,0.0,0.0
5_2556,0,pt,0,,0.0,0.0
16_3852,0,pt,0,,0.0,0.0
7_2867,0,pt,0,,0.0,0.0
2_1998,0,pt,0,,0.0,0.0
42_0043,0,pt,0,,0.0,0.0
42_0561,0,pt,0,,0.0,0.0
5_2563,0,pt,0,,0.0,0.0
49_1417,0,pt,0,,0.0,0.0
3_2193,0,pt,0,,0.0,0.0
49_1567,0,pt,0,,0.0,0.0
5_2496,0,pt,0,,0.0,0.0
49_1433,0,pt,0,,0.0,0.0
3_2110,0,pt,0,,0.0,0.0
2_1929,0,pt,0,,0.0,0.0
6_2699,0,pt,0,,0.0,0.0
46_0792,0,pt,0,,0.0,0.0
48_1314,0,pt,0,,0.0,0.0
6_2772,0,pt,0,,0.0,0.0
42_0150,0,pt,0,,0.0,0.0
16_3876,0,pt,0,,0.0,0.0
42_0372,0,pt,0,,0.0,0.0
10_3035,0,pt,0,,0.0,0.0
46_0821,0,pt,0,,0.0,0.0
48_1319,0,pt,0,,0.0,0.0
12_3382,0,pt,0,,0.0,0.0
47_1176,0,pt,0,,0.0,0.0
45_703,0,pt,0,,0.0,0.0
10_2981,0,pt,0,,0.0,0.0
10_3114,0,pt,0,,0.0,0.0
12_3281,0,pt,0,,0.0,0.0
13_3524,0,pt,0,,0.0,0.0
48_1235,0,pt,0,,0.0,0.0
4_2368,0,pt,0,,0.0,0.0
48_1361,0,pt,0,,0.0,0.0
42_0007,0,pt,0,,0.0,0.0
3_2042,0,pt,0,,0.0,0.0
7_2795,0,pt,0,,0.0,0.0
50_1598,0,pt,0,,0.0,0.0
49_1489,0,pt,0,,0.0,0.0
5_2428,0,pt,0,,0.0,0.0
2_1900,0,pt,0,,0.0,0.0
16_4096,0,pt,0,,0.0,0.0
5_2473,0,pt,0,,0.0,0.0
49_1544,0,pt,0,,0.0,0.0
14_3677,0,pt,0,,0.0,0.0
16_3921,0,pt,0,,0.0,0.0
10_3036,0,pt,0,,0.0,0.0
45_680,0,pt,0,,0.0,0.0
48_1201,0,pt,0,,0.0,0.0
14_3650,0,pt,0,,0.0,0.0
45_748,0,pt,0,,0.0,0.0
42_0318,0,pt,0,,0.0,0.0
5_2594,0,pt,0,,0.0,0.0
2_1813,0,pt,0,,0.0,0.0
50_1607,0,pt,0,,0.0,0.0
48_1333,0,pt,0,,0.0,0.0
14_3726,0,pt,0,,0.0,0.0
12_3318,0,pt,0,,0.0,0.0
16_3773,0,pt,0,,0.0,0.0
42_0367,0,pt,0,,0.0,0.0
13_3550,0,pt,0,,0.0,0.0
42_0169,0,pt,0,,0.0,0.0
